DROP DATABASE IF EXISTS `droneportation`;
CREATE DATABASE  IF NOT EXISTS `droneportation` /*!40100 DEFAULT CHARACTER SET utf8mb4 COLLATE utf8mb4_0900_ai_ci */ /*!80016 DEFAULT ENCRYPTION='N' */;
USE `droneportation`;
-- MySQL dump 10.13  Distrib 8.0.21, for Win64 (x86_64)
-- CVTC Fall 2021, Database 1 Full Backup
-- Shawn Creviston
--
-- Host: localhost    Database: droneportation
-- ------------------------------------------------------
-- Server version	8.0.21

/*!40101 SET @OLD_CHARACTER_SET_CLIENT=@@CHARACTER_SET_CLIENT */;
/*!40101 SET @OLD_CHARACTER_SET_RESULTS=@@CHARACTER_SET_RESULTS */;
/*!40101 SET @OLD_COLLATION_CONNECTION=@@COLLATION_CONNECTION */;
/*!50503 SET NAMES utf8 */;
/*!40103 SET @OLD_TIME_ZONE=@@TIME_ZONE */;
/*!40103 SET TIME_ZONE='+00:00' */;
/*!40014 SET @OLD_UNIQUE_CHECKS=@@UNIQUE_CHECKS, UNIQUE_CHECKS=0 */;
/*!40014 SET @OLD_FOREIGN_KEY_CHECKS=@@FOREIGN_KEY_CHECKS, FOREIGN_KEY_CHECKS=0 */;
/*!40101 SET @OLD_SQL_MODE=@@SQL_MODE, SQL_MODE='NO_AUTO_VALUE_ON_ZERO' */;
/*!40111 SET @OLD_SQL_NOTES=@@SQL_NOTES, SQL_NOTES=0 */;

--
-- Table structure for table `authorizedcategory`
--

DROP TABLE IF EXISTS `authorizedcategory`;
/*!40101 SET @saved_cs_client     = @@character_set_client */;
/*!50503 SET character_set_client = utf8mb4 */;
CREATE TABLE `authorizedcategory` (
  `RemotePilotID` int unsigned NOT NULL,
  `TypeID` tinyint unsigned NOT NULL,
  `AcquiredDate` date DEFAULT NULL,
  `ExpiresDate` date DEFAULT NULL,
  `LicenseDescription` varchar(50) DEFAULT NULL,
  PRIMARY KEY (`RemotePilotID`,`TypeID`)
) ENGINE=InnoDB DEFAULT CHARSET=utf8mb4 COLLATE=utf8mb4_0900_ai_ci;
/*!40101 SET character_set_client = @saved_cs_client */;

--
-- Dumping data for table `authorizedcategory`
--

LOCK TABLES `authorizedcategory` WRITE;
/*!40000 ALTER TABLE `authorizedcategory` DISABLE KEYS */;
INSERT INTO `authorizedcategory` VALUES (1,2,'2020-08-23','2023-08-23','Small UAV'),(2,1,'2020-10-03','2021-10-02','Temp Manned and Unmanned aircraft'),(3,2,'2021-05-16','2023-05-16','Small UAV'),(4,3,'2019-01-29','2021-01-28','Manned and Unmanned aircraft'),(5,3,'2020-05-07','2023-05-07','Large Passenger Aircraft'),(6,1,'2019-01-29','2021-01-28','Large Passenger Aircraft'),(7,3,'2019-09-17','2022-09-16','Manned and Unmanned aircraft'),(8,2,'2020-06-13','2023-06-13','Small UAV'),(9,1,'2021-02-27','2024-02-27','Passenger Aircraft'),(11,3,'2021-07-12','2024-07-11','Manned and Unmanned aircraft'),(12,1,'2021-08-24','2024-08-24','Passenger Aircraft'),(13,3,'2019-09-20','2021-09-18','Manned and Unmanned aircraft');
/*!40000 ALTER TABLE `authorizedcategory` ENABLE KEYS */;
UNLOCK TABLES;

--
-- Table structure for table `drone`
--

DROP TABLE IF EXISTS `drone`;
/*!40101 SET @saved_cs_client     = @@character_set_client */;
/*!50503 SET character_set_client = utf8mb4 */;
CREATE TABLE `drone` (
  `DroneID` smallint unsigned NOT NULL,
  `Color` varchar(15) DEFAULT NULL,
  `AddedOn` date DEFAULT NULL,
  `ModelID` tinyint unsigned NOT NULL,
  PRIMARY KEY (`DroneID`)
) ENGINE=InnoDB DEFAULT CHARSET=utf8mb4 COLLATE=utf8mb4_0900_ai_ci;
/*!40101 SET character_set_client = @saved_cs_client */;

--
-- Dumping data for table `drone`
--

LOCK TABLES `drone` WRITE;
/*!40000 ALTER TABLE `drone` DISABLE KEYS */;
INSERT INTO `drone` VALUES (1,'Red','2019-04-01',1),(2,'Blue','2019-04-01',4),(3,'Black','2019-05-12',3),(4,'Black','2019-05-13',3),(5,'Black Yellow','2019-08-20',6),(6,'Grey','2019-08-20',7),(7,'Brown','2020-02-04',1),(8,'Dark Orange','2020-02-04',6),(9,'Blue','2020-02-04',4),(10,'Green','2020-06-11',9),(11,'Sliver','2020-06-21',8),(12,'White','2020-11-14',8),(14,'Blue','2020-12-12',4),(15,'Grey Blue','2021-03-21',10),(16,'Dark Blue','2021-08-23',11),(17,'Grey Blue','2021-10-18',7);
/*!40000 ALTER TABLE `drone` ENABLE KEYS */;
UNLOCK TABLES;

--
-- Table structure for table `flightreservation`
--

DROP TABLE IF EXISTS `flightreservation`;
/*!40101 SET @saved_cs_client     = @@character_set_client */;
/*!50503 SET character_set_client = utf8mb4 */;
CREATE TABLE `flightreservation` (
  `FlightID` int unsigned NOT NULL AUTO_INCREMENT,
  `PickUpTime` datetime NOT NULL,
  `EstDropOffTime` datetime DEFAULT NULL,
  `ActDropOffTime` datetime DEFAULT NULL,
  `CostPerMile` decimal(5,2) NOT NULL,
  `PickUpLat` decimal(9,6) NOT NULL,
  `PickUpLong` decimal(9,6) NOT NULL,
  `DropOffLat` decimal(9,6) NOT NULL,
  `DropOffLong` decimal(9,6) NOT NULL,
  `TypeID` tinyint unsigned NOT NULL,
  `StatusID` tinyint unsigned NOT NULL,
  `DroneID` smallint unsigned NOT NULL,
  `RemotePilotID` smallint unsigned NOT NULL,
  PRIMARY KEY (`FlightID`)
) ENGINE=InnoDB AUTO_INCREMENT=1705 DEFAULT CHARSET=utf8mb4 COLLATE=utf8mb4_0900_ai_ci;
/*!40101 SET character_set_client = @saved_cs_client */;

--
-- Dumping data for table `flightreservation`
--

LOCK TABLES `flightreservation` WRITE;
/*!40000 ALTER TABLE `flightreservation` DISABLE KEYS */;
INSERT INTO `flightreservation` VALUES (1,'2019-04-05 14:41:00','2019-04-05 19:30:00','2019-04-05 19:22:00',6.18,48.897822,-91.995356,43.329755,-88.365158,2,5,1,4),(2,'2019-04-06 14:19:00','2019-04-06 16:46:00','2019-04-06 16:54:00',5.29,42.962513,-88.970381,44.260556,-92.786076,2,5,1,7),(3,'2019-04-15 22:22:00','2019-04-16 01:59:00','2019-04-16 02:02:00',1.11,45.366628,-87.344100,45.179616,-93.069617,2,5,1,4),(4,'2019-04-16 09:13:00','2019-04-16 11:33:00','2019-04-16 11:28:00',8.13,44.629480,-90.729744,46.462842,-92.496558,2,5,2,1),(5,'2019-04-18 04:04:00','2019-04-18 06:27:00',NULL,2.87,48.456724,-91.662985,46.314903,-90.436531,2,3,2,8),(6,'2019-04-21 12:02:00','2019-04-21 12:46:00','2019-04-21 12:53:00',2.27,47.064992,-87.398920,47.810423,-87.751123,2,5,2,4),(7,'2019-04-22 17:32:00','2019-04-22 20:23:00','2019-04-22 20:21:00',3.81,45.218252,-89.945121,48.619640,-92.066439,2,5,1,7),(8,'2019-04-25 19:44:00','2019-04-26 00:36:00','2019-04-26 00:50:00',7.56,47.260246,-86.044903,45.994749,-92.891547,2,5,2,4),(9,'2019-04-27 16:09:00','2019-04-27 18:50:00','2019-04-27 18:36:00',3.35,46.262540,-90.908701,48.668874,-88.929528,2,5,2,11),(10,'2019-04-29 11:24:00','2019-04-29 15:22:00','2019-04-29 15:26:00',3.43,45.846055,-90.860326,42.160204,-89.618001,2,5,2,3),(11,'2019-04-30 11:25:00','2019-04-30 15:25:00','2019-04-30 15:23:00',4.02,45.751597,-92.267069,43.409863,-87.149479,2,5,2,4),(12,'2019-05-06 18:47:00','2019-05-06 22:04:00','2019-05-06 22:13:00',4.80,43.010440,-88.352751,47.204925,-87.917120,2,5,1,3),(13,'2019-05-07 04:13:00','2019-05-07 10:00:00','2019-05-07 09:54:00',8.50,46.124129,-86.066428,41.295469,-92.323367,2,5,2,13),(14,'2019-05-07 13:28:00','2019-05-07 17:49:00','2019-05-07 17:49:00',1.20,43.794776,-86.161553,47.807905,-91.475816,2,5,1,7),(15,'2019-05-07 16:10:00','2019-05-07 18:17:00','2019-05-07 18:11:00',2.86,47.918819,-90.605198,45.217553,-91.096642,2,5,1,8),(16,'2019-05-09 12:17:00','2019-05-09 16:33:00','2019-05-09 16:33:00',7.15,46.818995,-90.145193,42.817050,-88.479172,2,5,2,13),(17,'2019-05-16 20:33:00','2019-05-16 23:07:00',NULL,1.68,44.646317,-90.533301,47.394544,-88.427376,2,3,1,5),(18,'2019-05-17 12:18:00','2019-05-17 14:34:00','2019-05-17 14:41:00',3.82,43.671678,-93.882572,41.572104,-91.491760,2,5,3,13),(19,'2019-05-22 22:38:00','2019-05-23 00:15:00','2019-05-23 00:16:00',3.18,48.160318,-88.581445,46.611822,-90.196556,2,5,3,8),(20,'2019-05-24 14:56:00','2019-05-24 18:16:00',NULL,6.54,41.941855,-89.413610,45.106384,-87.227250,2,3,1,13),(21,'2019-05-25 00:18:00','2019-05-25 00:31:00','2019-05-25 00:25:00',1.18,43.087215,-89.085924,43.308733,-89.198559,2,5,1,3),(22,'2019-05-26 12:05:00','2019-05-26 16:41:00',NULL,6.02,46.944329,-92.006893,41.132551,-91.316569,2,3,1,1),(23,'2019-05-30 18:18:00','2019-05-30 20:58:00','2019-05-30 20:53:00',5.47,47.886104,-88.832062,46.181378,-91.596926,2,5,2,8),(24,'2019-05-31 11:04:00','2019-05-31 11:39:00','2019-05-31 11:49:00',4.08,48.146395,-91.510515,48.008239,-90.427261,2,5,4,11),(25,'2019-06-01 15:33:00','2019-06-01 21:24:00',NULL,8.15,48.006755,-92.762161,42.168928,-91.868875,2,3,2,11),(26,'2019-06-06 10:56:00','2019-06-06 12:40:00','2019-06-06 12:35:00',5.02,42.570280,-89.582579,42.376268,-92.370924,2,5,3,5),(27,'2019-06-06 19:41:00','2019-06-06 21:35:00','2019-06-06 21:27:00',7.85,44.935285,-88.835996,47.014166,-87.421183,2,5,4,4),(28,'2019-06-08 20:30:00','2019-06-08 21:36:00','2019-06-08 21:37:00',7.52,44.578951,-91.444968,43.038308,-91.473557,2,5,4,11),(29,'2019-06-11 08:56:00','2019-06-11 11:11:00','2019-06-11 11:01:00',2.64,45.917678,-91.239892,48.047509,-91.042782,2,5,2,8),(30,'2019-06-12 18:49:00','2019-06-12 20:07:00','2019-06-12 20:15:00',1.62,43.982514,-90.068828,43.708318,-92.251926,2,5,3,5),(31,'2019-06-13 16:46:00','2019-06-13 18:18:00',NULL,6.47,42.415140,-91.187589,42.816635,-93.354056,2,3,2,5),(32,'2019-06-15 14:36:00','2019-06-15 17:57:00','2019-06-15 17:59:00',2.89,44.804241,-90.074038,41.217085,-88.692458,2,5,2,5),(33,'2019-06-17 12:52:00','2019-06-17 14:26:00','2019-06-17 14:27:00',2.61,46.975428,-91.179080,45.178318,-89.571169,2,5,3,1),(34,'2019-06-18 17:30:00','2019-06-18 19:44:00','2019-06-18 19:49:00',1.56,43.265812,-91.662046,45.892334,-92.552190,2,5,4,4),(35,'2019-06-22 22:57:00','2019-06-23 00:16:00','2019-06-23 00:12:00',7.71,47.209660,-90.794240,46.399819,-92.618185,2,5,1,4),(36,'2019-06-23 12:38:00','2019-06-23 15:11:00','2019-06-23 15:09:00',7.28,45.503732,-86.762877,47.674419,-90.339273,2,5,3,7),(37,'2019-06-27 16:30:00','2019-06-27 20:32:00','2019-06-27 20:50:00',1.34,44.281866,-92.053227,48.888271,-92.398965,2,5,1,11),(38,'2019-07-02 15:20:00','2019-07-02 17:32:00','2019-07-02 17:31:00',4.33,45.288251,-91.659399,47.838254,-90.830534,2,5,3,4),(39,'2019-07-03 13:43:00','2019-07-03 16:52:00','2019-07-03 16:49:00',1.90,43.929735,-93.218326,44.119164,-88.749200,2,5,2,11),(40,'2019-07-04 02:56:00','2019-07-04 05:35:00','2019-07-04 05:45:00',7.30,43.517617,-87.468778,42.103259,-92.077371,2,5,3,4),(41,'2019-07-10 14:21:00','2019-07-10 17:30:00','2019-07-10 17:37:00',5.62,45.650213,-92.404876,43.024984,-88.660452,2,5,3,3),(42,'2019-07-10 16:22:00','2019-07-10 22:49:00',NULL,3.82,48.187528,-89.650570,41.184567,-90.125454,2,3,2,3),(43,'2019-07-11 22:17:00','2019-07-12 00:30:00','2019-07-12 00:27:00',4.60,42.164989,-89.952737,41.741351,-86.435035,2,5,1,13),(44,'2019-07-14 13:20:00','2019-07-14 16:59:00','2019-07-14 17:04:00',2.68,46.381729,-87.464484,41.532393,-86.944585,2,5,4,7),(45,'2019-07-17 13:09:00','2019-07-17 14:39:00','2019-07-17 14:43:00',2.92,42.085347,-87.920503,44.141447,-88.531259,2,5,3,11),(46,'2019-07-19 19:15:00','2019-07-19 21:50:00','2019-07-19 21:58:00',7.27,45.133577,-91.988595,46.656290,-87.752762,2,5,3,3),(47,'2019-07-20 20:35:00','2019-07-20 21:06:00','2019-07-20 21:01:00',3.51,48.593425,-92.804250,48.198473,-93.594882,2,5,3,5),(48,'2019-07-22 14:09:00','2019-07-22 15:01:00',NULL,3.11,43.808265,-91.942606,42.862176,-90.861299,2,3,4,1),(49,'2019-07-23 21:05:00','2019-07-24 00:14:00','2019-07-24 00:12:00',7.55,47.759893,-91.003123,43.704705,-89.467103,2,5,3,5),(50,'2019-07-25 13:56:00','2019-07-25 16:03:00',NULL,1.26,44.580733,-89.067459,46.920507,-87.195091,2,3,4,13),(51,'2019-07-26 17:15:00','2019-07-26 17:35:00','2019-07-26 17:36:00',3.22,42.623310,-89.425930,43.000420,-89.720108,2,5,1,3),(52,'2019-07-31 22:46:00','2019-08-01 02:47:00',NULL,1.40,43.163113,-88.029835,48.361485,-91.103069,2,3,4,8),(53,'2019-08-02 07:36:00','2019-08-02 12:53:00','2019-08-02 12:48:00',4.72,41.248140,-92.525266,47.629251,-89.277949,2,5,4,8),(54,'2019-08-02 13:36:00','2019-08-02 14:46:00','2019-08-02 14:44:00',5.47,43.135875,-86.066483,42.259960,-87.500752,2,5,1,3),(55,'2019-08-04 18:33:00','2019-08-04 21:21:00','2019-08-04 21:33:00',8.23,43.515325,-93.523805,43.834997,-89.253597,2,5,1,7),(56,'2019-08-05 14:02:00','2019-08-05 18:31:00','2019-08-05 18:37:00',1.11,48.092680,-92.439750,43.523207,-86.064711,2,5,4,7),(57,'2019-08-10 16:42:00','2019-08-10 21:42:00','2019-08-10 21:42:00',8.23,48.780537,-89.023745,42.539666,-93.230436,2,5,4,7),(58,'2019-08-13 18:34:00','2019-08-13 22:33:00','2019-08-13 22:37:00',3.99,44.284468,-90.676146,47.765865,-86.142234,2,5,4,13),(59,'2019-08-16 19:49:00','2019-08-16 20:45:00','2019-08-16 20:42:00',8.59,47.301837,-87.605106,46.068960,-87.839883,2,5,3,7),(60,'2019-08-17 21:14:00','2019-08-17 23:15:00',NULL,1.65,45.437304,-92.173530,44.820440,-88.377212,2,3,3,4),(61,'2019-08-18 15:12:00','2019-08-18 18:08:00','2019-08-18 17:55:00',2.09,46.929923,-89.616211,45.129174,-86.505494,2,5,2,11),(62,'2019-08-20 11:20:00','2019-08-20 13:07:00','2019-08-20 13:12:00',4.10,44.469266,-93.415349,41.515458,-93.176665,1,5,6,4),(63,'2019-08-20 12:37:00','2019-08-20 14:51:00','2019-08-20 14:55:00',2.99,44.468509,-90.979867,45.695140,-87.584702,2,5,4,3),(64,'2019-08-20 16:51:00','2019-08-20 21:16:00','2019-08-20 21:18:00',6.41,48.773636,-92.079300,43.282594,-88.349130,2,5,3,4),(65,'2019-08-20 18:32:00','2019-08-20 20:00:00','2019-08-20 20:09:00',2.77,45.013403,-91.957160,47.173992,-93.258562,1,5,6,2),(66,'2019-08-21 07:57:00','2019-08-21 09:16:00','2019-08-21 09:21:00',6.09,41.558010,-86.720431,43.723818,-86.219617,1,5,6,13),(67,'2019-08-22 18:41:00','2019-08-22 20:57:00','2019-08-22 21:01:00',6.97,43.038119,-86.300145,41.384917,-91.174978,1,5,6,7),(68,'2019-08-23 12:03:00','2019-08-23 13:27:00','2019-08-23 13:33:00',5.02,47.184839,-90.924001,45.825478,-87.100607,2,5,5,8),(69,'2019-08-24 16:35:00','2019-08-24 18:56:00','2019-08-24 19:04:00',8.29,43.236094,-91.032913,41.127154,-86.265492,1,5,6,13),(70,'2019-08-24 18:07:00','2019-08-24 18:40:00','2019-08-24 18:46:00',2.54,48.285059,-89.923466,47.527494,-89.592131,1,5,6,2),(71,'2019-08-25 13:03:00','2019-08-25 16:20:00','2019-08-25 16:25:00',5.92,45.754291,-92.676772,41.353268,-88.203345,1,5,6,4),(72,'2019-08-25 14:27:00','2019-08-25 18:16:00','2019-08-25 18:25:00',3.20,45.176125,-87.454462,45.199318,-92.640028,2,5,2,11),(73,'2019-08-25 16:34:00','2019-08-25 20:38:00','2019-08-25 20:42:00',6.82,48.044245,-86.444838,41.643076,-89.450109,1,5,6,4),(74,'2019-08-25 22:27:00','2019-08-25 23:42:00','2019-08-25 23:34:00',5.37,48.213444,-86.982446,46.447438,-87.815470,1,5,6,7),(75,'2019-08-26 08:52:00','2019-08-26 10:06:00','2019-08-26 10:10:00',5.78,43.954230,-89.691535,45.679638,-91.527205,1,5,6,11),(76,'2019-08-26 13:34:00','2019-08-26 15:39:00','2019-08-26 15:39:00',5.20,46.714764,-90.574960,48.980908,-88.370578,2,5,4,3),(77,'2019-08-26 20:25:00','2019-08-26 21:40:00','2019-08-26 21:37:00',2.85,43.295283,-92.221840,43.004951,-89.309723,1,5,6,2),(78,'2019-08-27 07:07:00','2019-08-27 09:25:00','2019-08-27 09:19:00',5.57,45.252558,-89.997480,48.254927,-93.732924,1,5,6,9),(79,'2019-08-27 07:40:00','2019-08-27 08:56:00','2019-08-27 09:06:00',5.83,45.817416,-90.495462,44.070443,-89.161399,1,5,6,12),(80,'2019-08-27 17:17:00','2019-08-27 19:29:00','2019-08-27 19:37:00',3.03,47.889078,-93.412962,47.267956,-88.421333,1,5,6,5),(81,'2019-08-28 09:39:00','2019-08-28 11:15:00','2019-08-28 11:22:00',8.02,43.359055,-90.855634,41.644667,-92.209766,2,5,4,3),(82,'2019-08-29 17:33:00','2019-08-29 20:27:00','2019-08-29 20:23:00',7.04,43.193737,-93.686074,43.988422,-87.999668,1,5,6,2),(83,'2019-08-30 11:58:00','2019-08-30 15:49:00','2019-08-30 15:45:00',9.49,47.327845,-93.230250,41.865214,-91.983180,1,5,6,5),(84,'2019-08-31 16:18:00','2019-08-31 18:06:00','2019-08-31 18:10:00',4.77,47.757231,-87.587245,44.792081,-86.277858,1,5,6,11),(85,'2019-08-31 20:45:00','2019-08-31 22:23:00','2019-08-31 22:16:00',4.42,45.932094,-92.811195,48.147743,-93.827699,2,5,4,11),(86,'2019-09-01 07:21:00','2019-09-01 10:24:00','2019-09-01 10:16:00',5.31,43.457030,-93.437134,44.443241,-86.472393,1,5,6,9),(87,'2019-09-02 08:35:00','2019-09-02 11:29:00',NULL,2.56,45.624750,-87.833704,41.957232,-91.712727,1,3,6,7),(88,'2019-09-02 13:06:00','2019-09-02 15:27:00','2019-09-02 15:17:00',8.99,46.468982,-88.695321,43.116450,-91.331786,1,5,6,5),(89,'2019-09-02 19:52:00','2019-09-02 21:38:00','2019-09-02 21:32:00',2.06,47.630487,-91.750643,48.355326,-87.971443,1,5,6,5),(90,'2019-09-02 22:35:00','2019-09-02 23:33:00','2019-09-02 23:23:00',2.31,41.108969,-93.832106,41.512564,-91.940865,1,5,6,4),(91,'2019-09-03 05:20:00','2019-09-03 08:01:00',NULL,9.56,47.061293,-89.961996,43.006141,-88.083306,1,3,6,5),(92,'2019-09-04 10:11:00','2019-09-04 13:47:00','2019-09-04 13:41:00',2.76,43.203242,-86.482395,47.978299,-89.661317,1,5,6,4),(93,'2019-09-04 13:50:00','2019-09-04 14:18:00','2019-09-04 14:10:00',2.79,46.624129,-89.549416,46.380533,-88.449087,1,5,6,4),(94,'2019-09-05 15:10:00','2019-09-05 17:43:00',NULL,6.51,42.800263,-90.333376,45.932330,-88.338223,2,3,4,5),(95,'2019-09-06 17:51:00','2019-09-06 19:52:00','2019-09-06 19:58:00',3.91,48.641529,-89.929517,46.427831,-87.072294,1,5,6,4),(96,'2019-09-08 12:51:00','2019-09-08 14:00:00','2019-09-08 13:52:00',2.32,41.936751,-92.921030,43.584597,-92.313925,1,5,6,5),(97,'2019-09-08 21:48:00','2019-09-08 23:35:00','2019-09-08 23:45:00',6.09,48.920975,-86.338217,47.545989,-92.255404,2,5,5,4),(98,'2019-09-09 11:48:00','2019-09-09 15:14:00',NULL,7.22,41.823487,-87.888699,45.086044,-91.903683,2,3,1,3),(99,'2019-09-09 14:56:00','2019-09-09 16:49:00','2019-09-09 16:53:00',7.95,45.917186,-93.797131,43.262788,-91.294667,1,5,6,5),(100,'2019-09-09 16:57:00','2019-09-09 18:54:00','2019-09-09 18:50:00',4.38,43.793524,-93.795021,41.644323,-91.393321,1,5,6,5),(101,'2019-09-10 13:06:00','2019-09-10 14:45:00','2019-09-10 14:42:00',4.08,46.761572,-86.263057,46.399998,-90.210839,1,5,6,9),(102,'2019-09-10 19:46:00','2019-09-10 22:28:00','2019-09-10 22:38:00',7.26,48.369821,-87.308796,44.346558,-89.340823,1,5,6,12),(103,'2019-09-11 08:24:00','2019-09-11 10:22:00','2019-09-11 10:30:00',2.65,45.736242,-93.901950,43.281527,-90.886516,1,5,6,9),(104,'2019-09-11 09:02:00','2019-09-11 11:33:00','2019-09-11 11:32:00',2.94,44.247831,-86.596859,44.272214,-91.848354,1,5,6,12),(105,'2019-09-11 17:20:00','2019-09-11 22:28:00','2019-09-11 22:33:00',4.83,46.507499,-92.070316,42.125925,-86.159429,2,5,1,13),(106,'2019-09-11 21:23:00','2019-09-11 23:40:00','2019-09-11 23:29:00',5.61,47.436289,-91.844910,48.466583,-87.132357,1,5,6,4),(107,'2019-09-12 09:14:00','2019-09-12 12:45:00',NULL,4.70,41.255147,-91.257487,45.947122,-93.491929,2,3,3,11),(108,'2019-09-12 12:59:00','2019-09-12 13:48:00','2019-09-12 13:54:00',2.20,42.722751,-89.429203,42.685733,-91.283725,1,5,6,12),(109,'2019-09-12 13:31:00','2019-09-12 15:50:00','2019-09-12 15:46:00',3.86,43.883714,-87.850199,47.097863,-89.960088,1,5,6,5),(110,'2019-09-12 22:24:00','2019-09-13 00:07:00','2019-09-12 23:59:00',6.33,44.279138,-93.435531,41.984930,-90.768755,1,5,6,6),(111,'2019-09-13 12:14:00','2019-09-13 14:07:00','2019-09-13 14:03:00',4.70,46.663181,-91.293558,45.542665,-87.406002,1,5,6,5),(112,'2019-09-14 04:25:00','2019-09-14 04:45:00','2019-09-14 04:48:00',2.94,44.925237,-87.751176,44.468407,-87.404437,1,5,6,7),(113,'2019-09-14 17:32:00','2019-09-14 19:55:00','2019-09-14 19:58:00',6.72,47.477429,-89.195840,45.588517,-93.469898,1,5,6,11),(114,'2019-09-15 08:11:00','2019-09-15 10:10:00','2019-09-15 10:13:00',6.09,45.529895,-92.660078,42.109924,-92.470144,1,5,6,7),(115,'2019-09-15 13:53:00','2019-09-15 16:51:00','2019-09-15 17:00:00',3.94,43.431924,-91.195276,47.727848,-92.774933,1,5,6,5),(116,'2019-09-16 11:00:00','2019-09-16 14:42:00','2019-09-16 14:41:00',5.45,46.172203,-87.159820,43.684292,-93.099078,2,5,3,13),(117,'2019-09-16 19:31:00','2019-09-16 21:58:00','2019-09-16 21:54:00',3.78,44.072431,-86.446764,45.548887,-93.915273,2,5,5,1),(118,'2019-09-17 11:48:00','2019-09-17 13:49:00','2019-09-17 13:44:00',3.03,48.488301,-90.216545,45.452374,-91.088497,1,5,6,5),(119,'2019-09-17 22:51:00','2019-09-18 00:03:00','2019-09-18 00:09:00',3.54,45.832509,-91.371423,47.645361,-92.658927,1,5,6,2),(120,'2019-09-18 12:34:00','2019-09-18 15:26:00','2019-09-18 15:35:00',9.29,44.386897,-92.833433,44.672145,-87.138978,1,5,6,5),(121,'2019-09-18 16:09:00','2019-09-18 20:48:00','2019-09-18 20:57:00',2.61,43.139892,-88.033242,48.414112,-90.829712,2,5,3,11),(122,'2019-09-18 21:41:00','2019-09-18 23:25:00','2019-09-18 23:34:00',3.39,47.416684,-93.816254,46.668676,-90.207857,1,5,6,9),(123,'2019-09-19 11:59:00','2019-09-19 13:05:00','2019-09-19 13:13:00',4.56,44.408751,-91.075234,45.397578,-88.786406,1,5,6,9),(124,'2019-09-19 20:43:00','2019-09-19 22:07:00','2019-09-19 22:11:00',3.84,46.632908,-90.979352,47.204516,-88.039364,1,5,6,13),(125,'2019-09-20 09:03:00','2019-09-20 11:21:00','2019-09-20 11:18:00',9.13,41.106157,-90.057139,44.395834,-88.849411,1,5,6,9),(126,'2019-09-20 14:03:00','2019-09-20 16:37:00',NULL,9.06,43.850209,-89.419201,47.353369,-91.975551,1,3,6,2),(127,'2019-09-21 16:36:00','2019-09-21 18:16:00','2019-09-21 18:20:00',3.79,47.294689,-92.460657,45.812647,-90.554792,2,5,1,5),(128,'2019-09-22 06:21:00','2019-09-22 08:19:00','2019-09-22 08:23:00',5.01,44.736744,-91.116119,44.209174,-86.605772,1,5,6,7),(129,'2019-09-22 15:17:00','2019-09-22 16:52:00','2019-09-22 16:54:00',2.78,41.474627,-93.490979,42.121226,-89.920933,1,5,6,12),(130,'2019-09-22 22:34:00','2019-09-22 23:37:00','2019-09-22 23:32:00',4.52,46.908915,-90.591946,48.313524,-91.656543,1,5,6,12),(131,'2019-09-23 13:03:00','2019-09-23 17:58:00','2019-09-23 18:02:00',4.30,42.160613,-91.822072,48.407801,-87.494779,1,5,6,4),(132,'2019-09-24 11:41:00','2019-09-24 13:06:00','2019-09-24 12:57:00',2.99,43.558420,-93.464824,44.000621,-88.602425,2,5,5,8),(133,'2019-09-24 15:53:00','2019-09-24 17:38:00','2019-09-24 17:33:00',6.54,45.785192,-91.290919,48.189828,-90.178100,2,5,3,5),(134,'2019-09-24 17:13:00','2019-09-24 20:00:00','2019-09-24 19:55:00',4.74,44.727997,-87.423250,46.699756,-93.231468,1,5,6,4),(135,'2019-09-25 08:11:00','2019-09-25 10:48:00','2019-09-25 10:51:00',7.51,41.295036,-92.979139,45.219199,-91.966589,1,5,6,13),(136,'2019-09-25 12:07:00','2019-09-25 18:38:00','2019-09-25 18:46:00',5.16,41.898670,-92.321370,46.697138,-86.550201,2,5,2,13),(137,'2019-09-25 14:48:00','2019-09-25 17:49:00','2019-09-25 17:49:00',7.29,42.403253,-90.011485,48.732814,-91.301475,2,5,5,3),(138,'2019-09-26 22:15:00','2019-09-26 23:24:00','2019-09-26 23:25:00',3.70,46.347375,-91.007438,47.920686,-92.374254,1,5,6,11),(139,'2019-09-27 18:31:00','2019-09-27 20:00:00','2019-09-27 19:59:00',4.74,45.052271,-93.663085,46.527763,-91.371932,1,5,6,7),(140,'2019-09-28 12:57:00','2019-09-28 15:47:00','2019-09-28 15:56:00',5.27,42.084713,-92.285624,46.317742,-88.554419,1,5,6,4),(141,'2019-09-28 20:06:00','2019-09-28 21:07:00',NULL,1.88,46.958286,-89.682907,44.710607,-88.398246,2,3,5,11),(142,'2019-09-29 11:36:00','2019-09-29 12:31:00','2019-09-29 12:36:00',2.89,46.755178,-89.813355,44.667694,-88.221467,2,5,5,13),(143,'2019-09-30 15:36:00','2019-09-30 20:57:00','2019-09-30 21:03:00',8.81,41.914090,-87.303754,47.738959,-88.393941,2,5,1,1),(144,'2019-10-01 10:47:00','2019-10-01 12:04:00','2019-10-01 12:05:00',2.06,43.042559,-89.379761,41.973516,-86.993136,1,5,6,6),(145,'2019-10-01 14:09:00','2019-10-01 17:51:00','2019-10-01 18:01:00',2.15,43.877394,-87.620434,48.265647,-92.810462,1,5,6,5),(146,'2019-10-01 19:47:00','2019-10-01 23:03:00',NULL,8.30,46.527903,-87.398518,41.423701,-87.685940,1,3,6,9),(147,'2019-10-02 17:50:00','2019-10-02 19:01:00','2019-10-02 19:02:00',5.92,45.407685,-88.664584,46.454022,-90.736138,1,5,6,13),(148,'2019-10-03 03:02:00','2019-10-03 05:13:00','2019-10-03 05:07:00',2.58,43.869697,-91.746512,43.658347,-87.468727,1,5,6,12),(149,'2019-10-03 11:08:00','2019-10-03 15:17:00','2019-10-03 15:15:00',4.53,43.999859,-87.499808,48.501381,-91.993671,2,5,3,11),(150,'2019-10-04 14:41:00','2019-10-04 17:26:00','2019-10-04 17:21:00',6.22,42.523018,-88.686963,46.996131,-87.958455,1,5,6,4),(151,'2019-10-04 22:56:00','2019-10-05 01:46:00','2019-10-05 01:42:00',8.05,45.904250,-93.644922,44.062638,-87.752043,1,5,6,2),(152,'2019-10-05 12:54:00','2019-10-05 17:04:00','2019-10-05 16:54:00',9.00,47.449622,-91.371853,42.791868,-92.925098,2,5,1,7),(153,'2019-10-06 00:00:00','2019-10-06 01:11:00','2019-10-06 01:20:00',4.14,48.945611,-86.160537,48.360486,-88.715962,1,5,6,6),(154,'2019-10-06 09:48:00','2019-10-06 11:51:00','2019-10-06 11:52:00',2.91,46.552581,-93.827528,41.204618,-93.494324,2,5,5,5),(155,'2019-10-07 10:41:00','2019-10-07 13:50:00','2019-10-07 13:47:00',6.26,47.907479,-88.893146,45.811836,-93.261385,2,5,2,3),(156,'2019-10-07 18:53:00','2019-10-07 20:41:00','2019-10-07 20:33:00',3.75,46.849107,-88.313994,43.882709,-88.644472,1,5,6,7),(157,'2019-10-07 20:16:00','2019-10-07 20:35:00','2019-10-07 20:31:00',3.94,43.551828,-88.776724,43.460897,-89.365343,2,5,3,8),(158,'2019-10-08 14:44:00','2019-10-08 16:00:00','2019-10-08 15:50:00',3.35,42.232769,-91.512582,41.738780,-89.768351,2,5,2,3),(159,'2019-10-09 18:49:00','2019-10-09 21:49:00','2019-10-09 21:57:00',6.94,41.245597,-91.166798,46.429221,-91.353500,1,5,6,6),(160,'2019-10-10 03:45:00','2019-10-10 04:14:00',NULL,6.12,43.938174,-89.938760,44.491681,-88.725318,2,3,5,4),(161,'2019-10-10 17:55:00','2019-10-10 19:21:00','2019-10-10 19:26:00',4.56,45.526796,-91.489843,47.970397,-90.678483,1,5,6,11),(162,'2019-10-11 20:17:00','2019-10-11 23:57:00','2019-10-12 00:00:00',4.98,43.339833,-92.753548,48.212762,-93.675546,2,5,3,1),(163,'2019-10-11 22:22:00','2019-10-12 02:27:00','2019-10-12 02:36:00',5.01,48.918219,-90.404070,43.224994,-93.662822,1,5,6,6),(164,'2019-10-12 14:05:00','2019-10-12 16:45:00','2019-10-12 16:50:00',3.88,48.943204,-90.146035,44.440212,-88.360835,1,5,6,13),(165,'2019-10-13 11:03:00','2019-10-13 12:50:00','2019-10-13 12:44:00',3.94,41.485865,-91.448944,44.297687,-93.164735,1,5,6,2),(166,'2019-10-14 05:48:00','2019-10-14 08:02:00','2019-10-14 08:10:00',5.43,47.531632,-92.710378,43.853216,-91.602784,1,5,6,12),(167,'2019-10-14 19:02:00','2019-10-14 21:40:00',NULL,1.68,41.112441,-91.641027,44.457544,-91.789200,2,3,3,1),(168,'2019-10-15 07:28:00','2019-10-15 08:25:00','2019-10-15 08:16:00',3.06,48.207379,-90.059766,47.079035,-91.425528,1,5,6,11),(169,'2019-10-15 07:40:00','2019-10-15 11:38:00','2019-10-15 11:43:00',2.68,41.203985,-86.272170,47.027194,-87.047520,1,5,6,6),(170,'2019-10-15 09:48:00','2019-10-15 12:27:00',NULL,4.57,42.249973,-87.630862,45.095771,-92.628559,1,3,6,7),(171,'2019-10-15 18:16:00','2019-10-15 23:42:00','2019-10-15 23:41:00',6.47,41.625824,-93.928716,47.478949,-93.819108,2,5,2,4),(172,'2019-10-15 19:46:00','2019-10-16 00:35:00','2019-10-16 00:33:00',2.24,46.813297,-90.453516,41.292527,-87.176815,2,5,1,5),(173,'2019-10-15 23:46:00','2019-10-16 01:45:00','2019-10-16 01:51:00',8.58,46.131414,-87.325200,42.979758,-88.125608,1,5,6,11),(174,'2019-10-16 12:04:00','2019-10-16 14:27:00','2019-10-16 14:33:00',2.78,43.825420,-92.523620,47.905639,-87.900943,2,5,5,13),(175,'2019-10-17 00:13:00','2019-10-17 02:53:00','2019-10-17 02:48:00',9.67,48.198579,-90.602359,44.392467,-87.230586,1,5,6,2),(176,'2019-10-17 16:27:00','2019-10-17 21:35:00','2019-10-17 21:30:00',7.35,41.373137,-90.979222,46.984480,-89.139934,2,5,2,7),(177,'2019-10-17 22:20:00','2019-10-18 00:56:00','2019-10-18 00:48:00',2.52,41.840261,-87.768711,45.635660,-89.515565,1,5,6,2),(178,'2019-10-18 08:15:00','2019-10-18 10:30:00','2019-10-18 10:25:00',4.40,44.372996,-91.965996,41.051034,-91.846844,1,5,6,12),(179,'2019-10-19 17:34:00','2019-10-19 18:43:00','2019-10-19 18:33:00',5.32,42.982756,-91.120687,41.448296,-92.396456,1,5,6,5),(180,'2019-10-19 17:57:00','2019-10-19 22:35:00','2019-10-19 22:37:00',4.73,46.236220,-90.828223,41.150226,-86.764203,2,5,3,8),(181,'2019-10-20 08:12:00','2019-10-20 10:38:00','2019-10-20 10:29:00',9.89,44.883419,-90.208515,48.307171,-92.838599,1,5,6,11),(182,'2019-10-20 21:21:00','2019-10-20 23:03:00','2019-10-20 23:00:00',5.27,42.091126,-89.486611,44.293566,-91.072337,1,5,6,6),(183,'2019-10-21 13:19:00','2019-10-21 16:43:00','2019-10-21 16:37:00',9.06,46.180071,-93.863696,42.141310,-88.702362,1,5,6,13),(184,'2019-10-21 20:41:00','2019-10-21 21:22:00',NULL,3.11,46.427842,-88.254106,45.445944,-89.007963,1,3,6,12),(185,'2019-10-22 12:57:00','2019-10-22 14:22:00','2019-10-22 14:19:00',5.18,41.141060,-87.028450,43.434567,-86.741812,1,5,6,6),(186,'2019-10-22 19:46:00','2019-10-22 22:17:00','2019-10-22 22:12:00',6.50,45.544291,-89.616550,41.284379,-89.728453,1,5,6,6),(187,'2019-10-22 21:53:00','2019-10-23 01:39:00','2019-10-23 01:32:00',5.15,43.997530,-86.494872,45.533051,-93.850129,1,5,6,6),(188,'2019-10-23 10:05:00','2019-10-23 11:40:00','2019-10-23 11:32:00',1.29,41.309193,-88.729513,42.424856,-86.687179,2,5,1,4),(189,'2019-10-23 14:55:00','2019-10-23 17:59:00','2019-10-23 17:51:00',8.39,44.734927,-90.232696,48.631737,-91.143226,2,5,3,8),(190,'2019-10-24 07:31:00','2019-10-24 10:07:00','2019-10-24 10:03:00',6.23,47.917008,-92.518385,43.657053,-93.159580,1,5,6,7),(191,'2019-10-24 13:47:00','2019-10-24 15:44:00','2019-10-24 15:46:00',8.63,47.847705,-89.166965,44.622060,-90.388805,1,5,6,2),(192,'2019-10-25 05:39:00','2019-10-25 07:08:00',NULL,2.87,48.965705,-92.747279,47.366489,-89.925718,1,3,6,4),(193,'2019-10-25 20:18:00','2019-10-25 23:52:00',NULL,8.18,42.210187,-87.283676,46.951057,-92.393687,1,3,6,7),(194,'2019-10-26 13:00:00','2019-10-26 14:46:00','2019-10-26 15:01:00',7.06,45.336607,-93.449717,46.741593,-90.942883,2,5,3,5),(195,'2019-10-27 15:40:00','2019-10-27 16:08:00','2019-10-27 16:15:00',2.92,42.756854,-89.365270,42.903092,-90.388732,1,5,6,13),(196,'2019-10-28 12:03:00','2019-10-28 13:50:00','2019-10-28 13:48:00',7.49,48.908257,-91.288445,46.833006,-88.969635,1,5,6,4),(197,'2019-10-28 12:47:00','2019-10-28 15:10:00','2019-10-28 15:12:00',5.91,46.536089,-87.912678,46.828343,-91.120249,2,5,2,4),(198,'2019-10-29 13:24:00','2019-10-29 15:11:00','2019-10-29 15:13:00',3.91,46.860767,-86.445066,45.192367,-87.702966,2,5,2,11),(199,'2019-10-29 19:15:00','2019-10-29 23:01:00','2019-10-29 23:07:00',4.33,46.837893,-88.824966,41.361491,-91.717646,1,5,6,7),(200,'2019-10-30 06:45:00','2019-10-30 07:26:00','2019-10-30 07:16:00',2.87,43.724811,-91.739988,44.125627,-93.151900,1,5,6,13),(201,'2019-10-30 09:59:00','2019-10-30 12:26:00','2019-10-30 12:28:00',3.86,44.457316,-86.020650,46.524800,-90.314047,1,5,6,4),(202,'2019-10-30 19:15:00','2019-10-30 20:16:00','2019-10-30 20:19:00',3.73,48.443088,-88.199323,47.674123,-86.031415,1,5,6,11),(203,'2019-10-31 09:07:00','2019-10-31 12:53:00','2019-10-31 12:56:00',2.40,46.070195,-92.410176,41.738536,-87.076792,1,5,6,4),(204,'2019-11-01 12:01:00','2019-11-01 13:17:00','2019-11-01 13:15:00',5.44,41.920462,-90.177049,41.353370,-87.702004,1,5,6,13),(205,'2019-11-01 18:11:00','2019-11-01 20:27:00','2019-11-01 20:20:00',6.66,48.004272,-87.482119,44.576588,-87.670700,1,5,6,13),(206,'2019-11-02 09:19:00','2019-11-02 13:01:00','2019-11-02 12:55:00',3.27,42.056034,-92.074004,47.461878,-91.468599,1,5,6,13),(207,'2019-11-03 12:44:00','2019-11-03 13:46:00','2019-11-03 13:50:00',5.65,44.299879,-90.112917,42.535780,-89.982351,1,5,6,5),(208,'2019-11-03 18:25:00','2019-11-03 21:05:00','2019-11-03 21:13:00',7.22,46.635322,-92.724700,46.470533,-86.473233,1,5,6,9),(209,'2019-11-04 08:51:00','2019-11-04 10:20:00','2019-11-04 10:16:00',5.29,44.949854,-90.363690,47.331986,-89.248996,1,5,6,12),(210,'2019-11-04 09:45:00','2019-11-04 12:25:00',NULL,7.92,44.025770,-88.298757,44.428906,-93.959201,1,3,6,4),(211,'2019-11-04 13:06:00','2019-11-04 17:06:00','2019-11-04 17:05:00',3.03,47.475676,-86.627060,42.437670,-92.930468,1,5,6,13),(212,'2019-11-05 11:49:00','2019-11-05 15:56:00','2019-11-05 15:51:00',9.15,47.721449,-91.276191,42.454697,-86.897939,1,5,6,6),(213,'2019-11-05 17:36:00','2019-11-05 22:17:00','2019-11-05 22:25:00',2.29,47.544183,-86.587266,42.431120,-93.082602,1,5,6,13),(214,'2019-11-05 23:13:00','2019-11-06 02:58:00','2019-11-06 02:49:00',3.10,47.948149,-89.582371,42.243699,-93.034392,1,5,6,12),(215,'2019-11-06 10:51:00','2019-11-06 12:48:00','2019-11-06 12:43:00',2.99,47.588273,-89.654559,42.962384,-89.224401,2,5,5,5),(216,'2019-11-06 21:58:00','2019-11-07 00:40:00','2019-11-07 00:43:00',7.09,47.554304,-91.245501,43.109582,-91.715586,1,5,6,7),(217,'2019-11-06 22:12:00','2019-11-07 02:04:00','2019-11-07 01:52:00',8.55,46.156621,-86.464332,47.208475,-93.564626,2,5,4,5),(218,'2019-11-07 07:43:00','2019-11-07 10:46:00','2019-11-07 10:53:00',3.15,42.616515,-90.254300,46.878954,-91.842328,1,5,6,11),(219,'2019-11-07 07:46:00','2019-11-07 10:14:00','2019-11-07 10:12:00',7.22,44.853358,-89.920641,41.836719,-86.054480,1,5,6,12),(220,'2019-11-07 19:25:00','2019-11-07 20:03:00','2019-11-07 20:07:00',1.47,43.773990,-87.091753,43.219265,-87.628415,2,5,2,3),(221,'2019-11-08 15:49:00','2019-11-08 19:24:00','2019-11-08 19:46:00',3.58,41.114019,-86.325185,47.032016,-86.864365,1,5,6,4),(222,'2019-11-09 12:00:00','2019-11-09 14:39:00','2019-11-09 14:31:00',9.04,45.668303,-87.987942,41.055381,-87.759270,1,5,6,9),(223,'2019-11-09 19:58:00','2019-11-09 21:06:00','2019-11-09 20:57:00',1.75,48.909716,-89.505641,47.742645,-89.769850,2,5,1,11),(224,'2019-11-10 15:26:00','2019-11-10 17:54:00','2019-11-10 18:02:00',3.84,44.252860,-86.162907,46.426885,-90.376852,1,5,6,5),(225,'2019-11-11 18:48:00','2019-11-11 21:06:00','2019-11-11 20:59:00',1.21,42.634585,-88.399065,48.100919,-91.298209,2,5,5,8),(226,'2019-11-12 12:21:00','2019-11-12 15:55:00','2019-11-12 15:46:00',7.72,46.490269,-93.662339,42.217499,-88.925487,1,5,6,4),(227,'2019-11-13 09:31:00','2019-11-13 11:56:00','2019-11-13 11:54:00',2.70,44.978726,-89.965287,41.237387,-88.917203,1,5,6,9),(228,'2019-11-14 11:32:00','2019-11-14 13:21:00','2019-11-14 13:13:00',2.81,46.262901,-92.514077,48.640912,-92.253206,2,5,3,11),(229,'2019-11-14 17:51:00','2019-11-14 19:22:00','2019-11-14 19:19:00',6.50,48.235667,-92.859224,48.996882,-89.437920,1,5,6,9),(230,'2019-11-14 20:10:00','2019-11-14 22:23:00',NULL,6.12,43.065065,-91.932514,45.142236,-87.491281,1,3,6,13),(231,'2019-11-14 22:10:00','2019-11-14 23:33:00','2019-11-14 23:27:00',1.27,45.942880,-93.847369,42.934515,-92.785317,2,5,5,13),(232,'2019-11-15 07:06:00','2019-11-15 08:09:00',NULL,1.89,42.341098,-89.858957,41.681921,-87.013523,2,3,5,13),(233,'2019-11-15 12:53:00','2019-11-15 15:18:00','2019-11-15 15:15:00',2.96,48.176428,-87.404160,44.449917,-88.537933,1,5,6,2),(234,'2019-11-15 21:49:00','2019-11-15 23:57:00',NULL,2.76,44.148139,-90.878152,47.164826,-88.541415,1,3,6,12),(235,'2019-11-16 14:13:00','2019-11-16 16:38:00','2019-11-16 16:28:00',6.08,46.151835,-87.850539,48.291800,-91.989382,1,5,6,6),(236,'2019-11-17 18:25:00','2019-11-17 22:48:00','2019-11-17 22:43:00',6.29,48.746992,-90.846390,41.527074,-92.825457,1,5,6,12),(237,'2019-11-18 03:58:00','2019-11-18 06:56:00',NULL,6.92,45.744307,-93.083786,47.348149,-89.007896,2,3,1,4),(238,'2019-11-18 19:29:00','2019-11-18 21:16:00','2019-11-18 21:15:00',6.39,48.650183,-93.259942,45.749743,-88.471460,2,5,5,8),(239,'2019-11-19 08:55:00','2019-11-19 10:19:00',NULL,4.30,45.891597,-88.374210,46.454158,-91.606579,1,3,6,11),(240,'2019-11-19 16:10:00','2019-11-19 18:44:00','2019-11-19 18:43:00',4.10,43.699475,-92.344554,41.178806,-90.072308,2,5,1,5),(241,'2019-11-20 18:06:00','2019-11-20 19:44:00','2019-11-20 19:48:00',5.26,43.962309,-91.218729,46.019428,-93.246671,1,5,6,7),(242,'2019-11-21 09:05:00','2019-11-21 11:00:00','2019-11-21 11:05:00',3.21,47.316428,-91.954189,48.279773,-87.738570,1,5,6,12),(243,'2019-11-22 17:53:00','2019-11-22 19:40:00','2019-11-22 19:40:00',6.55,43.845361,-86.827736,44.325236,-90.890612,1,5,6,2),(244,'2019-11-22 18:52:00','2019-11-22 19:37:00','2019-11-22 19:33:00',3.44,42.669575,-91.272171,41.630419,-91.031391,1,5,6,13),(245,'2019-11-23 15:25:00','2019-11-23 16:58:00','2019-11-23 16:59:00',7.04,46.058161,-86.287559,48.387721,-88.198716,1,5,6,5),(246,'2019-11-23 18:40:00','2019-11-23 22:55:00','2019-11-23 23:02:00',2.39,44.232205,-93.687224,48.867263,-87.602011,1,5,6,2),(247,'2019-11-24 10:18:00','2019-11-24 11:56:00','2019-11-24 11:49:00',6.74,47.016615,-90.685975,47.520280,-87.340677,2,5,3,13),(248,'2019-11-24 10:21:00','2019-11-24 13:36:00',NULL,9.58,44.339253,-93.958166,47.191414,-87.168434,1,3,6,13),(249,'2019-11-24 11:08:00','2019-11-24 14:30:00','2019-11-24 14:33:00',9.20,41.930849,-87.382803,47.293442,-90.384382,1,5,6,4),(250,'2019-11-24 14:12:00','2019-11-24 16:29:00','2019-11-24 16:24:00',6.81,44.251438,-88.995716,48.267107,-88.677317,1,5,6,6),(251,'2019-11-24 20:59:00','2019-11-24 23:04:00','2019-11-24 23:04:00',3.55,41.081538,-88.788647,42.812152,-92.573300,1,5,6,9),(252,'2019-11-25 12:57:00','2019-11-25 15:14:00','2019-11-25 15:03:00',8.07,41.560131,-89.673265,44.953284,-87.213787,1,5,6,7),(253,'2019-11-26 12:21:00','2019-11-26 13:19:00','2019-11-26 13:41:00',4.92,42.462739,-89.630453,42.459521,-91.811037,1,5,6,5),(254,'2019-11-27 14:32:00','2019-11-27 16:05:00','2019-11-27 16:13:00',3.16,46.237115,-88.745149,43.562908,-88.950012,1,5,6,7),(255,'2019-11-28 06:05:00','2019-11-28 08:20:00','2019-11-28 08:15:00',3.30,43.911425,-88.342250,44.554478,-93.200859,1,5,6,2),(256,'2019-11-28 17:03:00','2019-11-28 20:37:00','2019-11-28 20:43:00',9.47,43.500990,-87.804890,48.472580,-91.222431,1,5,6,2),(257,'2019-11-29 09:24:00','2019-11-29 12:14:00','2019-11-29 12:17:00',6.78,42.734426,-90.049996,47.546744,-89.116292,1,5,6,6),(258,'2019-11-29 14:40:00','2019-11-29 17:57:00','2019-11-29 17:51:00',1.15,43.710566,-87.988964,46.923484,-90.415689,2,5,1,1),(259,'2019-11-29 15:15:00','2019-11-29 17:25:00','2019-11-29 17:28:00',4.89,48.777299,-86.372176,47.807226,-90.847341,1,5,6,11),(260,'2019-11-30 08:49:00','2019-11-30 10:33:00','2019-11-30 10:29:00',8.11,44.218369,-86.044998,47.119901,-87.265501,1,5,6,7),(261,'2019-12-01 01:02:00','2019-12-01 03:07:00','2019-12-01 03:14:00',3.76,47.476800,-91.835982,48.389692,-87.543597,1,5,6,12),(262,'2019-12-01 17:16:00','2019-12-01 18:11:00','2019-12-01 18:02:00',4.44,47.050151,-90.917292,46.263089,-92.932679,1,5,6,7),(263,'2019-12-02 17:11:00','2019-12-02 19:30:00','2019-12-02 19:24:00',7.33,45.665476,-92.552308,42.242033,-92.132912,1,5,6,11),(264,'2019-12-02 21:40:00','2019-12-03 00:23:00','2019-12-03 00:21:00',8.59,46.115831,-89.113309,42.085964,-87.230253,1,5,6,7),(265,'2019-12-03 11:03:00','2019-12-03 13:23:00','2019-12-03 13:30:00',4.41,44.793017,-90.076323,41.239333,-88.574364,1,5,6,5),(266,'2019-12-04 13:31:00','2019-12-04 13:49:00','2019-12-04 13:45:00',2.82,43.965455,-88.421767,43.994798,-87.760706,1,5,6,2),(267,'2019-12-04 18:56:00','2019-12-04 19:23:00','2019-12-04 19:16:00',2.06,45.307704,-87.467055,44.741611,-86.890777,1,5,6,5),(268,'2019-12-04 21:39:00','2019-12-04 23:59:00','2019-12-04 23:52:00',2.80,45.869948,-90.776651,42.506899,-88.135551,1,5,6,7),(269,'2019-12-04 22:39:00','2019-12-05 00:44:00','2019-12-05 00:49:00',8.37,44.069464,-92.047161,41.555803,-89.079502,1,5,6,6),(270,'2019-12-05 09:53:00','2019-12-05 14:45:00','2019-12-05 14:52:00',3.76,41.026203,-89.331663,48.263076,-87.689633,1,5,6,13),(271,'2019-12-05 15:07:00','2019-12-05 16:11:00','2019-12-05 16:16:00',5.53,41.791806,-89.922018,43.014495,-88.161470,1,5,6,12),(272,'2019-12-06 19:29:00','2019-12-06 22:06:00','2019-12-06 22:04:00',2.88,45.377135,-87.665589,43.540649,-92.299986,1,5,6,9),(273,'2019-12-07 16:11:00','2019-12-07 17:17:00',NULL,5.66,48.683234,-91.280446,47.548069,-93.418317,1,3,6,11),(274,'2019-12-08 07:18:00','2019-12-08 08:46:00',NULL,3.63,42.393494,-91.322508,42.206981,-87.997573,1,3,6,6),(275,'2019-12-08 12:47:00','2019-12-08 13:10:00','2019-12-08 13:18:00',2.17,42.505184,-89.489948,43.034709,-89.356613,1,5,6,7),(276,'2019-12-08 20:50:00','2019-12-08 21:37:00',NULL,2.76,46.945689,-89.003303,48.146419,-89.257996,1,3,6,13),(277,'2019-12-09 19:53:00','2019-12-09 21:30:00','2019-12-09 21:38:00',2.06,45.843027,-93.413404,45.403897,-89.740303,1,5,6,5),(278,'2019-12-10 07:35:00','2019-12-10 12:04:00','2019-12-10 12:03:00',9.79,47.734425,-86.460414,42.494656,-93.145478,1,5,6,11),(279,'2019-12-10 20:25:00','2019-12-10 23:36:00','2019-12-10 23:45:00',5.64,48.961794,-92.977724,46.225997,-86.936841,1,5,6,2),(280,'2019-12-11 18:46:00','2019-12-11 21:55:00','2019-12-11 22:04:00',2.59,47.053899,-91.640550,42.635553,-92.900587,1,5,6,12),(281,'2019-12-11 19:04:00','2019-12-11 19:40:00','2019-12-11 19:31:00',3.86,44.837926,-92.360403,45.684206,-91.497760,1,5,6,12),(282,'2019-12-11 19:58:00','2019-12-12 00:16:00','2019-12-12 00:11:00',1.78,41.806831,-89.389156,45.633725,-92.663903,2,5,1,11),(283,'2019-12-12 15:19:00','2019-12-12 17:05:00',NULL,4.51,45.359781,-93.128589,48.277711,-92.225677,1,3,6,5),(284,'2019-12-12 15:49:00','2019-12-12 17:35:00','2019-12-12 17:41:00',2.86,41.984636,-88.502928,41.531453,-91.833952,1,5,6,6),(285,'2019-12-12 16:09:00','2019-12-12 17:13:00','2019-12-12 17:06:00',6.00,44.929965,-91.102437,43.697922,-89.203078,1,5,6,2),(286,'2019-12-13 13:09:00','2019-12-13 17:01:00','2019-12-13 17:00:00',3.95,46.834835,-90.431069,41.340150,-87.006042,1,5,6,13),(287,'2019-12-13 21:41:00','2019-12-14 02:42:00','2019-12-14 02:47:00',2.48,47.557827,-91.617964,41.236698,-91.962615,2,5,1,5),(288,'2019-12-14 13:24:00','2019-12-14 15:30:00','2019-12-14 15:31:00',7.36,45.894953,-89.532306,48.653612,-93.135024,1,5,6,2),(289,'2019-12-14 20:36:00','2019-12-14 21:22:00','2019-12-14 21:14:00',3.43,45.664620,-91.893855,45.536866,-93.634104,1,5,6,12),(290,'2019-12-15 11:18:00','2019-12-15 13:19:00','2019-12-15 13:16:00',6.71,46.995993,-93.067538,43.674334,-91.425717,1,5,6,6),(291,'2019-12-15 14:08:00','2019-12-15 17:45:00','2019-12-15 17:41:00',6.50,48.266471,-92.609640,42.152388,-92.409140,1,5,6,12),(292,'2019-12-15 18:15:00','2019-12-15 19:47:00','2019-12-15 19:50:00',7.12,42.026435,-92.787172,43.984834,-90.714313,1,5,6,4),(293,'2019-12-15 19:08:00','2019-12-15 23:30:00','2019-12-15 23:28:00',2.79,42.482257,-90.014587,48.480293,-92.554772,1,5,6,11),(294,'2019-12-16 14:52:00','2019-12-16 17:40:00','2019-12-16 17:45:00',8.01,46.989547,-86.480793,44.627394,-90.420651,2,5,1,1),(295,'2019-12-16 16:40:00','2019-12-16 18:03:00','2019-12-16 18:09:00',2.40,42.933147,-88.010651,41.147304,-87.231528,2,5,3,8),(296,'2019-12-17 00:43:00','2019-12-17 05:23:00','2019-12-17 05:23:00',9.31,48.940278,-89.080334,41.777498,-88.871507,1,5,6,13),(297,'2019-12-17 18:01:00','2019-12-17 19:32:00','2019-12-17 19:33:00',6.08,45.777429,-90.964297,41.846229,-90.875963,2,5,5,1),(298,'2019-12-18 09:27:00','2019-12-18 11:23:00','2019-12-18 11:20:00',7.11,43.897159,-89.814092,45.238063,-93.367411,1,5,6,2),(299,'2019-12-18 12:08:00','2019-12-18 13:04:00','2019-12-18 13:11:00',2.88,46.700841,-88.079612,45.499418,-89.264076,1,5,6,4),(300,'2019-12-19 09:31:00','2019-12-19 09:58:00','2019-12-19 09:52:00',3.66,42.926229,-86.177981,42.331409,-86.809011,1,5,6,5),(301,'2019-12-20 12:23:00','2019-12-20 15:17:00','2019-12-20 15:18:00',9.06,43.569985,-89.529645,47.641820,-90.201965,1,5,6,6),(302,'2019-12-21 19:20:00','2019-12-21 21:35:00','2019-12-21 21:49:00',3.34,46.240815,-88.828309,43.136011,-90.835016,1,5,6,6),(303,'2019-12-22 07:02:00','2019-12-22 09:15:00',NULL,2.63,47.757471,-89.213490,44.660137,-90.058844,1,3,6,4),(304,'2019-12-22 17:22:00','2019-12-22 20:01:00','2019-12-22 19:57:00',3.06,47.452901,-89.158367,45.849462,-92.277589,2,5,2,3),(305,'2019-12-22 19:50:00','2019-12-22 23:01:00','2019-12-22 23:08:00',4.68,46.667103,-90.455674,41.720320,-93.031378,1,5,6,9),(306,'2019-12-23 18:20:00','2019-12-23 21:10:00','2019-12-23 21:12:00',8.30,44.959819,-87.645758,44.891755,-93.603951,1,5,6,4),(307,'2019-12-23 22:18:00','2019-12-23 23:35:00','2019-12-23 23:29:00',3.47,45.566059,-88.946485,44.569398,-91.313553,1,5,6,2),(308,'2019-12-24 07:53:00','2019-12-24 10:03:00','2019-12-24 10:12:00',6.34,45.881814,-89.131155,42.698785,-92.112612,1,5,6,2),(309,'2019-12-24 19:23:00','2019-12-24 21:20:00','2019-12-24 21:29:00',5.24,43.339119,-86.696414,46.500573,-88.407892,1,5,6,4),(310,'2019-12-25 12:55:00','2019-12-25 15:11:00','2019-12-25 15:07:00',9.85,46.918192,-91.574244,43.374205,-89.406243,1,5,6,12),(311,'2019-12-25 21:09:00','2019-12-25 23:34:00','2019-12-25 23:29:00',2.62,46.622756,-91.939763,42.432919,-93.016118,1,5,6,13),(312,'2019-12-26 08:45:00','2019-12-26 11:20:00',NULL,8.34,43.955227,-93.143358,44.417528,-87.482286,1,3,6,9),(313,'2019-12-26 12:13:00','2019-12-26 15:46:00','2019-12-26 15:48:00',2.32,44.767530,-87.000209,48.696365,-92.517546,1,5,6,2),(314,'2019-12-27 08:58:00','2019-12-27 10:34:00','2019-12-27 10:37:00',2.85,47.083451,-89.592002,44.789635,-88.275819,1,5,6,6),(315,'2019-12-27 10:25:00','2019-12-27 12:31:00','2019-12-27 12:34:00',3.74,48.089876,-93.771831,44.871215,-91.328431,1,5,6,4),(316,'2019-12-28 03:26:00','2019-12-28 06:28:00','2019-12-28 06:34:00',3.90,41.345701,-88.013523,45.895282,-87.483019,1,5,6,2),(317,'2019-12-28 19:10:00','2019-12-28 22:53:00','2019-12-28 22:59:00',5.84,41.006215,-87.892114,47.520783,-87.719741,1,5,6,2),(318,'2019-12-29 15:36:00','2019-12-29 17:39:00','2019-12-29 17:29:00',4.05,45.898986,-92.342177,42.592155,-91.012695,1,5,6,2),(319,'2019-12-29 18:19:00','2019-12-29 20:33:00','2019-12-29 20:26:00',2.15,42.992613,-92.361265,43.215838,-87.837016,1,5,6,9),(320,'2019-12-29 18:21:00','2019-12-29 20:45:00','2019-12-29 20:54:00',5.96,47.661324,-92.614647,43.942791,-91.442103,1,5,6,5),(321,'2019-12-30 09:03:00','2019-12-30 11:24:00','2019-12-30 11:24:00',5.54,46.612296,-88.545253,43.436851,-90.179988,1,5,6,6),(322,'2019-12-30 20:09:00','2019-12-30 22:49:00','2019-12-30 22:50:00',3.32,46.209696,-89.356190,48.589963,-93.981615,1,5,6,11),(323,'2019-12-31 17:50:00','2019-12-31 19:49:00','2019-12-31 19:46:00',6.88,42.934641,-89.400270,42.194728,-93.825551,1,5,6,2),(324,'2019-12-31 20:11:00','2019-12-31 23:41:00','2019-12-31 23:38:00',2.73,42.032884,-87.211595,47.843370,-88.148365,1,5,6,6),(325,'2020-01-01 09:07:00','2020-01-01 11:51:00','2020-01-01 11:50:00',2.21,46.554104,-91.739194,43.641718,-87.573827,1,5,6,4),(326,'2020-01-01 19:06:00','2020-01-01 20:27:00','2020-01-01 20:34:00',5.57,48.304964,-89.707759,48.546316,-93.145144,1,5,6,13),(327,'2020-01-02 12:04:00','2020-01-02 13:25:00',NULL,5.82,44.638024,-89.882854,42.671661,-89.993136,1,3,6,5),(328,'2020-01-03 20:01:00','2020-01-04 01:12:00','2020-01-04 01:09:00',2.49,46.337850,-87.328568,42.343610,-91.296248,2,5,2,11),(329,'2020-01-04 08:48:00','2020-01-04 10:27:00','2020-01-04 10:31:00',2.59,42.599165,-90.606733,45.168839,-91.335607,1,5,6,4),(330,'2020-01-04 21:57:00','2020-01-05 03:14:00',NULL,9.67,42.059544,-91.835784,48.642446,-86.280419,1,3,6,4),(331,'2020-01-05 08:32:00','2020-01-05 10:16:00','2020-01-05 10:18:00',4.94,46.120439,-88.714811,44.064626,-86.532437,1,5,6,5),(332,'2020-01-05 22:39:00','2020-01-06 02:18:00','2020-01-06 02:12:00',3.58,46.926846,-90.286869,41.785116,-93.213811,1,5,6,11),(333,'2020-01-06 18:24:00','2020-01-06 19:39:00',NULL,4.58,47.524087,-90.596060,46.447437,-92.974632,1,3,6,12),(334,'2020-01-06 22:25:00','2020-01-07 01:31:00','2020-01-07 01:27:00',7.32,43.917695,-92.253808,48.977877,-91.349191,1,5,6,4),(335,'2020-01-07 08:10:00','2020-01-07 12:31:00','2020-01-07 12:31:00',3.92,42.275665,-88.461992,48.863046,-87.298792,1,5,6,2),(336,'2020-01-07 12:47:00','2020-01-07 17:40:00','2020-01-07 17:30:00',4.16,41.254940,-89.084362,48.813373,-93.680050,1,5,6,6),(337,'2020-01-07 16:18:00','2020-01-07 18:30:00','2020-01-07 18:31:00',5.33,43.600048,-93.842156,41.989078,-89.528141,1,5,6,12),(338,'2020-01-07 18:10:00','2020-01-07 20:42:00','2020-01-07 20:43:00',6.64,45.170623,-93.158960,48.693330,-90.056468,1,5,6,2),(339,'2020-01-08 11:30:00','2020-01-08 14:13:00','2020-01-08 14:07:00',8.74,47.908095,-93.340237,47.574528,-87.106648,1,5,6,13),(340,'2020-01-08 14:23:00','2020-01-08 15:41:00','2020-01-08 15:38:00',2.13,45.229854,-88.691611,46.852382,-88.663255,2,5,4,8),(341,'2020-01-08 22:29:00','2020-01-09 00:09:00','2020-01-09 00:13:00',5.41,48.584002,-89.519720,48.649392,-93.193880,1,5,6,4),(342,'2020-01-09 03:03:00','2020-01-09 05:41:00','2020-01-09 05:33:00',6.22,45.412404,-91.311181,41.206881,-93.032052,1,5,6,11),(343,'2020-01-09 07:47:00','2020-01-09 10:16:00','2020-01-09 10:10:00',8.90,44.848527,-93.769443,46.607201,-90.655663,2,5,1,3),(344,'2020-01-09 20:35:00','2020-01-09 21:20:00','2020-01-09 21:18:00',4.46,44.304542,-92.825944,44.956653,-93.738902,2,5,1,11),(345,'2020-01-10 08:05:00','2020-01-10 11:00:00','2020-01-10 10:52:00',8.80,42.356224,-90.786233,45.000162,-91.640489,2,5,2,4),(346,'2020-01-10 17:46:00','2020-01-10 21:39:00','2020-01-10 21:30:00',6.41,42.934019,-91.599372,47.201085,-86.196462,1,5,6,7),(347,'2020-01-11 13:44:00','2020-01-11 15:26:00','2020-01-11 15:21:00',3.80,45.530094,-90.824371,43.287861,-92.087580,1,5,6,12),(348,'2020-01-12 08:49:00','2020-01-12 13:57:00','2020-01-12 13:57:00',2.46,41.888209,-87.146495,48.602900,-92.546017,1,5,6,12),(349,'2020-01-12 22:09:00','2020-01-12 23:55:00','2020-01-13 00:02:00',7.17,47.103461,-89.517933,45.099951,-86.946444,1,5,6,11),(350,'2020-01-13 14:24:00','2020-01-13 15:42:00','2020-01-13 15:37:00',1.06,42.377767,-91.189403,42.919681,-92.833384,2,5,2,3),(351,'2020-01-13 18:14:00','2020-01-13 19:10:00','2020-01-13 19:11:00',2.47,42.359510,-89.926774,41.287599,-88.781683,1,5,6,11),(352,'2020-01-14 09:55:00','2020-01-14 11:46:00','2020-01-14 11:50:00',3.38,45.226169,-93.487695,46.883017,-90.121826,1,5,6,5),(353,'2020-01-15 18:37:00','2020-01-15 21:08:00','2020-01-15 21:09:00',7.27,44.206930,-86.242863,46.164897,-91.446926,1,5,6,13),(354,'2020-01-16 03:19:00','2020-01-16 06:44:00','2020-01-16 06:35:00',8.04,47.046942,-88.556397,42.077189,-88.944865,1,5,6,7),(355,'2020-01-16 18:57:00','2020-01-16 22:03:00','2020-01-16 22:04:00',5.71,43.672098,-86.125553,48.355939,-88.843645,1,5,6,12),(356,'2020-01-16 22:02:00','2020-01-17 00:01:00','2020-01-17 00:09:00',7.95,43.953413,-89.685549,45.712018,-91.383264,2,5,2,4),(357,'2020-01-17 14:42:00','2020-01-17 17:32:00',NULL,4.03,45.123654,-93.292754,48.165268,-92.295399,2,3,2,3),(358,'2020-01-17 16:54:00','2020-01-17 17:41:00','2020-01-17 17:39:00',2.56,42.117048,-91.606617,41.615770,-90.101298,1,5,6,12),(359,'2020-01-17 21:31:00','2020-01-18 00:07:00','2020-01-18 00:03:00',3.44,43.081529,-90.422944,44.640692,-86.527709,2,5,3,5),(360,'2020-01-18 14:13:00','2020-01-18 16:13:00','2020-01-18 16:19:00',5.13,46.400155,-93.496213,43.318471,-91.919006,1,5,6,7),(361,'2020-01-18 18:02:00','2020-01-18 18:35:00','2020-01-18 18:36:00',2.90,47.603979,-88.533032,48.522901,-88.786399,1,5,6,7),(362,'2020-01-18 20:53:00','2020-01-19 00:50:00',NULL,7.24,41.511396,-88.105297,44.939326,-91.987477,2,3,2,7),(363,'2020-01-19 13:16:00','2020-01-19 15:57:00',NULL,1.47,47.057195,-88.186844,43.894192,-88.968505,2,3,1,11),(364,'2020-01-20 17:45:00','2020-01-20 19:07:00','2020-01-20 19:07:00',4.61,45.938598,-91.199568,48.186369,-90.469454,1,5,6,11),(365,'2020-01-21 18:59:00','2020-01-21 20:01:00','2020-01-21 20:04:00',2.26,46.576835,-91.045975,47.039623,-88.663961,1,5,6,13),(366,'2020-01-22 15:10:00','2020-01-22 17:03:00','2020-01-22 17:08:00',4.68,46.250911,-93.604547,43.224535,-92.063686,1,5,6,12),(367,'2020-01-23 12:30:00','2020-01-23 14:25:00','2020-01-23 14:18:00',5.95,48.675532,-86.424669,47.850058,-90.475705,1,5,6,11),(368,'2020-01-24 10:48:00','2020-01-24 14:24:00','2020-01-24 14:30:00',9.68,48.463930,-90.754789,42.834269,-86.564289,1,5,6,7),(369,'2020-01-24 19:46:00','2020-01-24 22:14:00','2020-01-24 22:17:00',1.21,43.818768,-91.786821,43.609591,-87.591583,2,5,4,4),(370,'2020-01-25 12:29:00','2020-01-25 14:45:00',NULL,3.23,42.821632,-92.131547,44.877367,-88.218522,1,3,6,7),(371,'2020-01-26 11:27:00','2020-01-26 13:51:00','2020-01-26 13:48:00',7.67,44.671069,-93.579314,48.090225,-91.810935,1,5,6,4),(372,'2020-01-26 13:41:00','2020-01-26 16:08:00',NULL,7.06,42.468351,-88.884497,46.172464,-91.484192,1,3,6,9),(373,'2020-01-26 17:08:00','2020-01-26 21:28:00','2020-01-26 21:51:00',3.64,48.954654,-92.077347,42.749302,-91.021447,1,5,6,2),(374,'2020-01-27 13:38:00','2020-01-27 15:06:00','2020-01-27 14:57:00',4.67,45.999413,-91.412229,46.940614,-88.060240,1,5,6,7),(375,'2020-01-27 23:58:00','2020-01-28 01:59:00','2020-01-28 01:59:00',4.67,43.676645,-91.858606,43.677033,-87.039017,1,5,6,9),(376,'2020-01-28 14:04:00','2020-01-28 16:10:00','2020-01-28 16:00:00',3.88,47.364154,-93.769345,47.060815,-88.387889,1,5,6,2),(377,'2020-01-28 15:33:00','2020-01-28 19:20:00','2020-01-28 19:14:00',2.17,46.047484,-93.859997,42.557562,-86.632196,1,5,6,13),(378,'2020-01-28 15:59:00','2020-01-28 18:40:00','2020-01-28 18:35:00',9.71,46.734249,-90.187639,42.859059,-88.141790,1,5,6,2),(379,'2020-01-29 15:52:00','2020-01-29 17:12:00','2020-01-29 17:20:00',5.39,41.297495,-86.994832,43.133356,-88.348726,1,5,6,9),(380,'2020-01-29 17:11:00','2020-01-29 19:59:00','2020-01-29 20:01:00',6.40,41.535179,-91.223996,45.274485,-88.955588,1,5,6,2),(381,'2020-01-30 10:13:00','2020-01-30 14:29:00','2020-01-30 14:26:00',7.40,48.402153,-86.105882,42.264132,-87.361696,1,5,6,6),(382,'2020-01-30 19:27:00','2020-01-30 20:36:00','2020-01-30 20:45:00',4.52,43.932557,-86.693560,44.734530,-89.246669,1,5,6,9),(383,'2020-01-31 11:39:00','2020-01-31 14:01:00','2020-01-31 13:58:00',4.83,44.412515,-88.988901,47.817951,-90.943545,1,5,6,7),(384,'2020-02-01 08:12:00','2020-02-01 13:35:00','2020-02-01 13:33:00',6.91,41.752704,-87.278027,48.351751,-93.407163,1,5,6,13),(385,'2020-02-02 09:45:00','2020-02-02 13:48:00','2020-02-02 13:39:00',2.71,41.801963,-90.730120,46.943513,-90.092075,2,5,4,8),(386,'2020-02-02 12:26:00','2020-02-02 14:27:00','2020-02-02 14:28:00',6.50,41.234927,-93.619069,42.199873,-89.143428,1,5,6,4),(387,'2020-02-02 19:31:00','2020-02-02 19:51:00','2020-02-02 19:53:00',2.00,44.091731,-91.430712,44.571244,-91.851642,1,5,6,2),(388,'2020-02-03 10:52:00','2020-02-03 14:27:00','2020-02-03 14:33:00',9.27,46.629554,-93.717626,41.523209,-92.231078,1,5,6,4),(389,'2020-02-04 12:52:00','2020-02-04 14:05:00','2020-02-04 14:11:00',4.46,47.047943,-92.022001,48.746166,-93.203166,1,5,6,7),(390,'2020-02-04 16:53:00','2020-02-04 21:06:00','2020-02-04 21:10:00',4.30,41.756023,-86.208432,45.689772,-93.925843,1,5,6,13),(391,'2020-02-04 17:14:00','2020-02-04 20:35:00','2020-02-04 20:30:00',5.64,42.331696,-87.141794,47.295942,-91.094906,1,5,6,4),(392,'2020-02-05 19:57:00','2020-02-05 23:43:00',NULL,6.31,47.121974,-93.238357,42.442296,-89.073452,1,3,6,2),(393,'2020-02-06 16:59:00','2020-02-06 17:43:00','2020-02-06 17:40:00',4.51,43.145063,-88.973606,43.696779,-87.595284,1,5,6,7),(394,'2020-02-07 00:08:00','2020-02-07 02:24:00','2020-02-07 02:48:00',3.90,47.005281,-92.163507,48.166622,-87.676367,1,5,6,11),(395,'2020-02-07 11:20:00','2020-02-07 16:01:00','2020-02-07 15:55:00',3.06,48.727339,-89.125605,42.189957,-86.673399,1,5,6,13),(396,'2020-02-07 17:11:00','2020-02-07 17:45:00','2020-02-07 17:41:00',1.04,47.057371,-89.201735,46.819212,-87.298737,2,5,5,5),(397,'2020-02-08 06:05:00','2020-02-08 07:27:00','2020-02-08 07:27:00',2.02,46.768423,-89.055430,48.417584,-87.745792,2,5,3,7),(398,'2020-02-08 10:25:00','2020-02-08 11:04:00','2020-02-08 11:08:00',4.25,41.235234,-90.391454,42.337029,-90.140492,1,5,6,7),(399,'2020-02-08 10:51:00','2020-02-08 11:25:00','2020-02-08 11:28:00',1.40,46.584027,-92.718494,46.655449,-93.567273,2,5,2,4),(400,'2020-02-09 13:49:00','2020-02-09 17:35:00','2020-02-09 17:38:00',7.46,43.608173,-86.320040,47.575282,-92.163469,1,5,6,11),(401,'2020-02-10 13:55:00','2020-02-10 16:48:00','2020-02-10 16:44:00',2.01,46.945564,-90.206140,42.132607,-91.718545,1,5,6,13),(402,'2020-02-10 17:27:00','2020-02-10 19:43:00','2020-02-10 19:35:00',4.05,47.407758,-89.431939,44.617033,-89.619019,2,5,1,4),(403,'2020-02-10 18:22:00','2020-02-10 20:13:00','2020-02-10 20:08:00',3.55,44.164343,-90.937822,46.817863,-90.097218,1,5,6,12),(404,'2020-02-11 08:12:00','2020-02-11 10:57:00','2020-02-11 11:05:00',3.66,42.312408,-88.944401,46.340773,-90.462934,1,5,6,12),(405,'2020-02-11 08:26:00','2020-02-11 12:32:00','2020-02-11 12:26:00',5.15,43.043070,-88.000106,48.870257,-88.648394,1,5,6,6),(406,'2020-02-11 12:45:00','2020-02-11 13:35:00','2020-02-11 13:30:00',5.18,46.209020,-88.276315,45.991363,-86.214240,1,5,6,12),(407,'2020-02-11 18:10:00','2020-02-11 19:31:00',NULL,5.51,41.513293,-86.840067,43.259788,-88.180861,1,3,6,7),(408,'2020-02-12 02:00:00','2020-02-12 04:02:00','2020-02-12 03:57:00',5.00,44.040182,-92.104017,41.359371,-89.891095,1,5,6,4),(409,'2020-02-12 16:21:00','2020-02-12 17:30:00','2020-02-12 17:32:00',2.05,45.610724,-90.627293,44.031361,-88.961314,1,5,6,12),(410,'2020-02-13 10:54:00','2020-02-13 13:23:00','2020-02-13 13:20:00',7.29,46.328179,-88.811097,42.959976,-91.766827,1,5,6,5),(411,'2020-02-13 22:37:00','2020-02-13 23:19:00','2020-02-13 23:16:00',2.68,43.609880,-92.080739,42.766663,-90.924467,1,5,6,2),(412,'2020-02-14 09:48:00','2020-02-14 13:26:00','2020-02-14 13:20:00',9.69,41.670977,-93.200274,42.985700,-86.470677,1,5,6,11),(413,'2020-02-15 01:04:00','2020-02-15 05:47:00',NULL,4.12,48.294465,-87.983666,41.198276,-87.057622,1,3,6,7),(414,'2020-02-15 14:48:00','2020-02-15 16:39:00',NULL,6.81,43.757281,-86.883841,44.308953,-90.803714,1,3,6,12),(415,'2020-02-16 13:29:00','2020-02-16 16:16:00',NULL,9.28,45.365471,-86.174740,43.029889,-91.326334,1,3,6,5),(416,'2020-02-16 13:32:00','2020-02-16 15:22:00','2020-02-16 15:27:00',4.41,41.047679,-88.801312,42.850403,-92.344049,1,5,6,4),(417,'2020-02-16 22:08:00','2020-02-16 23:19:00','2020-02-16 23:28:00',2.13,46.599955,-87.832900,47.035637,-90.323117,1,5,6,2),(418,'2020-02-17 17:43:00','2020-02-17 19:12:00',NULL,2.31,44.975286,-89.548451,43.331888,-87.695208,1,3,6,11),(419,'2020-02-18 11:20:00','2020-02-18 12:39:00',NULL,7.01,42.339816,-89.541417,43.273470,-88.008401,2,3,2,5),(420,'2020-02-18 18:04:00','2020-02-18 19:50:00','2020-02-18 19:40:00',6.26,47.269570,-86.218751,45.097537,-88.856062,1,5,6,9),(421,'2020-02-19 20:48:00','2020-02-19 22:34:00','2020-02-19 22:27:00',3.59,46.511858,-89.897013,44.979362,-86.412152,1,5,6,7),(422,'2020-02-20 13:44:00','2020-02-20 17:29:00','2020-02-20 17:26:00',2.11,43.835177,-87.566011,48.664415,-90.979893,1,5,6,9),(423,'2020-02-21 10:00:00','2020-02-21 12:38:00',NULL,3.15,45.529088,-88.062430,41.100586,-87.309778,1,3,6,4),(424,'2020-02-21 20:31:00','2020-02-21 23:16:00','2020-02-21 23:21:00',8.73,47.828309,-86.743216,48.798994,-92.775383,1,5,6,4),(425,'2020-02-22 00:42:00','2020-02-22 05:34:00',NULL,7.30,48.261243,-92.688999,41.771276,-86.076622,1,3,6,4),(426,'2020-02-22 13:07:00','2020-02-22 16:49:00','2020-02-22 16:45:00',4.42,42.937150,-91.365569,48.360705,-89.099768,1,5,6,11),(427,'2020-02-22 14:52:00','2020-02-22 18:06:00','2020-02-22 18:05:00',4.36,42.230905,-93.962127,45.496647,-87.630382,1,5,6,5),(428,'2020-02-23 07:32:00','2020-02-23 09:45:00','2020-02-23 09:43:00',1.37,48.964921,-87.115264,43.528917,-86.009623,2,5,5,1),(429,'2020-02-23 07:42:00','2020-02-23 10:42:00','2020-02-23 10:36:00',2.39,45.165160,-92.618028,43.414381,-86.074012,1,5,6,6),(430,'2020-02-23 14:44:00','2020-02-23 15:36:00','2020-02-23 15:34:00',4.03,44.240238,-92.784156,45.358505,-91.855009,1,5,6,6),(431,'2020-02-23 21:46:00','2020-02-23 23:51:00','2020-02-23 23:49:00',3.92,42.902773,-86.337799,41.602687,-89.973166,1,5,6,12),(432,'2020-02-24 09:50:00','2020-02-24 12:27:00','2020-02-24 12:14:00',8.04,46.487891,-88.860639,42.233131,-87.252425,1,5,6,9),(433,'2020-02-24 15:33:00','2020-02-24 16:43:00','2020-02-24 16:50:00',4.97,42.471975,-88.120838,41.979883,-90.738072,1,5,6,4),(434,'2020-02-24 21:16:00','2020-02-25 01:42:00','2020-02-25 01:33:00',4.03,48.180583,-90.663680,44.139850,-88.309709,2,5,2,3),(435,'2020-02-25 10:32:00','2020-02-25 11:55:00','2020-02-25 12:01:00',6.34,43.627777,-89.910583,45.563756,-91.449470,1,5,6,2),(436,'2020-02-25 13:06:00','2020-02-25 16:52:00','2020-02-25 16:49:00',3.22,48.659057,-89.002934,43.008157,-90.950410,1,5,6,11),(437,'2020-02-26 12:14:00','2020-02-26 14:18:00','2020-02-26 14:23:00',5.39,47.348278,-93.426780,48.821266,-88.613328,1,5,6,6),(438,'2020-02-26 20:27:00','2020-02-26 23:47:00','2020-02-26 23:50:00',7.75,46.003535,-90.789670,42.041047,-90.425753,2,5,4,4),(439,'2020-02-27 07:47:00','2020-02-27 08:05:00','2020-02-27 08:14:00',2.07,43.243409,-90.499927,43.770137,-90.649532,1,5,6,9),(440,'2020-02-27 11:46:00','2020-02-27 14:18:00','2020-02-27 14:17:00',4.88,42.052441,-92.396359,45.860881,-90.506518,1,5,6,11),(441,'2020-02-27 12:15:00','2020-02-27 16:41:00',NULL,8.24,41.776568,-91.963204,48.854277,-92.839002,1,3,6,13),(442,'2020-02-28 18:16:00','2020-02-28 19:28:00',NULL,4.33,42.801230,-87.913569,42.028463,-91.116976,2,3,5,3),(443,'2020-02-29 07:05:00','2020-02-29 09:25:00','2020-02-29 09:29:00',8.87,44.497398,-88.971628,47.649664,-91.836796,1,5,6,7),(444,'2020-02-29 07:18:00','2020-02-29 11:24:00','2020-02-29 11:30:00',3.45,42.275528,-88.467014,48.838346,-87.407227,1,5,6,4),(445,'2020-02-29 10:47:00','2020-02-29 14:00:00','2020-02-29 14:08:00',4.30,41.719687,-86.570573,43.988072,-93.347918,1,5,6,11),(446,'2020-02-29 13:33:00','2020-02-29 17:30:00','2020-02-29 17:36:00',8.16,41.963979,-87.528561,46.465258,-86.088028,2,5,1,1),(447,'2020-02-29 20:22:00','2020-02-29 21:45:00','2020-02-29 21:49:00',2.65,42.090823,-87.925121,44.101927,-88.715003,1,5,6,6),(448,'2020-03-01 12:26:00','2020-03-01 14:54:00',NULL,5.13,44.084793,-92.413423,47.678504,-89.367208,1,3,6,4),(449,'2020-03-02 04:05:00','2020-03-02 08:25:00','2020-03-02 08:17:00',8.20,41.999944,-88.692641,48.536966,-88.237247,1,5,6,2),(450,'2020-03-02 18:08:00','2020-03-02 18:52:00','2020-03-02 18:45:00',3.21,46.341954,-92.778987,47.079204,-91.267021,1,5,6,6),(451,'2020-03-03 08:46:00','2020-03-03 09:55:00','2020-03-03 10:13:00',5.24,47.346354,-91.793834,48.991768,-92.659656,1,5,6,9),(452,'2020-03-03 11:07:00','2020-03-03 16:52:00','2020-03-03 16:45:00',1.40,45.422666,-92.860070,41.431651,-87.261533,2,5,2,11),(453,'2020-03-03 15:31:00','2020-03-03 17:37:00','2020-03-03 17:47:00',4.34,48.377279,-91.878777,45.474278,-93.992278,1,5,6,13),(454,'2020-03-04 17:34:00','2020-03-04 19:19:00','2020-03-04 19:21:00',6.87,44.768423,-86.519981,43.094824,-89.965937,1,5,6,4),(455,'2020-03-04 20:59:00','2020-03-05 00:49:00','2020-03-05 00:40:00',2.80,47.728302,-87.790859,43.860799,-90.323427,2,5,7,1),(456,'2020-03-04 22:12:00','2020-03-04 22:50:00',NULL,3.72,41.348229,-87.232569,41.792466,-86.339964,2,3,3,8),(457,'2020-03-05 16:46:00','2020-03-05 18:09:00','2020-03-05 18:05:00',1.18,42.775086,-93.859665,44.376419,-93.538912,2,5,4,13),(458,'2020-03-06 10:36:00','2020-03-06 12:28:00','2020-03-06 12:18:00',1.57,41.430231,-92.010869,41.654959,-88.692594,2,5,3,3),(459,'2020-03-06 13:35:00','2020-03-06 16:23:00','2020-03-06 16:33:00',4.18,46.662590,-90.379850,42.112982,-91.295542,1,5,6,13),(460,'2020-03-06 18:19:00','2020-03-06 21:05:00','2020-03-06 20:57:00',5.35,47.870252,-89.444352,43.167481,-88.829538,1,5,6,13),(461,'2020-03-06 19:25:00','2020-03-06 21:08:00',NULL,2.54,43.744679,-89.979989,44.866018,-86.729943,1,3,6,13),(462,'2020-03-07 02:53:00','2020-03-07 06:07:00','2020-03-07 06:06:00',4.63,48.463360,-87.524070,42.989571,-87.479935,1,5,6,11),(463,'2020-03-07 07:23:00','2020-03-07 08:58:00','2020-03-07 08:53:00',2.07,42.794746,-89.046856,44.381484,-91.952011,1,5,6,11),(464,'2020-03-07 23:08:00','2020-03-07 23:18:00','2020-03-07 23:24:00',2.15,45.017912,-90.767886,45.106837,-91.162160,1,5,6,13),(465,'2020-03-09 09:31:00','2020-03-09 13:31:00','2020-03-09 13:22:00',8.34,48.869618,-90.055461,45.113838,-93.264426,2,5,9,11),(466,'2020-03-10 05:24:00','2020-03-10 06:25:00','2020-03-10 06:23:00',5.17,44.286674,-86.427196,45.004002,-88.698404,1,5,6,5),(467,'2020-03-10 09:27:00','2020-03-10 12:13:00','2020-03-10 12:19:00',4.24,41.018485,-88.489909,44.494998,-93.055282,1,5,6,13),(468,'2020-03-10 22:59:00','2020-03-11 00:36:00','2020-03-11 00:35:00',5.38,43.995943,-92.877280,45.625772,-90.239301,1,5,6,12),(469,'2020-03-11 13:56:00','2020-03-11 16:43:00','2020-03-11 16:44:00',3.61,45.236914,-91.460557,48.986475,-93.685953,1,5,6,12),(470,'2020-03-11 16:45:00','2020-03-11 22:18:00','2020-03-11 22:08:00',8.35,41.523955,-92.379686,47.529706,-90.212412,2,5,9,13),(471,'2020-03-12 19:09:00','2020-03-12 20:57:00','2020-03-12 21:03:00',3.46,42.246477,-92.608225,44.219444,-90.078103,1,5,6,4),(472,'2020-03-12 19:45:00','2020-03-12 23:52:00','2020-03-13 00:12:00',7.04,43.036137,-91.185037,48.966404,-86.612868,1,5,6,6),(473,'2020-03-13 09:46:00','2020-03-13 12:20:00','2020-03-13 12:21:00',7.70,46.161973,-93.553752,43.745318,-89.612151,1,5,6,11),(474,'2020-03-13 14:16:00','2020-03-13 15:11:00','2020-03-13 15:11:00',4.68,43.858444,-86.635873,45.245303,-86.865868,1,5,6,12),(475,'2020-03-13 20:51:00','2020-03-13 20:59:00','2020-03-13 21:07:00',2.35,47.551571,-93.516262,47.763978,-93.631326,1,5,6,13),(476,'2020-03-14 08:31:00','2020-03-14 11:28:00','2020-03-14 11:19:00',3.20,46.212736,-90.450061,43.111489,-86.092376,1,5,6,2),(477,'2020-03-14 22:39:00','2020-03-15 01:36:00',NULL,3.11,44.613635,-91.561993,42.349131,-86.568365,1,3,6,7),(478,'2020-03-15 11:46:00','2020-03-15 13:55:00','2020-03-15 13:55:00',2.46,45.691037,-93.094038,47.456700,-88.434387,1,5,6,2),(479,'2020-03-15 14:08:00','2020-03-15 15:11:00','2020-03-15 15:18:00',5.65,48.688415,-89.591499,47.977259,-88.339206,2,5,9,11),(480,'2020-03-15 18:11:00','2020-03-15 22:48:00',NULL,6.67,41.382877,-93.937488,48.163930,-90.367886,1,3,6,6),(481,'2020-03-15 18:41:00','2020-03-15 20:56:00','2020-03-15 20:58:00',5.90,45.985411,-87.210837,43.989581,-91.419585,1,5,6,13),(482,'2020-03-15 21:29:00','2020-03-15 23:17:00',NULL,2.41,44.674717,-86.809757,41.927066,-86.935401,1,3,6,5),(483,'2020-03-16 13:14:00','2020-03-16 15:18:00','2020-03-16 15:23:00',4.64,45.624422,-88.145640,48.398533,-90.570415,1,5,6,12),(484,'2020-03-17 11:42:00','2020-03-17 13:12:00','2020-03-17 13:11:00',6.88,45.889290,-89.678990,47.937181,-88.277127,1,5,6,5),(485,'2020-03-17 12:25:00','2020-03-17 13:40:00','2020-03-17 13:44:00',3.71,47.907046,-93.627780,46.139962,-93.416849,1,5,6,6),(486,'2020-03-18 11:38:00','2020-03-18 16:24:00','2020-03-18 16:20:00',8.24,41.150979,-92.482014,48.136994,-86.868988,1,5,6,9),(487,'2020-03-18 14:49:00','2020-03-18 17:17:00','2020-03-18 17:22:00',9.82,43.955649,-87.736207,47.452016,-88.531297,1,5,6,11),(488,'2020-03-19 13:31:00','2020-03-19 14:27:00','2020-03-19 14:17:00',3.47,45.935398,-88.257099,46.908309,-89.687156,1,5,6,2),(489,'2020-03-20 15:39:00','2020-03-20 17:09:00','2020-03-20 17:11:00',3.91,44.938023,-90.646278,45.954538,-87.288474,1,5,6,2),(490,'2020-03-21 12:59:00','2020-03-21 17:41:00','2020-03-21 17:50:00',8.05,48.087227,-87.907271,42.201963,-90.268369,2,5,1,7),(491,'2020-03-22 15:57:00','2020-03-22 17:47:00',NULL,7.28,46.418085,-89.990555,44.792970,-87.063486,1,3,6,9),(492,'2020-03-22 17:18:00','2020-03-22 19:31:00',NULL,9.46,43.845539,-87.902391,46.951430,-90.535676,1,3,6,5),(493,'2020-03-22 17:58:00','2020-03-22 21:50:00','2020-03-22 21:57:00',2.42,47.071986,-93.892926,47.319412,-86.724160,2,5,7,11),(494,'2020-03-23 18:11:00','2020-03-23 18:37:00','2020-03-23 18:28:00',2.82,45.609884,-93.365584,46.342426,-93.191115,1,5,6,5),(495,'2020-03-24 18:31:00','2020-03-24 20:26:00','2020-03-24 20:23:00',7.14,44.805557,-89.523043,43.968116,-92.590294,2,5,7,7),(496,'2020-03-25 09:53:00','2020-03-25 11:40:00','2020-03-25 11:43:00',6.47,42.821126,-87.537482,43.849212,-91.141492,1,5,6,13),(497,'2020-03-26 11:59:00','2020-03-26 15:28:00','2020-03-26 15:20:00',3.93,48.401296,-87.406121,43.765510,-91.954090,1,5,6,9),(498,'2020-03-27 13:22:00','2020-03-27 17:26:00','2020-03-27 17:30:00',8.15,41.294847,-89.267306,47.778928,-90.303443,1,5,6,4),(499,'2020-03-27 22:19:00','2020-03-28 03:24:00','2020-03-28 03:25:00',1.67,44.082077,-93.367498,42.916282,-86.316099,2,5,9,1),(500,'2020-03-28 16:04:00','2020-03-28 19:10:00','2020-03-28 19:00:00',4.86,46.960110,-88.481781,42.710766,-86.000828,1,5,6,2),(501,'2020-03-29 07:51:00','2020-03-29 10:25:00',NULL,3.41,44.649655,-92.365359,46.224241,-88.782720,2,3,7,13),(502,'2020-03-29 22:27:00','2020-03-30 00:53:00','2020-03-30 00:59:00',3.21,42.577104,-91.122737,42.655004,-86.356768,1,5,6,7),(503,'2020-03-30 09:58:00','2020-03-30 12:09:00','2020-03-30 12:08:00',3.36,47.639178,-87.518751,45.488711,-91.000191,1,5,6,7),(504,'2020-03-30 18:32:00','2020-03-30 21:09:00',NULL,4.14,44.903145,-88.223686,42.172136,-89.468263,2,3,9,3),(505,'2020-03-30 21:00:00','2020-03-30 23:05:00','2020-03-30 23:01:00',5.00,44.751928,-91.611946,41.684485,-89.741736,1,5,6,7),(506,'2020-03-31 11:15:00','2020-03-31 12:32:00','2020-03-31 12:38:00',2.26,48.459087,-88.130946,47.968006,-92.767131,2,5,8,3),(507,'2020-03-31 20:01:00','2020-03-31 21:56:00','2020-03-31 22:00:00',5.97,42.763260,-87.501678,44.201829,-89.485820,2,5,9,1),(508,'2020-04-01 07:02:00','2020-04-01 10:56:00',NULL,2.63,46.627458,-88.988988,41.172685,-92.169609,1,3,6,6),(509,'2020-04-01 12:21:00','2020-04-01 14:56:00','2020-04-01 15:02:00',5.97,43.630013,-90.783724,41.191342,-86.692118,1,5,6,6),(510,'2020-04-01 18:57:00','2020-04-01 20:18:00','2020-04-01 20:16:00',3.45,47.305354,-92.033092,47.918477,-89.308340,1,5,6,12),(511,'2020-04-01 21:33:00','2020-04-01 23:30:00','2020-04-01 23:29:00',3.68,43.996479,-88.612319,42.948968,-92.418203,1,5,6,12),(512,'2020-04-02 15:48:00','2020-04-02 19:05:00','2020-04-02 19:10:00',2.68,45.003458,-88.348329,41.247980,-93.715111,1,5,6,7),(513,'2020-04-03 08:44:00','2020-04-03 10:47:00','2020-04-03 10:40:00',3.99,42.732503,-92.013352,45.735732,-92.281287,1,5,6,9),(514,'2020-04-03 21:57:00','2020-04-03 22:53:00','2020-04-03 23:01:00',4.78,42.996939,-89.513643,41.440966,-89.254241,1,5,6,5),(515,'2020-04-04 18:41:00','2020-04-04 20:41:00','2020-04-04 20:45:00',7.14,45.624046,-87.439258,43.931575,-91.024353,1,5,6,12),(516,'2020-04-04 18:53:00','2020-04-04 22:18:00','2020-04-04 22:27:00',7.67,42.850017,-86.676129,48.069301,-88.625109,1,5,6,9),(517,'2020-04-04 22:40:00','2020-04-04 23:59:00','2020-04-05 00:06:00',4.00,41.966398,-90.005076,42.075428,-92.607631,1,5,6,12),(518,'2020-04-05 08:41:00','2020-04-05 14:57:00','2020-04-05 15:01:00',8.54,42.835956,-93.487201,46.056125,-86.257769,2,5,2,7),(519,'2020-04-05 22:28:00','2020-04-06 01:24:00','2020-04-06 01:19:00',2.21,42.526014,-92.263897,45.102473,-86.695946,1,5,6,5),(520,'2020-04-06 09:59:00','2020-04-06 12:29:00','2020-04-06 12:33:00',9.57,48.345137,-93.701599,44.456596,-93.612223,1,5,6,9),(521,'2020-04-06 12:38:00','2020-04-06 15:59:00','2020-04-06 16:09:00',7.34,45.860976,-93.598319,44.425475,-86.077664,1,5,6,9),(522,'2020-04-06 21:42:00','2020-04-06 22:56:00','2020-04-06 22:48:00',3.00,43.811863,-91.859827,43.265276,-89.094141,1,5,6,9),(523,'2020-04-07 12:15:00','2020-04-07 16:30:00','2020-04-07 16:35:00',6.94,48.646740,-87.288179,43.618887,-93.041031,1,5,6,4),(524,'2020-04-07 17:24:00','2020-04-07 19:32:00','2020-04-07 19:37:00',4.69,45.936352,-88.015861,48.111638,-92.394228,1,5,6,5),(525,'2020-04-08 08:14:00','2020-04-08 11:20:00','2020-04-08 11:11:00',2.32,43.177645,-93.662686,44.153636,-87.243760,1,5,6,13),(526,'2020-04-08 19:54:00','2020-04-09 01:09:00','2020-04-09 01:05:00',4.43,45.976021,-92.527938,41.432246,-88.254953,2,5,1,8),(527,'2020-04-09 19:31:00','2020-04-09 19:37:00',NULL,2.09,44.240080,-89.787477,44.342372,-89.925707,1,3,6,7),(528,'2020-04-10 09:18:00','2020-04-10 10:17:00','2020-04-10 10:25:00',8.91,43.800153,-87.423995,41.479565,-87.330190,2,5,5,4),(529,'2020-04-11 10:11:00','2020-04-11 12:31:00','2020-04-11 12:38:00',6.81,44.217277,-90.366807,41.514134,-86.328909,1,5,6,2),(530,'2020-04-12 10:39:00','2020-04-12 14:32:00','2020-04-12 14:25:00',3.22,47.929075,-92.794282,42.241364,-91.410332,1,5,6,2),(531,'2020-04-12 16:20:00','2020-04-12 18:07:00','2020-04-12 18:04:00',4.72,47.607874,-86.928002,48.536369,-93.534149,2,5,5,1),(532,'2020-04-13 02:31:00','2020-04-13 04:44:00','2020-04-13 04:49:00',1.33,45.709613,-87.019302,45.774651,-91.068841,2,5,7,7),(533,'2020-04-13 11:47:00','2020-04-13 14:06:00','2020-04-13 14:05:00',9.30,45.570172,-93.188934,47.344814,-88.709126,1,5,6,9),(534,'2020-04-14 02:24:00','2020-04-14 04:15:00','2020-04-14 04:14:00',3.87,44.671032,-92.351682,46.228492,-88.802493,1,5,6,4),(535,'2020-04-14 11:28:00','2020-04-14 14:53:00','2020-04-14 15:00:00',4.16,42.551663,-93.488787,46.901076,-90.028257,1,5,6,2),(536,'2020-04-15 20:18:00','2020-04-15 21:40:00','2020-04-15 21:48:00',5.55,44.964198,-89.578728,43.213766,-88.194985,1,5,6,9),(537,'2020-04-16 18:29:00','2020-04-16 19:21:00',NULL,4.30,47.172647,-87.704296,45.960581,-88.084210,1,3,6,13),(538,'2020-04-17 11:02:00','2020-04-17 13:12:00','2020-04-17 13:22:00',6.88,46.396510,-89.599443,46.813254,-86.135398,2,5,7,1),(539,'2020-04-17 21:21:00','2020-04-17 22:51:00','2020-04-17 22:50:00',6.64,43.771415,-87.804750,47.662005,-87.275725,2,5,8,5),(540,'2020-04-18 16:14:00','2020-04-18 17:27:00','2020-04-18 17:28:00',2.47,44.802082,-89.665732,43.265093,-87.677338,1,5,6,11),(541,'2020-04-19 09:08:00','2020-04-19 13:14:00','2020-04-19 13:07:00',2.52,41.548005,-87.466414,48.023915,-86.481185,1,5,6,5),(542,'2020-04-20 13:57:00','2020-04-20 18:55:00','2020-04-20 19:04:00',3.11,48.440765,-93.355767,45.898869,-87.438352,2,5,2,3),(543,'2020-04-20 17:20:00','2020-04-20 20:07:00','2020-04-20 20:11:00',6.66,42.755402,-91.963000,45.918795,-91.517027,2,5,1,3),(544,'2020-04-21 19:28:00','2020-04-21 22:31:00','2020-04-21 22:24:00',2.09,44.126058,-86.353542,45.854117,-92.668790,1,5,6,4),(545,'2020-04-22 13:11:00','2020-04-22 16:05:00','2020-04-22 15:52:00',9.47,45.252081,-91.135705,42.565231,-86.766729,1,5,6,11),(546,'2020-04-22 17:29:00','2020-04-22 23:08:00','2020-04-22 23:01:00',2.61,46.802923,-90.456814,41.307163,-87.093742,2,5,2,5),(547,'2020-04-22 22:01:00','2020-04-22 23:45:00','2020-04-22 23:44:00',6.10,43.811102,-88.109815,46.017617,-86.582469,1,5,6,11),(548,'2020-04-23 02:47:00','2020-04-23 08:47:00','2020-04-23 08:45:00',6.86,42.489604,-91.556034,48.751015,-86.576820,2,5,4,7),(549,'2020-04-23 07:42:00','2020-04-23 11:31:00','2020-04-23 11:32:00',3.92,46.535468,-93.502477,42.881209,-86.086523,1,5,6,9),(550,'2020-04-23 15:07:00','2020-04-23 16:17:00','2020-04-23 16:11:00',4.94,43.541549,-93.598969,43.380505,-91.300567,1,5,6,7),(551,'2020-04-24 17:43:00','2020-04-24 21:04:00',NULL,8.22,48.244149,-93.954402,43.495542,-89.659083,1,3,6,11),(552,'2020-04-25 14:20:00','2020-04-25 20:19:00','2020-04-25 20:22:00',4.16,42.374365,-90.148730,48.133252,-93.887551,2,5,1,4),(553,'2020-04-26 10:02:00','2020-04-26 15:26:00','2020-04-26 15:38:00',6.57,41.058279,-87.764025,48.005035,-93.682747,1,5,6,11),(554,'2020-04-26 16:50:00','2020-04-26 19:30:00',NULL,2.35,41.300144,-91.345691,45.371113,-88.107363,1,3,6,13),(555,'2020-04-27 08:25:00','2020-04-27 11:55:00','2020-04-27 12:04:00',5.19,46.261815,-92.247714,41.975984,-86.376936,1,5,6,5),(556,'2020-04-28 07:42:00','2020-04-28 08:37:00','2020-04-28 08:31:00',4.66,46.807929,-86.444294,45.354742,-86.893405,1,5,6,5),(557,'2020-04-28 16:57:00','2020-04-28 18:24:00','2020-04-28 18:14:00',2.76,46.810824,-93.818149,48.476783,-89.161638,2,5,8,7),(558,'2020-04-29 19:00:00','2020-04-29 22:05:00','2020-04-29 22:06:00',6.96,41.804394,-92.799472,44.589457,-87.654300,1,5,6,4),(559,'2020-04-30 03:54:00','2020-04-30 06:26:00','2020-04-30 06:14:00',5.48,42.239141,-90.818256,45.191298,-90.588742,2,5,7,3),(560,'2020-04-30 14:46:00','2020-04-30 16:20:00','2020-04-30 16:15:00',3.78,45.655912,-91.664167,46.711427,-88.450363,1,5,6,12),(561,'2020-05-01 06:38:00','2020-05-01 09:01:00','2020-05-01 09:03:00',5.39,44.172749,-87.549057,47.736467,-87.670493,1,5,6,13),(562,'2020-05-01 11:31:00','2020-05-01 15:08:00',NULL,5.20,46.466131,-86.631932,45.441945,-93.894476,1,3,6,6),(563,'2020-05-01 21:53:00','2020-05-02 01:22:00','2020-05-02 01:40:00',5.35,46.745455,-91.731069,43.108289,-90.265348,2,5,2,3),(564,'2020-05-02 09:43:00','2020-05-02 10:48:00',NULL,4.14,43.385702,-89.181080,41.937496,-87.769282,1,3,6,7),(565,'2020-05-02 14:05:00','2020-05-02 15:07:00','2020-05-02 14:57:00',6.41,46.228429,-86.858017,45.024630,-87.302798,2,5,3,1),(566,'2020-05-02 15:54:00','2020-05-02 17:29:00','2020-05-02 17:34:00',2.48,41.740233,-86.741238,43.073111,-89.410728,1,5,6,11),(567,'2020-05-03 08:34:00','2020-05-03 10:31:00','2020-05-03 10:25:00',6.81,47.911310,-89.051183,45.010158,-88.795662,1,5,6,2),(568,'2020-05-04 09:39:00','2020-05-04 11:15:00','2020-05-04 11:05:00',3.83,45.676779,-88.278960,47.574860,-86.288817,1,5,6,13),(569,'2020-05-04 10:21:00','2020-05-04 11:15:00',NULL,3.24,47.099547,-92.246632,47.468200,-90.919102,2,3,9,11),(570,'2020-05-04 14:09:00','2020-05-04 17:27:00','2020-05-04 17:27:00',7.68,42.771469,-92.446390,43.453645,-86.392603,2,5,3,1),(571,'2020-05-04 19:16:00','2020-05-04 22:35:00','2020-05-04 22:42:00',8.23,45.908425,-89.429662,41.126418,-91.078923,1,5,6,9),(572,'2020-05-05 14:49:00','2020-05-05 17:40:00','2020-05-05 17:43:00',6.37,44.350217,-92.215997,47.869367,-89.005176,1,5,6,2),(573,'2020-05-05 19:28:00','2020-05-05 21:03:00','2020-05-05 21:01:00',3.40,45.822908,-88.438649,46.338032,-91.993895,1,5,6,2),(574,'2020-05-06 06:06:00','2020-05-06 09:46:00','2020-05-06 09:55:00',3.00,47.838796,-86.290979,43.028716,-90.983482,1,5,6,9),(575,'2020-05-06 14:17:00','2020-05-06 15:28:00','2020-05-06 15:25:00',2.60,46.173359,-91.152219,47.718827,-92.949207,1,5,6,7),(576,'2020-05-07 08:20:00','2020-05-07 10:13:00','2020-05-07 10:19:00',5.62,42.394415,-88.182660,41.903454,-90.934749,2,5,1,3),(577,'2020-05-07 21:47:00','2020-05-08 00:20:00','2020-05-08 00:15:00',4.92,45.536826,-92.501479,42.882131,-89.084910,1,5,6,4),(578,'2020-05-08 08:50:00','2020-05-08 12:02:00','2020-05-08 11:56:00',4.11,48.244153,-89.281827,42.858404,-90.862496,1,5,6,9),(579,'2020-05-08 12:33:00','2020-05-08 14:38:00','2020-05-08 14:36:00',3.75,46.280839,-86.270676,47.804104,-91.167453,1,5,6,12),(580,'2020-05-08 22:28:00','2020-05-08 23:09:00','2020-05-08 23:00:00',2.70,48.711948,-89.625603,47.736141,-89.442483,1,5,6,13),(581,'2020-05-09 16:09:00','2020-05-09 17:56:00','2020-05-09 17:42:00',7.12,46.089227,-87.788539,48.789621,-89.686276,1,5,6,7),(582,'2020-05-09 21:02:00','2020-05-10 00:08:00',NULL,5.73,43.469052,-86.350653,47.839577,-90.750155,1,3,6,4),(583,'2020-05-10 15:59:00','2020-05-10 17:11:00','2020-05-10 17:14:00',4.88,47.127882,-92.627921,45.476749,-91.732492,1,5,6,7),(584,'2020-05-10 19:55:00','2020-05-10 22:35:00','2020-05-10 22:41:00',2.79,44.036940,-90.702818,48.375088,-91.016104,1,5,6,11),(585,'2020-05-12 18:21:00','2020-05-12 20:04:00','2020-05-12 20:14:00',6.70,41.440132,-88.917222,41.093495,-92.780858,1,5,6,6),(586,'2020-05-13 09:13:00','2020-05-13 13:42:00',NULL,8.29,48.242686,-89.407316,42.235360,-93.601250,1,3,6,5),(587,'2020-05-13 18:29:00','2020-05-13 23:41:00','2020-05-13 23:40:00',7.77,41.178839,-89.183433,48.546317,-86.718117,1,5,6,4),(588,'2020-05-14 11:55:00','2020-05-14 15:33:00','2020-05-14 15:42:00',3.96,42.905341,-91.718777,46.690095,-88.393197,2,5,4,8),(589,'2020-05-15 09:26:00','2020-05-15 12:04:00','2020-05-15 11:58:00',7.02,45.433850,-89.856294,48.416982,-93.346209,1,5,6,2),(590,'2020-05-15 13:47:00','2020-05-15 16:36:00','2020-05-15 16:31:00',3.54,47.231582,-92.770263,44.453940,-88.419510,1,5,6,12),(591,'2020-05-16 10:52:00','2020-05-16 12:43:00','2020-05-16 12:53:00',4.87,41.185249,-90.634084,41.273836,-86.728568,1,5,6,12),(592,'2020-05-17 12:35:00','2020-05-17 14:20:00','2020-05-17 14:10:00',8.75,41.251892,-90.290770,42.790474,-88.175319,2,5,3,11),(593,'2020-05-18 18:23:00','2020-05-18 21:54:00','2020-05-18 22:01:00',2.31,41.356868,-90.969876,47.080017,-88.690286,1,5,6,4),(594,'2020-05-19 15:49:00','2020-05-19 17:10:00','2020-05-19 17:13:00',2.96,41.220677,-93.409147,43.292235,-92.311385,1,5,6,7),(595,'2020-05-20 07:35:00','2020-05-20 11:56:00','2020-05-20 12:06:00',8.25,41.774694,-89.101237,47.169731,-93.847632,1,5,6,2),(596,'2020-05-20 11:39:00','2020-05-20 14:43:00',NULL,7.66,41.193272,-91.521890,44.810737,-90.380644,2,3,4,5),(597,'2020-05-20 20:53:00','2020-05-20 22:59:00','2020-05-20 22:50:00',7.71,41.761919,-89.536886,45.029813,-87.240277,1,5,6,2),(598,'2020-05-20 22:01:00','2020-05-20 23:56:00','2020-05-20 23:58:00',4.57,43.667093,-90.425303,42.872207,-87.363056,2,5,3,3),(599,'2020-05-21 19:16:00','2020-05-21 22:43:00','2020-05-21 23:02:00',4.17,43.411885,-86.059471,41.466990,-91.486637,2,5,1,13),(600,'2020-05-22 00:39:00','2020-05-22 02:56:00','2020-05-22 02:54:00',2.84,46.483154,-93.708154,42.009769,-89.826692,2,5,5,5),(601,'2020-05-22 18:26:00','2020-05-22 20:25:00','2020-05-22 20:25:00',4.12,48.652645,-92.870442,47.689855,-87.939397,1,5,6,7),(602,'2020-05-23 18:02:00','2020-05-23 21:22:00','2020-05-23 21:19:00',7.92,45.312323,-86.647051,48.827774,-92.919975,1,5,6,7),(603,'2020-05-23 21:24:00','2020-05-23 21:27:00','2020-05-23 21:30:00',2.03,42.568587,-87.931162,42.638428,-88.014374,1,5,6,7),(604,'2020-05-24 16:12:00','2020-05-24 17:52:00','2020-05-24 17:52:00',7.58,43.594910,-91.955729,43.436624,-87.949690,1,5,6,5),(605,'2020-05-24 22:11:00','2020-05-25 00:21:00','2020-05-25 00:16:00',7.28,47.870166,-93.539899,46.690009,-90.930256,2,5,9,13),(606,'2020-05-25 09:05:00','2020-05-25 10:55:00','2020-05-25 10:49:00',4.81,48.652332,-88.312725,46.479378,-91.664932,1,5,6,7),(607,'2020-05-25 19:08:00','2020-05-25 21:23:00','2020-05-25 21:20:00',3.64,46.715843,-89.832780,44.688570,-88.058809,2,5,2,8),(608,'2020-05-26 14:23:00','2020-05-26 16:06:00','2020-05-26 16:02:00',2.44,41.143579,-90.693468,41.101921,-87.409990,1,5,6,7),(609,'2020-05-27 15:28:00','2020-05-27 17:10:00','2020-05-27 17:03:00',7.21,44.433662,-92.889330,44.252366,-89.070179,1,5,6,11),(610,'2020-05-28 11:51:00','2020-05-28 15:04:00','2020-05-28 14:56:00',8.68,47.184324,-86.096390,45.965078,-92.885440,1,5,6,2),(611,'2020-05-29 08:49:00','2020-05-29 10:24:00','2020-05-29 10:27:00',3.38,44.884547,-91.955638,47.568169,-91.292239,1,5,6,13),(612,'2020-05-29 14:11:00','2020-05-29 21:08:00',NULL,4.63,41.159564,-86.019402,48.424298,-88.820306,2,3,9,4),(613,'2020-05-29 18:36:00','2020-05-29 18:59:00','2020-05-29 18:56:00',2.68,43.052916,-89.076937,43.456569,-88.486347,1,5,6,7),(614,'2020-05-30 14:40:00','2020-05-30 16:11:00','2020-05-30 16:01:00',4.73,44.860838,-93.798058,46.427194,-91.469854,1,5,6,4),(615,'2020-05-30 18:42:00','2020-05-30 22:21:00','2020-05-30 22:17:00',3.22,42.396562,-90.480098,46.409824,-93.510584,2,5,7,3),(616,'2020-05-31 10:44:00','2020-05-31 12:17:00','2020-05-31 12:11:00',5.83,43.450763,-92.074504,43.275193,-88.400522,1,5,6,12),(617,'2020-06-01 02:34:00','2020-06-01 07:41:00','2020-06-01 07:43:00',7.79,43.415423,-89.471505,48.396204,-86.604463,2,5,9,5),(618,'2020-06-01 13:14:00','2020-06-01 15:26:00','2020-06-01 15:22:00',9.11,45.033592,-88.428118,48.758634,-87.922477,1,5,6,6),(619,'2020-06-01 14:30:00','2020-06-01 17:03:00','2020-06-01 17:05:00',4.24,44.413672,-86.046877,46.524600,-90.236370,1,5,6,11),(620,'2020-06-02 11:25:00','2020-06-02 14:28:00','2020-06-02 14:31:00',5.45,47.318696,-86.036964,45.859095,-93.593634,1,5,6,9),(621,'2020-06-02 13:45:00','2020-06-02 15:18:00','2020-06-02 15:13:00',3.63,43.177440,-89.260683,42.164266,-86.396623,1,5,6,12),(622,'2020-06-02 16:43:00','2020-06-02 20:23:00','2020-06-02 20:19:00',3.25,47.858913,-89.211192,44.367299,-91.529926,2,5,9,4),(623,'2020-06-03 09:03:00','2020-06-03 11:42:00','2020-06-03 11:41:00',8.30,46.420790,-91.767656,43.899349,-86.200284,1,5,6,7),(624,'2020-06-03 13:19:00','2020-06-03 15:35:00','2020-06-03 15:29:00',7.11,44.070993,-91.220578,45.684129,-86.917618,1,5,6,7),(625,'2020-06-04 02:37:00','2020-06-04 03:47:00','2020-06-04 03:39:00',2.30,44.330338,-90.079647,42.610754,-89.707290,1,5,6,9),(626,'2020-06-04 08:32:00','2020-06-04 08:52:00','2020-06-04 08:45:00',2.08,47.652070,-93.414231,47.972635,-92.894134,1,5,6,11),(627,'2020-06-04 23:15:00','2020-06-05 01:25:00','2020-06-05 01:33:00',8.92,42.567705,-92.075688,45.918444,-91.180714,1,5,6,2),(628,'2020-06-05 14:13:00','2020-06-05 17:28:00','2020-06-05 17:36:00',5.96,48.715344,-88.766618,44.020876,-86.595766,1,5,6,12),(629,'2020-06-06 08:24:00','2020-06-06 09:32:00',NULL,2.58,47.283064,-88.864046,47.830580,-91.254966,1,3,6,13),(630,'2020-06-06 17:09:00','2020-06-06 19:12:00','2020-06-06 19:22:00',2.20,43.892625,-87.777777,47.433240,-88.500470,1,5,6,4),(631,'2020-06-06 20:32:00','2020-06-07 01:40:00','2020-06-07 01:40:00',1.11,41.144913,-92.635004,47.390240,-90.143786,2,5,3,3),(632,'2020-06-07 07:09:00','2020-06-07 08:26:00','2020-06-07 08:19:00',3.69,41.271571,-91.841375,42.978410,-90.583824,1,5,6,11),(633,'2020-06-07 09:12:00','2020-06-07 11:38:00',NULL,4.24,48.123690,-90.279930,46.229279,-87.013813,2,3,1,1),(634,'2020-06-08 14:54:00','2020-06-08 18:06:00','2020-06-08 18:04:00',2.99,46.110630,-90.860071,41.367756,-93.581009,1,5,6,6),(635,'2020-06-09 04:06:00','2020-06-09 06:36:00','2020-06-09 06:38:00',7.12,43.158410,-92.941328,47.818131,-87.085361,2,5,5,7),(636,'2020-06-09 12:28:00','2020-06-09 15:22:00',NULL,4.02,44.504791,-86.070173,46.134759,-92.115686,1,3,6,2),(637,'2020-06-09 12:43:00','2020-06-09 14:44:00','2020-06-09 14:39:00',6.24,44.546727,-86.682343,42.948104,-90.212451,1,5,6,7),(638,'2020-06-09 20:45:00','2020-06-09 21:07:00','2020-06-09 20:54:00',2.52,48.088180,-93.085959,48.305668,-92.213784,1,5,6,7),(639,'2020-06-10 09:40:00','2020-06-10 11:12:00','2020-06-10 11:05:00',1.69,45.332537,-88.456497,47.719907,-93.030976,2,5,5,1),(640,'2020-06-10 18:32:00','2020-06-10 21:31:00','2020-06-10 21:25:00',8.37,44.528215,-87.934412,44.743296,-93.480285,2,5,4,3),(641,'2020-06-10 22:06:00','2020-06-11 00:21:00','2020-06-11 00:31:00',3.53,46.945245,-91.537736,43.475583,-89.008873,1,5,6,11),(642,'2020-06-11 12:51:00','2020-06-11 13:46:00','2020-06-11 13:52:00',6.07,43.246763,-88.576868,45.375372,-88.392535,1,5,10,4),(643,'2020-06-11 22:34:00','2020-06-12 00:49:00','2020-06-12 00:45:00',6.68,46.214277,-90.580776,42.453287,-88.991237,1,5,6,12),(644,'2020-06-12 16:39:00','2020-06-12 20:24:00','2020-06-12 20:28:00',2.95,48.913636,-91.681551,44.851336,-89.698663,2,5,7,1),(645,'2020-06-13 12:31:00','2020-06-13 13:50:00','2020-06-13 13:41:00',6.56,44.198401,-92.056264,41.123479,-91.213813,2,5,5,8),(646,'2020-06-13 12:54:00','2020-06-13 13:44:00','2020-06-13 13:37:00',5.24,45.011747,-87.442047,45.754525,-89.901234,1,5,10,13),(647,'2020-06-14 16:14:00','2020-06-14 18:29:00','2020-06-14 18:48:00',4.35,41.642686,-88.388458,43.129651,-92.186369,1,5,6,4),(648,'2020-06-14 22:26:00','2020-06-15 00:18:00','2020-06-15 00:19:00',6.90,48.814302,-91.543902,45.837584,-93.180376,1,5,6,5),(649,'2020-06-15 09:34:00','2020-06-15 09:59:00','2020-06-15 09:53:00',2.03,46.511838,-92.779851,46.565228,-93.834307,1,5,6,2),(650,'2020-06-16 13:36:00','2020-06-16 14:29:00','2020-06-16 14:35:00',1.17,42.858970,-92.538283,42.731678,-89.726764,2,5,8,5),(651,'2020-06-16 22:24:00','2020-06-17 00:57:00','2020-06-17 01:05:00',1.50,47.967150,-90.417595,46.010575,-87.694339,2,5,7,7),(652,'2020-06-17 11:11:00','2020-06-17 12:01:00','2020-06-17 11:58:00',1.38,42.704449,-92.725718,42.258062,-91.532537,2,5,1,11),(653,'2020-06-18 11:40:00','2020-06-18 14:52:00','2020-06-18 14:52:00',5.49,41.671973,-93.580637,41.080894,-86.853618,1,5,6,11),(654,'2020-06-19 07:44:00','2020-06-19 11:35:00','2020-06-19 11:26:00',7.74,48.349820,-92.107027,44.415404,-90.601899,2,5,1,1),(655,'2020-06-19 20:26:00','2020-06-19 22:45:00','2020-06-19 22:49:00',8.44,43.343859,-91.124877,48.344035,-89.905193,1,5,10,2),(656,'2020-06-20 13:17:00','2020-06-20 16:28:00','2020-06-20 16:34:00',1.97,44.362286,-88.706532,41.380482,-91.977993,2,5,4,4),(657,'2020-06-20 21:34:00','2020-06-20 23:52:00','2020-06-20 23:49:00',4.08,42.970604,-93.872219,43.727097,-88.747861,1,5,6,12),(658,'2020-06-21 01:01:00','2020-06-21 01:38:00','2020-06-21 01:31:00',2.04,47.055426,-89.202171,46.822866,-87.279153,3,5,11,7),(659,'2020-06-21 09:37:00','2020-06-21 10:05:00','2020-06-21 10:11:00',3.62,43.608942,-90.179350,44.276423,-89.079836,3,5,11,13),(660,'2020-06-22 15:07:00','2020-06-22 16:28:00','2020-06-22 16:37:00',6.46,45.874994,-91.375475,47.497644,-93.385356,1,5,6,4),(661,'2020-06-23 02:35:00','2020-06-23 07:20:00','2020-06-23 07:12:00',9.66,48.550212,-89.431857,41.190081,-90.754027,1,5,6,9),(662,'2020-06-23 18:59:00','2020-06-23 20:48:00',NULL,4.46,45.121243,-91.532025,48.976147,-93.523192,1,3,10,7),(663,'2020-06-24 09:39:00','2020-06-24 10:16:00','2020-06-24 10:15:00',1.72,45.289765,-89.068038,44.790513,-89.843322,2,5,7,11),(664,'2020-06-24 11:21:00','2020-06-24 13:38:00','2020-06-24 13:45:00',3.69,44.383033,-91.031940,45.691203,-87.448167,2,5,1,3),(665,'2020-06-25 02:33:00','2020-06-25 04:09:00','2020-06-25 04:13:00',2.64,46.518881,-90.156718,43.659770,-92.230997,3,5,11,11),(666,'2020-06-25 22:55:00','2020-06-26 00:38:00','2020-06-26 00:33:00',6.79,46.220060,-91.233867,47.170487,-87.445964,1,5,6,11),(667,'2020-06-26 07:16:00','2020-06-26 09:03:00','2020-06-26 08:56:00',4.09,44.266429,-90.529788,48.551773,-90.651770,1,5,10,7),(668,'2020-06-26 13:22:00','2020-06-26 13:49:00','2020-06-26 13:43:00',2.26,45.249746,-93.985173,44.324898,-93.419993,1,5,10,6),(669,'2020-06-27 02:54:00','2020-06-27 05:09:00','2020-06-27 05:04:00',7.81,44.151380,-87.706946,47.011131,-90.823506,1,5,6,13),(670,'2020-06-27 17:46:00','2020-06-27 20:33:00','2020-06-27 20:27:00',4.77,44.803730,-87.033518,48.421220,-93.793344,1,5,10,6),(671,'2020-06-27 21:46:00','2020-06-27 23:20:00','2020-06-27 23:38:00',2.51,46.848171,-93.804978,48.430597,-89.432081,1,5,10,12),(672,'2020-06-28 02:27:00','2020-06-28 05:08:00','2020-06-28 05:06:00',5.68,41.895858,-87.359902,47.512915,-89.355719,1,5,10,12),(673,'2020-06-28 16:30:00','2020-06-28 18:20:00','2020-06-28 18:11:00',7.63,45.354992,-87.715205,43.359000,-93.059386,1,5,10,12),(674,'2020-06-28 18:36:00','2020-06-28 19:40:00','2020-06-28 19:37:00',6.36,44.872053,-88.122358,42.772050,-86.772678,1,5,10,12),(675,'2020-06-28 22:24:00','2020-06-29 01:01:00',NULL,2.06,44.742304,-93.336333,41.091421,-87.533893,3,3,11,5),(676,'2020-06-28 22:56:00','2020-06-29 02:00:00','2020-06-29 02:02:00',4.80,41.746400,-90.925703,46.132283,-93.561473,1,5,6,7),(677,'2020-06-29 19:00:00','2020-06-29 20:16:00','2020-06-29 20:21:00',2.66,46.461326,-88.343875,44.896648,-91.485134,1,5,10,7),(678,'2020-06-30 11:55:00','2020-06-30 14:40:00','2020-06-30 14:39:00',3.99,47.804456,-91.188542,42.643924,-86.214755,1,5,10,7),(679,'2020-06-30 22:27:00','2020-07-01 00:48:00','2020-07-01 00:52:00',7.51,47.069375,-88.546440,42.059677,-89.062296,1,5,10,11),(680,'2020-07-01 11:32:00','2020-07-01 13:24:00','2020-07-01 13:34:00',2.91,44.916136,-93.964463,45.429278,-87.960223,1,5,10,5),(681,'2020-07-01 18:32:00','2020-07-01 20:21:00','2020-07-01 20:12:00',4.87,46.922676,-93.802443,48.219758,-90.493883,2,5,4,4),(682,'2020-07-01 18:48:00','2020-07-01 19:41:00','2020-07-01 19:46:00',3.33,44.295661,-88.570304,42.261500,-87.981590,1,5,10,5),(683,'2020-07-02 08:28:00','2020-07-02 10:39:00','2020-07-02 10:34:00',9.40,44.275446,-89.035993,47.993694,-89.923548,1,5,6,6),(684,'2020-07-02 11:13:00','2020-07-02 13:46:00','2020-07-02 13:36:00',7.30,41.324751,-93.129172,44.379888,-87.713045,3,5,11,7),(685,'2020-07-03 17:50:00','2020-07-03 18:55:00',NULL,6.84,46.437503,-91.494623,45.214377,-88.444247,1,3,10,9),(686,'2020-07-03 21:21:00','2020-07-04 00:10:00',NULL,2.46,46.790871,-93.340455,42.925111,-86.353077,1,3,10,9),(687,'2020-07-04 13:08:00','2020-07-04 14:38:00','2020-07-04 14:38:00',6.28,44.556278,-92.225625,47.203039,-92.307928,1,5,6,11),(688,'2020-07-05 13:16:00','2020-07-05 14:22:00','2020-07-05 14:26:00',1.08,44.452218,-91.011303,45.586832,-88.031930,2,5,8,5),(689,'2020-07-05 21:17:00','2020-07-05 23:17:00','2020-07-05 23:26:00',7.93,42.792250,-87.376617,44.740164,-87.169329,2,5,9,13),(690,'2020-07-05 22:59:00','2020-07-06 03:04:00','2020-07-06 03:09:00',4.89,48.492840,-86.237661,41.333177,-91.621134,1,5,10,2),(691,'2020-07-06 03:15:00','2020-07-06 04:03:00','2020-07-06 04:06:00',6.04,41.492906,-92.004498,41.498791,-89.492548,2,5,5,11),(692,'2020-07-06 21:10:00','2020-07-06 23:39:00','2020-07-06 23:42:00',9.47,44.139736,-86.266343,46.249078,-90.955581,1,5,6,6),(693,'2020-07-07 09:02:00','2020-07-07 10:32:00','2020-07-07 10:39:00',8.62,44.754504,-93.252271,41.475130,-93.867536,1,5,10,7),(694,'2020-07-07 13:38:00','2020-07-07 16:44:00','2020-07-07 16:51:00',5.27,42.943401,-91.689154,46.724027,-88.312405,1,5,6,4),(695,'2020-07-07 19:35:00','2020-07-07 22:41:00','2020-07-07 22:40:00',5.37,42.230573,-92.425345,45.181556,-93.816183,2,5,9,11),(696,'2020-07-07 21:11:00','2020-07-07 22:56:00','2020-07-07 22:54:00',7.09,44.492506,-87.635868,46.343144,-86.376676,2,5,4,3),(697,'2020-07-08 07:53:00','2020-07-08 10:44:00','2020-07-08 10:38:00',2.52,46.680135,-93.416791,42.875643,-86.371413,1,5,10,7),(698,'2020-07-08 18:20:00','2020-07-08 20:56:00','2020-07-08 20:51:00',7.04,44.305706,-86.260917,45.778297,-93.325762,1,5,10,12),(699,'2020-07-09 10:33:00','2020-07-09 13:25:00','2020-07-09 13:19:00',3.89,44.848355,-92.906497,42.922451,-87.668254,1,5,6,7),(700,'2020-07-09 12:44:00','2020-07-09 13:36:00','2020-07-09 13:39:00',4.62,43.325715,-87.112791,44.458901,-89.367121,1,5,10,11),(701,'2020-07-10 08:44:00','2020-07-10 10:23:00','2020-07-10 10:19:00',3.23,48.964314,-88.359162,45.311249,-89.366271,2,5,8,8),(702,'2020-07-10 11:51:00','2020-07-10 15:28:00','2020-07-10 15:35:00',5.77,48.842153,-93.733102,42.808030,-93.760541,1,5,6,5),(703,'2020-07-10 18:14:00','2020-07-10 20:23:00','2020-07-10 20:20:00',2.95,43.404819,-88.024507,47.663009,-86.611435,1,5,10,5),(704,'2020-07-11 10:59:00','2020-07-11 12:32:00','2020-07-11 12:24:00',5.86,45.717030,-89.814225,47.777785,-88.668399,1,5,6,5),(705,'2020-07-11 17:58:00','2020-07-11 20:26:00','2020-07-11 20:29:00',6.76,47.368515,-86.325498,44.266967,-92.688672,1,5,10,2),(706,'2020-07-12 08:23:00','2020-07-12 09:07:00','2020-07-12 09:13:00',3.13,42.929246,-89.604297,41.190776,-90.233227,1,5,10,9),(707,'2020-07-12 15:43:00','2020-07-12 17:59:00','2020-07-12 17:54:00',2.47,43.291853,-93.581815,44.215367,-87.177721,1,5,10,11),(708,'2020-07-13 04:25:00','2020-07-13 05:17:00','2020-07-13 05:17:00',3.44,41.500891,-90.340594,41.794356,-93.006435,1,5,10,12),(709,'2020-07-13 17:13:00','2020-07-13 18:02:00','2020-07-13 18:10:00',4.54,46.303983,-89.902783,45.574137,-91.420969,1,5,6,4),(710,'2020-07-14 07:22:00','2020-07-14 08:29:00','2020-07-14 08:35:00',2.15,43.891422,-88.283764,44.906916,-91.614128,1,5,10,2),(711,'2020-07-14 18:47:00','2020-07-14 19:53:00','2020-07-14 20:01:00',3.09,45.952677,-88.857886,43.852538,-87.163652,1,5,10,5),(712,'2020-07-15 10:46:00','2020-07-15 14:45:00','2020-07-15 14:47:00',7.70,42.470417,-88.539467,47.891416,-91.924519,1,5,6,13),(713,'2020-07-15 21:36:00','2020-07-16 00:36:00','2020-07-16 00:30:00',9.57,42.065160,-88.801326,47.797891,-91.606566,1,5,10,2),(714,'2020-07-16 13:27:00','2020-07-16 15:37:00','2020-07-16 15:36:00',3.41,46.866926,-92.340803,47.695207,-89.501554,2,5,9,4),(715,'2020-07-17 12:35:00','2020-07-17 14:42:00','2020-07-17 14:38:00',4.19,48.030144,-87.405861,44.880263,-86.381101,1,5,6,4),(716,'2020-07-17 12:58:00','2020-07-17 16:18:00','2020-07-17 16:27:00',6.26,46.719133,-87.287108,41.407061,-88.103369,1,5,6,12),(717,'2020-07-18 15:12:00','2020-07-18 17:25:00',NULL,3.76,46.337808,-89.262587,48.673644,-93.844022,1,3,6,12),(718,'2020-07-19 09:00:00','2020-07-19 11:04:00','2020-07-19 11:10:00',9.73,46.174888,-91.585928,45.545695,-86.513741,1,5,6,7),(719,'2020-07-19 22:20:00','2020-07-19 22:47:00',NULL,3.34,42.960696,-87.600162,43.117104,-86.613994,1,3,6,6),(720,'2020-07-20 20:00:00','2020-07-20 21:38:00','2020-07-20 21:35:00',7.82,44.328742,-91.954509,41.241228,-90.930333,1,5,10,9),(721,'2020-07-21 13:21:00','2020-07-21 14:11:00','2020-07-21 14:11:00',4.82,42.095291,-91.395727,42.735493,-93.135353,1,5,6,9),(722,'2020-07-21 14:03:00','2020-07-21 16:10:00','2020-07-21 16:02:00',5.73,41.534797,-90.378633,41.502442,-86.351891,2,5,3,11),(723,'2020-07-21 22:58:00','2020-07-21 23:32:00','2020-07-21 23:40:00',2.88,43.884406,-91.885542,42.919073,-90.748010,1,5,10,4),(724,'2020-07-22 14:58:00','2020-07-22 17:25:00','2020-07-22 17:21:00',3.02,44.672530,-90.174652,41.109149,-88.930296,1,5,6,7),(725,'2020-07-23 10:47:00','2020-07-23 11:37:00','2020-07-23 11:34:00',2.76,44.098435,-88.462119,43.394101,-90.643136,1,5,10,4),(726,'2020-07-23 16:09:00','2020-07-23 18:04:00','2020-07-23 18:00:00',7.71,48.038222,-86.944886,47.160904,-92.360821,1,5,10,13),(727,'2020-07-24 10:27:00','2020-07-24 13:48:00','2020-07-24 13:41:00',4.52,46.652198,-93.078218,44.652315,-86.503771,1,5,6,5),(728,'2020-07-25 19:52:00','2020-07-25 22:00:00','2020-07-25 21:53:00',4.45,42.212594,-89.089447,45.914984,-92.156741,3,5,11,11),(729,'2020-07-26 07:30:00','2020-07-26 08:40:00','2020-07-26 08:42:00',2.87,47.194142,-91.114252,44.846315,-91.425671,1,5,10,5),(730,'2020-07-26 14:44:00','2020-07-26 16:39:00',NULL,6.68,46.335223,-91.928343,43.352617,-88.451886,1,3,10,5),(731,'2020-07-26 22:50:00','2020-07-27 00:45:00','2020-07-27 00:44:00',4.06,45.056451,-88.633871,47.661293,-92.791921,1,5,10,11),(732,'2020-07-27 07:41:00','2020-07-27 09:45:00','2020-07-27 09:49:00',2.50,42.622859,-92.108258,45.590134,-92.724557,1,5,6,2),(733,'2020-07-27 17:41:00','2020-07-27 18:51:00','2020-07-27 18:42:00',5.91,46.406460,-90.188258,43.839333,-91.238564,1,5,10,6),(734,'2020-07-27 18:15:00','2020-07-27 21:00:00','2020-07-27 21:05:00',2.14,48.944577,-89.647542,46.928562,-93.414564,2,5,7,8),(735,'2020-07-28 05:54:00','2020-07-28 06:32:00','2020-07-28 06:39:00',2.04,47.604424,-91.852607,47.923691,-89.823720,1,5,10,5),(736,'2020-07-28 20:35:00','2020-07-28 21:48:00',NULL,3.45,43.764309,-88.179764,45.808253,-87.419442,1,3,6,7),(737,'2020-07-29 09:05:00','2020-07-29 09:56:00','2020-07-29 09:48:00',3.87,46.198390,-90.011048,45.349590,-92.218905,1,5,10,4),(738,'2020-07-29 21:25:00','2020-07-30 00:35:00','2020-07-30 00:28:00',3.31,48.161580,-93.137140,47.829561,-86.440776,1,5,6,5),(739,'2020-07-30 16:25:00','2020-07-30 19:29:00','2020-07-30 19:21:00',7.70,45.680628,-90.761827,43.148978,-92.969626,2,5,2,4),(740,'2020-07-30 17:50:00','2020-07-30 19:59:00','2020-07-30 20:06:00',2.78,48.823513,-92.840741,47.325755,-89.849001,2,5,1,4),(741,'2020-07-30 17:57:00','2020-07-30 19:33:00','2020-07-30 19:34:00',4.11,45.964365,-86.310568,48.554068,-87.297956,1,5,6,9),(742,'2020-07-31 08:22:00','2020-07-31 10:31:00','2020-07-31 10:39:00',6.81,43.173251,-93.365897,45.650761,-88.648505,1,5,10,5),(743,'2020-07-31 08:41:00','2020-07-31 11:16:00','2020-07-31 11:12:00',9.78,43.386128,-89.397206,48.855587,-92.530446,1,5,10,12),(744,'2020-07-31 16:23:00','2020-07-31 17:38:00',NULL,6.16,48.867440,-88.144539,46.674988,-91.191445,1,3,10,6),(745,'2020-08-01 09:41:00','2020-08-01 10:50:00',NULL,8.65,43.448238,-90.450133,43.404618,-92.626508,2,3,3,7),(746,'2020-08-01 17:44:00','2020-08-01 18:46:00','2020-08-01 18:54:00',4.04,47.687051,-92.180517,46.036264,-90.277130,1,5,10,11),(747,'2020-08-02 09:57:00','2020-08-02 12:23:00','2020-08-02 12:17:00',6.38,42.122490,-89.963524,41.814909,-86.034883,2,5,7,4),(748,'2020-08-02 15:44:00','2020-08-02 18:12:00','2020-08-02 18:19:00',5.45,45.574404,-92.627779,42.137897,-92.427180,2,5,4,7),(749,'2020-08-03 13:59:00','2020-08-03 16:03:00',NULL,8.39,47.261266,-92.698592,44.723243,-87.288010,1,3,10,9),(750,'2020-08-04 16:51:00','2020-08-04 17:47:00','2020-08-04 17:54:00',4.92,42.613085,-93.988926,44.216114,-93.952650,1,5,6,13),(751,'2020-08-04 19:20:00','2020-08-04 20:43:00','2020-08-04 20:50:00',5.64,41.688652,-91.451632,43.675884,-88.265681,2,5,8,7),(752,'2020-08-04 21:40:00','2020-08-04 22:28:00','2020-08-04 22:30:00',4.26,45.014180,-93.703193,46.441492,-91.682957,2,5,5,13),(753,'2020-08-05 00:24:00','2020-08-05 03:45:00','2020-08-05 03:46:00',4.92,47.888234,-88.173217,41.469217,-93.134267,1,5,10,7),(754,'2020-08-05 08:51:00','2020-08-05 10:19:00','2020-08-05 10:17:00',5.79,45.557278,-92.558851,42.533909,-90.653901,1,5,10,2),(755,'2020-08-06 16:25:00','2020-08-06 18:09:00','2020-08-06 18:16:00',9.67,42.330944,-93.752522,46.244560,-92.519637,1,5,10,5),(756,'2020-08-06 21:28:00','2020-08-06 23:48:00','2020-08-06 23:57:00',5.76,42.468744,-90.245265,47.367445,-89.426980,1,5,10,2),(757,'2020-08-07 17:47:00','2020-08-07 21:36:00','2020-08-07 21:41:00',2.43,41.194802,-91.165390,46.588644,-90.560609,1,5,6,6),(758,'2020-08-08 16:23:00','2020-08-08 17:26:00','2020-08-08 17:18:00',3.67,41.569553,-88.774046,41.421110,-91.572309,1,5,10,9),(759,'2020-08-09 07:38:00','2020-08-09 09:27:00',NULL,8.89,43.752076,-91.762891,43.929319,-86.064731,1,3,10,4),(760,'2020-08-09 08:44:00','2020-08-09 11:53:00','2020-08-09 12:00:00',4.73,41.486909,-90.601400,48.532270,-90.534449,1,5,10,2),(761,'2020-08-09 11:27:00','2020-08-09 14:00:00','2020-08-09 13:59:00',7.29,42.828147,-93.853136,44.249879,-86.191198,1,5,10,6),(762,'2020-08-09 19:45:00','2020-08-09 21:53:00','2020-08-09 21:54:00',6.64,44.048574,-90.138427,43.162144,-86.774000,2,5,4,5),(763,'2020-08-09 21:29:00','2020-08-09 23:29:00','2020-08-09 23:34:00',3.09,43.222741,-87.728488,41.689335,-93.367859,1,5,10,12),(764,'2020-08-10 22:58:00','2020-08-11 01:25:00','2020-08-11 01:27:00',2.09,45.260219,-87.081374,46.812472,-93.693519,1,5,10,13),(765,'2020-08-11 14:59:00','2020-08-11 18:44:00','2020-08-11 18:36:00',2.03,41.807548,-87.122835,48.963180,-90.815596,1,5,10,5),(766,'2020-08-11 18:40:00','2020-08-11 20:45:00','2020-08-11 20:45:00',4.69,45.365041,-92.790008,41.954839,-92.855780,1,5,6,5),(767,'2020-08-11 23:27:00','2020-08-12 02:00:00','2020-08-12 01:56:00',2.71,42.003356,-87.232248,47.828692,-88.159795,1,5,10,2),(768,'2020-08-12 07:53:00','2020-08-12 11:28:00','2020-08-12 11:34:00',6.77,46.949530,-93.437485,41.963983,-90.867627,1,5,6,5),(769,'2020-08-12 12:31:00','2020-08-12 14:14:00','2020-08-12 14:23:00',2.90,46.916652,-88.364251,43.428791,-90.763293,1,5,10,7),(770,'2020-08-12 22:04:00','2020-08-13 01:04:00',NULL,6.78,45.675594,-88.259264,47.676898,-93.837718,1,3,6,11),(771,'2020-08-13 12:27:00','2020-08-13 14:02:00','2020-08-13 14:10:00',4.16,45.213446,-87.923936,42.739983,-87.528275,1,5,6,11),(772,'2020-08-14 03:58:00','2020-08-14 05:34:00','2020-08-14 05:41:00',6.47,43.434753,-91.671963,45.335925,-87.304487,1,5,10,4),(773,'2020-08-14 20:52:00','2020-08-14 23:24:00','2020-08-14 23:26:00',8.65,45.547580,-89.591721,41.398652,-89.231574,1,5,6,7),(774,'2020-08-15 12:24:00','2020-08-15 14:38:00',NULL,5.22,48.329869,-90.389125,45.064767,-92.508790,1,3,6,9),(775,'2020-08-15 15:22:00','2020-08-15 18:06:00','2020-08-15 18:07:00',7.01,45.735357,-91.162677,48.980542,-86.609258,1,5,6,7),(776,'2020-08-16 07:32:00','2020-08-16 10:07:00','2020-08-16 10:08:00',7.49,43.932255,-88.273531,44.835580,-92.001504,2,5,2,11),(777,'2020-08-16 14:08:00','2020-08-16 17:57:00','2020-08-16 17:50:00',8.69,47.481209,-92.879437,43.159188,-86.565748,1,5,6,12),(778,'2020-08-16 20:27:00','2020-08-16 23:05:00','2020-08-16 22:59:00',4.01,42.399189,-90.480484,46.400011,-93.558490,1,5,6,7),(779,'2020-08-17 11:54:00','2020-08-17 13:12:00','2020-08-17 13:12:00',2.27,44.625943,-90.551298,47.365682,-88.517697,1,5,10,11),(780,'2020-08-18 07:18:00','2020-08-18 08:46:00','2020-08-18 08:49:00',2.58,47.617937,-87.455159,45.870393,-89.282558,1,5,6,11),(781,'2020-08-18 21:39:00','2020-08-19 02:19:00','2020-08-19 02:16:00',3.60,46.887050,-93.503684,41.820432,-91.386787,2,5,7,3),(782,'2020-08-18 22:54:00','2020-08-19 04:28:00','2020-08-19 04:18:00',8.09,48.259716,-87.534366,43.549023,-92.651787,2,5,1,1),(783,'2020-08-19 10:00:00','2020-08-19 12:33:00','2020-08-19 12:34:00',9.17,47.009837,-88.317659,43.382193,-91.136057,1,5,6,6),(784,'2020-08-19 21:55:00','2020-08-20 01:59:00','2020-08-20 01:51:00',6.14,41.014528,-89.483208,47.540378,-90.848486,1,5,6,11),(785,'2020-08-20 12:31:00','2020-08-20 14:31:00','2020-08-20 14:40:00',4.36,42.574903,-93.807344,45.238567,-89.385129,1,5,10,5),(786,'2020-08-20 15:37:00','2020-08-20 18:17:00','2020-08-20 18:09:00',6.94,42.767367,-87.993870,41.728549,-92.375644,2,5,7,1),(787,'2020-08-21 15:07:00','2020-08-21 17:50:00','2020-08-21 17:51:00',2.63,43.672871,-87.841672,47.773026,-86.609852,1,5,6,11),(788,'2020-08-21 15:27:00','2020-08-21 15:59:00','2020-08-21 16:07:00',3.28,44.657880,-86.427748,43.887620,-86.278655,1,5,6,9),(789,'2020-08-22 14:07:00','2020-08-22 14:49:00','2020-08-22 14:43:00',3.99,47.827740,-88.430183,48.365864,-89.880132,1,5,6,2),(790,'2020-08-23 11:15:00','2020-08-23 14:03:00','2020-08-23 14:06:00',2.22,48.711577,-90.576986,42.980341,-86.367340,1,5,10,6),(791,'2020-08-23 18:56:00','2020-08-23 20:39:00','2020-08-23 20:44:00',5.66,48.232835,-88.925992,44.671536,-90.864344,2,5,8,5),(792,'2020-08-24 07:16:00','2020-08-24 08:03:00',NULL,8.07,47.877231,-89.989832,48.419145,-92.934777,2,3,5,11),(793,'2020-08-24 14:48:00','2020-08-24 19:24:00','2020-08-24 19:19:00',7.56,48.034355,-89.465020,42.571835,-91.745765,2,5,7,11),(794,'2020-08-25 21:49:00','2020-08-26 01:05:00','2020-08-26 01:06:00',4.87,48.157185,-92.786944,41.593724,-86.670547,1,5,10,7),(795,'2020-08-26 16:29:00','2020-08-26 22:30:00','2020-08-26 22:23:00',5.83,41.974937,-90.408692,48.031728,-93.615281,2,5,7,7),(796,'2020-08-26 18:59:00','2020-08-26 23:39:00','2020-08-26 23:44:00',5.00,47.375771,-91.549465,42.125361,-87.724798,2,5,7,7),(797,'2020-08-27 11:04:00','2020-08-27 12:12:00','2020-08-27 12:13:00',2.33,47.690089,-92.293922,45.460125,-92.817610,1,5,10,4),(798,'2020-08-27 11:59:00','2020-08-27 12:50:00','2020-08-27 12:58:00',2.76,48.810748,-86.537711,46.879202,-86.990858,1,5,10,6),(799,'2020-08-27 16:55:00','2020-08-27 17:48:00','2020-08-27 17:39:00',2.71,46.278195,-89.559294,47.368942,-91.477407,1,5,10,7),(800,'2020-08-27 19:12:00','2020-08-27 20:19:00','2020-08-27 20:25:00',2.34,44.880164,-88.939161,46.663703,-88.864002,1,5,6,2),(801,'2020-08-28 13:40:00','2020-08-28 14:12:00','2020-08-28 14:19:00',2.62,42.314056,-88.182356,42.146052,-89.722674,1,5,10,11),(802,'2020-08-28 17:42:00','2020-08-28 18:42:00','2020-08-28 18:40:00',4.41,45.597565,-89.165171,43.381450,-88.597237,1,5,10,12),(803,'2020-08-29 16:46:00','2020-08-29 19:23:00','2020-08-29 19:27:00',9.83,43.876821,-87.540022,48.669424,-91.032811,1,5,10,7),(804,'2020-08-30 01:01:00','2020-08-30 02:29:00','2020-08-30 02:29:00',7.37,42.078135,-86.515451,43.188341,-89.511943,1,5,6,5),(805,'2020-08-30 13:34:00','2020-08-30 16:17:00','2020-08-30 16:15:00',3.02,47.572717,-89.917714,41.693278,-86.780469,2,5,8,4),(806,'2020-08-31 10:01:00','2020-08-31 14:02:00','2020-08-31 13:57:00',2.19,48.542903,-87.578703,42.477778,-89.875001,1,5,6,6),(807,'2020-09-01 16:21:00','2020-09-01 16:48:00','2020-09-01 16:54:00',1.92,42.456104,-91.459580,41.333787,-91.952325,2,5,5,1),(808,'2020-09-01 21:22:00','2020-09-01 22:10:00','2020-09-01 22:08:00',2.30,43.336989,-90.846883,41.754616,-91.686271,2,5,8,1),(809,'2020-09-02 03:46:00','2020-09-02 04:53:00',NULL,3.07,46.490344,-89.321726,47.920338,-89.433133,2,3,3,8),(810,'2020-09-02 06:08:00','2020-09-02 07:29:00','2020-09-02 07:20:00',5.56,45.118734,-93.362572,47.830938,-93.757593,1,5,10,6),(811,'2020-09-02 16:58:00','2020-09-02 19:26:00','2020-09-02 19:33:00',6.75,46.806051,-92.021566,41.474018,-89.565211,3,5,11,7),(812,'2020-09-03 09:12:00','2020-09-03 13:46:00','2020-09-03 13:50:00',4.99,41.290046,-90.977539,47.242168,-87.856543,2,5,4,5),(813,'2020-09-03 12:04:00','2020-09-03 12:21:00','2020-09-03 12:13:00',2.61,43.976357,-86.916436,43.488750,-86.806941,1,5,6,4),(814,'2020-09-04 09:23:00','2020-09-04 10:24:00','2020-09-04 10:33:00',3.99,43.558977,-90.656649,42.039825,-90.830930,1,5,6,5),(815,'2020-09-04 21:32:00','2020-09-05 01:51:00','2020-09-05 01:43:00',9.32,42.038292,-90.422708,47.771582,-86.873965,1,5,6,9),(816,'2020-09-05 13:18:00','2020-09-05 15:49:00','2020-09-05 15:53:00',9.98,48.143328,-90.721715,43.961439,-89.027659,1,5,6,13),(817,'2020-09-06 15:48:00','2020-09-06 16:46:00','2020-09-06 17:10:00',7.02,47.913602,-91.575643,48.380982,-88.368162,2,5,5,3),(818,'2020-09-07 07:57:00','2020-09-07 09:35:00','2020-09-07 09:39:00',6.36,44.408313,-87.025538,41.647372,-87.686529,1,5,6,13),(819,'2020-09-07 19:26:00','2020-09-07 20:28:00','2020-09-07 20:19:00',6.75,45.435879,-90.605048,44.667123,-93.849241,2,5,5,7),(820,'2020-09-08 07:45:00','2020-09-08 09:06:00','2020-09-08 09:06:00',6.87,41.520439,-89.864265,44.117358,-90.820413,1,5,10,4),(821,'2020-09-08 14:19:00','2020-09-08 16:49:00','2020-09-08 16:48:00',6.31,45.684350,-86.405521,48.919344,-93.186716,1,5,10,12),(822,'2020-09-08 19:19:00','2020-09-08 23:49:00','2020-09-08 23:57:00',4.47,42.892654,-88.438065,47.131715,-88.027229,2,5,9,8),(823,'2020-09-09 14:03:00','2020-09-09 15:58:00','2020-09-09 16:00:00',6.94,44.201798,-88.766886,41.560175,-90.898466,1,5,6,4),(824,'2020-09-09 21:14:00','2020-09-09 22:57:00','2020-09-09 22:48:00',7.39,43.113573,-91.955907,44.879745,-88.733551,1,5,6,9),(825,'2020-09-10 22:25:00','2020-09-11 01:37:00','2020-09-11 01:42:00',4.46,48.736208,-90.788972,41.846516,-91.400504,1,5,10,12),(826,'2020-09-11 15:39:00','2020-09-11 18:32:00','2020-09-11 18:27:00',3.65,41.880670,-92.444463,46.135677,-88.988226,1,5,6,2),(827,'2020-09-12 07:07:00','2020-09-12 08:09:00',NULL,6.77,48.149810,-91.396380,48.568669,-87.967515,1,3,10,4),(828,'2020-09-12 10:26:00','2020-09-12 12:25:00',NULL,2.20,46.613532,-91.698004,43.669383,-87.559071,1,3,10,13),(829,'2020-09-12 18:21:00','2020-09-12 20:10:00','2020-09-12 20:13:00',1.97,44.167219,-87.999731,45.499690,-89.502356,2,5,2,1),(830,'2020-09-13 15:42:00','2020-09-13 18:55:00','2020-09-13 19:14:00',5.46,42.956858,-92.004095,45.108952,-87.442956,2,5,1,1),(831,'2020-09-13 21:29:00','2020-09-13 22:44:00','2020-09-13 22:44:00',4.95,43.291722,-89.250437,41.872648,-87.885447,2,5,4,8),(832,'2020-09-14 05:48:00','2020-09-14 07:41:00',NULL,1.30,43.562909,-92.805732,47.282612,-90.169742,2,3,5,8),(833,'2020-09-14 16:56:00','2020-09-14 18:40:00','2020-09-14 18:35:00',8.14,47.717833,-92.462928,44.531859,-88.951920,3,5,11,13),(834,'2020-09-15 07:56:00','2020-09-15 10:25:00','2020-09-15 10:23:00',2.92,45.291691,-88.145582,41.397018,-93.578164,1,5,10,9),(835,'2020-09-16 11:37:00','2020-09-16 13:40:00','2020-09-16 13:36:00',4.91,45.735827,-91.936959,45.107724,-87.650501,1,5,6,4),(836,'2020-09-17 17:26:00','2020-09-17 18:22:00','2020-09-17 18:13:00',2.62,45.874786,-90.517700,43.787144,-90.511181,1,5,10,12),(837,'2020-09-17 18:29:00','2020-09-17 22:27:00','2020-09-17 22:24:00',2.61,42.520520,-92.000356,46.436662,-88.815622,2,5,2,4),(838,'2020-09-18 09:46:00','2020-09-18 11:23:00','2020-09-18 11:24:00',3.88,44.653921,-93.881533,46.630571,-90.202544,1,5,10,7),(839,'2020-09-19 07:03:00','2020-09-19 08:57:00','2020-09-19 08:52:00',6.84,45.156449,-91.893020,47.065551,-93.993183,2,5,4,11),(840,'2020-09-19 10:23:00','2020-09-19 13:27:00','2020-09-19 13:25:00',5.08,44.783861,-90.317699,48.059924,-93.747285,2,5,3,8),(841,'2020-09-20 12:04:00','2020-09-20 13:53:00','2020-09-20 14:00:00',6.86,42.333313,-93.780419,46.097969,-93.168899,1,5,10,12),(842,'2020-09-21 14:05:00','2020-09-21 16:12:00','2020-09-21 16:11:00',5.36,46.408990,-87.427849,41.633787,-86.547520,1,5,10,6),(843,'2020-09-21 19:52:00','2020-09-22 00:06:00','2020-09-22 00:06:00',3.45,41.820164,-88.951753,47.780745,-91.241018,1,5,6,2),(844,'2020-09-22 12:35:00','2020-09-22 17:06:00','2020-09-22 17:03:00',2.53,42.413412,-93.433545,47.592040,-86.739166,1,5,6,12),(845,'2020-09-22 18:12:00','2020-09-22 23:25:00','2020-09-22 23:26:00',7.13,42.646536,-86.654677,48.787004,-93.100947,1,5,6,13),(846,'2020-09-23 16:20:00','2020-09-23 16:35:00',NULL,2.88,42.539587,-87.980749,42.477495,-88.670276,1,3,10,7),(847,'2020-09-23 18:04:00','2020-09-23 19:34:00','2020-09-23 19:51:00',6.35,42.431490,-90.674939,45.330838,-90.320994,1,5,10,6),(848,'2020-09-23 20:26:00','2020-09-23 21:16:00','2020-09-23 21:14:00',3.94,46.111685,-88.365118,45.839357,-86.707860,1,5,6,12),(849,'2020-09-23 21:01:00','2020-09-23 23:21:00','2020-09-23 23:22:00',4.47,46.626896,-92.170002,41.269305,-90.143469,1,5,10,6),(850,'2020-09-23 23:16:00','2020-09-24 00:52:00',NULL,6.78,42.082673,-88.475815,41.372908,-92.708017,1,3,10,5),(851,'2020-09-24 04:31:00','2020-09-24 06:16:00','2020-09-24 06:13:00',6.40,46.834038,-93.182564,43.585065,-91.526982,1,5,10,2),(852,'2020-09-24 14:25:00','2020-09-24 16:38:00','2020-09-24 16:30:00',5.96,42.056831,-89.097755,46.340732,-90.003074,1,5,10,12),(853,'2020-09-24 17:38:00','2020-09-24 19:51:00','2020-09-24 19:56:00',5.79,46.384023,-87.440716,41.644351,-86.456098,1,5,10,4),(854,'2020-09-25 07:49:00','2020-09-25 09:11:00','2020-09-25 09:05:00',5.97,46.581555,-91.570265,44.404013,-92.269141,1,5,6,4),(855,'2020-09-25 19:44:00','2020-09-25 22:56:00','2020-09-25 22:58:00',4.91,47.507783,-89.700805,42.972627,-89.034449,1,5,6,11),(856,'2020-09-26 10:34:00','2020-09-26 14:03:00','2020-09-26 13:56:00',7.34,47.562790,-88.289597,41.863643,-90.812991,1,5,6,9),(857,'2020-09-26 22:11:00','2020-09-26 23:39:00','2020-09-26 23:46:00',4.46,47.979679,-92.055790,45.782014,-91.922559,1,5,6,2),(858,'2020-09-27 08:21:00','2020-09-27 08:42:00','2020-09-27 08:49:00',2.32,41.310740,-87.277252,41.681517,-86.760655,1,5,6,7),(859,'2020-09-27 10:32:00','2020-09-27 14:03:00','2020-09-27 14:02:00',4.63,41.665141,-89.289119,46.558984,-88.337724,2,5,4,7),(860,'2020-09-27 12:06:00','2020-09-27 15:05:00','2020-09-27 15:06:00',2.53,41.895482,-93.782854,47.399283,-86.655024,2,5,8,11),(861,'2020-09-27 19:01:00','2020-09-27 23:46:00','2020-09-27 23:53:00',5.35,48.610874,-87.582424,42.255256,-90.976447,1,5,6,7),(862,'2020-09-28 15:28:00','2020-09-28 16:02:00','2020-09-28 16:08:00',2.03,41.220425,-88.961825,41.529601,-90.466519,1,5,10,7),(863,'2020-09-28 17:50:00','2020-09-28 18:21:00','2020-09-28 18:30:00',2.11,44.524514,-92.640273,45.225094,-92.953711,1,5,6,6),(864,'2020-09-28 20:34:00','2020-09-28 21:58:00','2020-09-28 22:08:00',2.79,45.018243,-87.826471,43.812916,-90.456005,1,5,6,13),(865,'2020-09-29 14:32:00','2020-09-29 16:23:00','2020-09-29 16:19:00',4.69,43.968984,-88.782720,42.179450,-87.754590,2,5,1,13),(866,'2020-09-29 16:06:00','2020-09-29 17:17:00','2020-09-29 17:12:00',5.89,42.900621,-86.301439,41.790944,-89.140965,1,5,10,9),(867,'2020-09-30 08:22:00','2020-09-30 09:25:00','2020-09-30 09:15:00',4.61,48.426169,-86.756075,46.941118,-86.026186,1,5,6,4),(868,'2020-09-30 08:43:00','2020-09-30 09:58:00','2020-09-30 09:52:00',2.19,43.768182,-92.316956,41.110675,-90.495758,2,5,5,13),(869,'2020-10-01 16:40:00','2020-10-01 17:45:00','2020-10-01 17:42:00',2.01,47.511969,-90.812638,45.400902,-89.557576,2,5,8,5),(870,'2020-10-01 22:33:00','2020-10-01 23:05:00','2020-10-01 23:09:00',3.57,42.450473,-87.958528,42.855942,-86.844709,1,5,6,11),(871,'2020-10-02 07:14:00','2020-10-02 08:28:00','2020-10-02 08:33:00',5.08,41.800443,-86.752105,42.838147,-90.552950,1,5,10,9),(872,'2020-10-02 14:29:00','2020-10-02 16:09:00','2020-10-02 16:06:00',2.52,42.694339,-88.691045,46.461759,-90.618069,1,5,10,11),(873,'2020-10-02 20:04:00','2020-10-02 23:00:00','2020-10-02 23:10:00',2.34,47.114597,-86.464161,44.335401,-91.930509,1,5,6,6),(874,'2020-10-03 08:22:00','2020-10-03 09:27:00','2020-10-03 09:19:00',5.88,43.177244,-92.324486,42.845838,-89.797354,1,5,6,13),(875,'2020-10-03 16:30:00','2020-10-03 17:47:00','2020-10-03 17:49:00',4.57,45.566723,-86.579260,48.403530,-87.244568,2,5,5,5),(876,'2020-10-04 14:39:00','2020-10-04 14:48:00','2020-10-04 14:41:00',2.03,43.199837,-89.013842,43.331282,-89.302064,1,5,6,2),(877,'2020-10-05 07:28:00','2020-10-05 07:46:00','2020-10-05 07:45:00',2.01,43.757450,-91.662897,44.413164,-91.945489,1,5,10,12),(878,'2020-10-05 15:58:00','2020-10-05 20:55:00','2020-10-05 20:54:00',4.19,42.115111,-92.097014,47.169595,-92.860981,2,5,2,4),(879,'2020-10-05 21:28:00','2020-10-05 22:19:00','2020-10-05 22:10:00',2.48,46.522569,-88.214233,45.361130,-89.551651,1,5,6,2),(880,'2020-10-06 10:14:00','2020-10-06 13:15:00','2020-10-06 13:19:00',5.87,46.363628,-93.685541,42.481409,-87.536330,1,5,10,12),(881,'2020-10-06 23:49:00','2020-10-07 05:37:00','2020-10-07 05:28:00',8.87,48.741576,-86.107253,41.239007,-92.483205,1,5,6,4),(882,'2020-10-07 10:02:00','2020-10-07 12:34:00','2020-10-07 12:28:00',5.34,45.096471,-91.287338,42.273898,-87.768494,1,5,6,9),(883,'2020-10-07 19:22:00','2020-10-07 22:24:00','2020-10-07 22:31:00',3.24,41.587709,-89.694470,44.764524,-88.093970,2,5,9,3),(884,'2020-10-08 11:27:00','2020-10-08 14:35:00','2020-10-08 14:28:00',7.67,41.310483,-86.135146,47.392818,-93.630468,2,5,8,8),(885,'2020-10-09 13:02:00','2020-10-09 14:17:00','2020-10-09 14:15:00',3.11,41.484278,-88.259599,44.249169,-86.975356,1,5,10,12),(886,'2020-10-09 14:24:00','2020-10-09 15:33:00','2020-10-09 15:26:00',2.20,44.918473,-91.105144,43.718862,-89.090258,1,5,6,13),(887,'2020-10-09 16:45:00','2020-10-09 18:53:00','2020-10-09 18:50:00',2.92,45.908378,-90.485541,43.847158,-90.307588,2,5,2,11),(888,'2020-10-10 18:56:00','2020-10-10 22:04:00','2020-10-10 22:06:00',8.73,46.913548,-90.241890,42.049908,-92.024788,1,5,6,9),(889,'2020-10-11 15:17:00','2020-10-11 17:38:00','2020-10-11 17:35:00',4.62,44.279330,-87.231020,41.006911,-90.272386,1,5,6,9),(890,'2020-10-11 15:33:00','2020-10-11 19:57:00','2020-10-11 20:01:00',8.08,43.073434,-91.306050,48.249447,-89.834613,2,5,4,7),(891,'2020-10-12 10:40:00','2020-10-12 12:02:00','2020-10-12 12:08:00',5.04,42.567078,-89.072929,44.934119,-89.110617,1,5,6,6),(892,'2020-10-12 15:15:00','2020-10-12 17:01:00','2020-10-12 17:07:00',7.14,44.081794,-87.594319,47.783025,-87.301919,1,5,10,4),(893,'2020-10-12 19:12:00','2020-10-12 20:19:00','2020-10-12 20:28:00',5.91,41.342156,-93.348477,43.231148,-92.798830,1,5,6,4),(894,'2020-10-12 20:08:00','2020-10-12 20:27:00','2020-10-12 20:29:00',2.24,47.379864,-93.597165,47.874583,-92.835591,1,5,10,4),(895,'2020-10-13 09:28:00','2020-10-13 10:56:00','2020-10-13 11:03:00',4.30,44.184792,-93.441381,42.238721,-89.482253,3,5,11,11),(896,'2020-10-14 10:16:00','2020-10-14 13:28:00','2020-10-14 13:28:00',8.26,41.581384,-89.235493,47.078382,-93.901608,1,5,10,12),(897,'2020-10-14 16:39:00','2020-10-14 16:57:00','2020-10-14 17:07:00',2.55,47.862255,-93.244606,48.190204,-92.315163,1,5,10,6),(898,'2020-10-15 07:27:00','2020-10-15 09:28:00','2020-10-15 09:20:00',6.62,45.291910,-86.253794,42.855298,-91.962127,1,5,10,4),(899,'2020-10-15 20:41:00','2020-10-15 22:05:00','2020-10-15 22:01:00',6.24,45.229830,-86.798643,48.317292,-87.017610,1,5,10,12),(900,'2020-10-16 10:57:00','2020-10-16 12:07:00','2020-10-16 12:01:00',2.36,41.047120,-92.277792,41.469681,-88.818221,1,5,10,4),(901,'2020-10-17 09:47:00','2020-10-17 10:38:00','2020-10-17 10:44:00',3.33,44.527879,-92.871559,44.058570,-90.092475,1,5,10,13),(902,'2020-10-17 19:08:00','2020-10-17 21:57:00','2020-10-17 21:52:00',4.50,41.699321,-89.024638,47.778848,-91.031845,1,5,10,11),(903,'2020-10-18 10:01:00','2020-10-18 14:14:00','2020-10-18 14:09:00',4.49,48.937031,-87.280665,42.785584,-89.230086,1,5,6,5),(904,'2020-10-18 18:51:00','2020-10-18 19:45:00','2020-10-18 19:37:00',5.29,48.784491,-90.968308,48.804987,-88.070142,1,5,10,2),(905,'2020-10-19 17:49:00','2020-10-19 20:47:00','2020-10-19 20:50:00',2.53,45.071249,-92.923914,42.166680,-91.394854,2,5,7,7),(906,'2020-10-19 21:06:00','2020-10-19 22:25:00',NULL,4.45,43.192201,-92.348220,42.682298,-90.543851,2,3,2,7),(907,'2020-10-20 19:22:00','2020-10-20 20:38:00','2020-10-20 20:38:00',3.15,45.951031,-86.419184,48.050987,-89.487513,1,5,10,4),(908,'2020-10-21 00:31:00','2020-10-21 01:59:00','2020-10-21 01:54:00',6.10,48.552342,-92.983982,47.423064,-88.932732,3,5,11,7),(909,'2020-10-21 11:48:00','2020-10-21 14:42:00','2020-10-21 14:51:00',4.70,47.052802,-88.671789,41.482648,-91.571391,1,5,10,5),(910,'2020-10-21 16:22:00','2020-10-21 17:05:00','2020-10-21 17:09:00',3.57,47.467647,-89.033572,46.429198,-89.753292,1,5,6,2),(911,'2020-10-22 09:34:00','2020-10-22 10:34:00','2020-10-22 10:37:00',4.10,44.600860,-91.363056,43.382139,-90.000134,1,5,6,6),(912,'2020-10-22 19:59:00','2020-10-22 22:40:00','2020-10-22 22:29:00',1.69,42.096624,-90.199269,48.713783,-90.833278,2,5,5,5),(913,'2020-10-23 10:31:00','2020-10-23 13:32:00','2020-10-23 13:27:00',7.88,43.456698,-92.652394,48.367934,-93.203148,1,5,6,12),(914,'2020-10-23 14:48:00','2020-10-23 15:22:00','2020-10-23 15:27:00',3.65,43.495106,-91.850783,44.260767,-92.143818,1,5,6,13),(915,'2020-10-23 18:54:00','2020-10-23 20:02:00','2020-10-23 19:59:00',5.34,45.372586,-93.177870,47.992895,-93.501916,3,5,11,7),(916,'2020-10-23 19:38:00','2020-10-23 21:25:00','2020-10-23 21:35:00',2.57,45.171602,-92.011632,46.427035,-88.829928,2,5,3,13),(917,'2020-10-23 20:23:00','2020-10-23 23:59:00','2020-10-23 23:59:00',4.19,41.083008,-93.582449,42.838732,-86.058994,1,5,6,5),(918,'2020-10-23 20:29:00','2020-10-23 22:13:00','2020-10-23 22:18:00',9.51,44.598453,-88.557772,41.415779,-92.247788,1,5,10,9),(919,'2020-10-24 08:43:00','2020-10-24 10:24:00','2020-10-24 10:31:00',7.65,46.631926,-90.003783,44.085307,-90.562114,1,5,6,13),(920,'2020-10-24 10:52:00','2020-10-24 13:39:00','2020-10-24 13:33:00',5.45,43.934677,-88.293317,44.729385,-92.473126,2,5,2,11),(921,'2020-10-25 02:32:00','2020-10-25 02:39:00','2020-10-25 02:34:00',2.25,48.600030,-92.770071,48.349556,-92.942005,2,5,5,3),(922,'2020-10-25 11:25:00','2020-10-25 13:09:00','2020-10-25 13:11:00',2.24,44.321318,-90.511096,48.480566,-91.063880,1,5,10,9),(923,'2020-10-25 21:54:00','2020-10-26 00:46:00','2020-10-26 00:52:00',8.83,48.835311,-89.989836,45.544886,-91.306061,2,5,4,4),(924,'2020-10-26 08:03:00','2020-10-26 08:33:00','2020-10-26 08:24:00',2.63,47.176621,-93.726786,47.836209,-92.638600,1,5,10,6),(925,'2020-10-26 08:08:00','2020-10-26 10:30:00','2020-10-26 10:27:00',7.87,45.158490,-90.038600,48.331530,-93.226551,1,5,6,13),(926,'2020-10-26 19:50:00','2020-10-26 21:38:00','2020-10-26 21:33:00',6.18,43.212935,-88.208060,47.320896,-87.771339,1,5,10,4),(927,'2020-10-27 10:08:00','2020-10-27 12:06:00','2020-10-27 12:06:00',2.64,46.286353,-87.794286,48.169513,-92.769576,1,5,10,7),(928,'2020-10-27 11:19:00','2020-10-27 13:02:00','2020-10-27 13:01:00',4.88,42.464687,-92.109990,46.055989,-90.390086,1,5,10,9),(929,'2020-10-28 10:05:00','2020-10-28 12:39:00','2020-10-28 12:47:00',5.60,46.736085,-90.398038,41.801555,-92.798112,1,5,10,7),(930,'2020-10-28 18:13:00','2020-10-28 21:15:00','2020-10-28 21:14:00',8.22,43.571104,-86.085156,48.860905,-86.440003,1,5,6,11),(931,'2020-10-29 17:21:00','2020-10-29 18:50:00','2020-10-29 18:41:00',3.55,43.989207,-92.156703,41.248863,-90.285575,1,5,10,12),(932,'2020-10-29 17:25:00','2020-10-29 18:47:00',NULL,5.11,44.666439,-88.128671,43.357332,-91.827330,1,3,10,9),(933,'2020-10-30 07:19:00','2020-10-30 08:55:00','2020-10-30 08:55:00',5.81,46.619751,-89.948197,44.399760,-89.156607,1,5,6,11),(934,'2020-10-30 09:10:00','2020-10-30 10:03:00','2020-10-30 10:03:00',3.77,42.909368,-90.866026,42.941767,-93.693085,3,5,11,11),(935,'2020-10-30 21:10:00','2020-10-30 23:06:00','2020-10-30 23:13:00',6.43,45.111888,-90.840665,44.461009,-86.172959,1,5,6,6),(936,'2020-10-31 10:50:00','2020-10-31 11:44:00','2020-10-31 11:44:00',4.73,41.606977,-87.208378,41.137180,-89.688964,1,5,10,12),(937,'2020-10-31 17:27:00','2020-10-31 21:03:00',NULL,8.00,44.103227,-87.486153,48.259554,-93.243770,1,3,6,13),(938,'2020-10-31 18:58:00','2020-10-31 19:57:00','2020-10-31 20:01:00',2.33,46.865272,-92.107218,48.868096,-92.337866,3,5,11,5),(939,'2020-11-01 10:20:00','2020-11-01 12:49:00','2020-11-01 12:55:00',4.72,43.817176,-90.919457,47.951186,-92.485695,1,5,6,11),(940,'2020-11-01 10:29:00','2020-11-01 11:17:00','2020-11-01 11:09:00',4.67,44.368314,-90.003494,42.877588,-88.601578,1,5,10,7),(941,'2020-11-01 22:03:00','2020-11-01 23:56:00','2020-11-02 00:04:00',3.49,42.887206,-88.957373,44.551516,-91.370300,2,5,3,8),(942,'2020-11-02 12:03:00','2020-11-02 13:45:00','2020-11-02 13:46:00',5.56,44.626634,-87.229485,47.972673,-87.448179,1,5,10,5),(943,'2020-11-03 19:19:00','2020-11-03 20:28:00','2020-11-03 20:20:00',6.40,47.988032,-86.881876,47.626523,-90.221759,1,5,10,4),(944,'2020-11-04 10:10:00','2020-11-04 12:15:00','2020-11-04 12:10:00',5.01,46.435677,-86.644603,45.469954,-93.716419,2,5,5,3),(945,'2020-11-05 16:11:00','2020-11-05 18:18:00','2020-11-05 18:10:00',4.07,44.423698,-86.125987,46.098970,-92.127189,1,5,10,2),(946,'2020-11-06 08:38:00','2020-11-06 11:45:00','2020-11-06 11:46:00',9.12,42.004769,-88.763813,48.166627,-89.875427,1,5,10,6),(947,'2020-11-06 12:28:00','2020-11-06 12:45:00',NULL,2.73,43.278726,-93.883620,42.745721,-93.620534,1,3,10,11),(948,'2020-11-06 14:14:00','2020-11-06 18:15:00','2020-11-06 18:10:00',5.97,46.991800,-87.342842,48.310392,-93.419513,2,5,7,11),(949,'2020-11-06 22:21:00','2020-11-07 01:26:00','2020-11-07 01:29:00',2.38,44.251783,-93.673744,48.875933,-87.599104,1,5,10,2),(950,'2020-11-07 19:00:00','2020-11-07 23:11:00','2020-11-07 23:10:00',7.65,41.856976,-93.681955,48.019296,-91.857656,1,5,6,4),(951,'2020-11-08 07:29:00','2020-11-08 09:01:00','2020-11-08 08:58:00',2.72,45.656349,-88.900278,44.529564,-91.651348,1,5,6,13),(952,'2020-11-08 13:34:00','2020-11-08 15:35:00','2020-11-08 15:39:00',3.15,41.683860,-86.944352,42.226660,-93.033645,1,5,10,9),(953,'2020-11-08 21:24:00','2020-11-08 23:36:00','2020-11-08 23:32:00',5.42,41.117949,-93.450504,43.393630,-91.680338,2,5,4,13),(954,'2020-11-09 12:14:00','2020-11-09 13:34:00','2020-11-09 13:27:00',7.37,43.480787,-91.451506,46.300113,-91.144920,2,5,8,7),(955,'2020-11-09 15:52:00','2020-11-09 16:52:00','2020-11-09 16:55:00',2.37,47.456427,-87.570932,45.776057,-89.406918,1,5,10,6),(956,'2020-11-10 08:05:00','2020-11-10 08:29:00','2020-11-10 08:25:00',2.44,45.946856,-87.008614,45.116363,-86.392345,1,5,10,9),(957,'2020-11-10 13:50:00','2020-11-10 14:38:00','2020-11-10 14:33:00',3.37,45.347118,-88.590943,47.003928,-88.207531,1,5,10,9),(958,'2020-11-10 22:13:00','2020-11-11 03:00:00','2020-11-11 03:01:00',3.30,48.628829,-86.159951,41.313758,-91.951357,1,5,6,4),(959,'2020-11-11 08:06:00','2020-11-11 12:34:00','2020-11-11 12:42:00',4.12,42.364121,-87.966773,43.073775,-93.730808,2,5,2,1),(960,'2020-11-11 10:47:00','2020-11-11 13:03:00',NULL,2.86,42.449318,-89.184067,44.731709,-89.789254,2,3,9,4),(961,'2020-11-11 14:28:00','2020-11-11 17:09:00','2020-11-11 17:00:00',3.56,44.934991,-89.986667,41.261690,-88.731549,1,5,6,12),(962,'2020-11-12 21:27:00','2020-11-13 00:00:00','2020-11-12 23:56:00',6.29,48.456263,-88.185211,47.705154,-93.918595,1,5,6,2),(963,'2020-11-13 19:17:00','2020-11-13 20:52:00','2020-11-13 20:56:00',9.09,46.485272,-93.393653,43.575917,-90.939454,1,5,10,2),(964,'2020-11-14 11:24:00','2020-11-14 11:55:00','2020-11-14 11:57:00',2.02,43.249301,-87.383692,43.333638,-86.180734,1,5,6,11),(965,'2020-11-14 16:48:00','2020-11-14 17:17:00','2020-11-14 17:13:00',3.28,41.619221,-90.143132,42.426676,-90.437221,1,5,6,7),(966,'2020-11-15 09:47:00','2020-11-15 11:32:00','2020-11-15 11:35:00',3.04,47.818354,-93.965364,44.718118,-91.513318,3,5,11,13),(967,'2020-11-15 23:30:00','2020-11-16 00:34:00','2020-11-16 00:46:00',3.71,47.757151,-90.457523,46.440935,-93.422759,1,5,10,2),(968,'2020-11-16 07:52:00','2020-11-16 12:09:00','2020-11-16 12:19:00',5.01,47.220112,-91.583784,42.420744,-86.144929,1,5,6,6),(969,'2020-11-16 11:26:00','2020-11-16 17:15:00','2020-11-16 17:09:00',3.62,42.617368,-93.101396,48.640916,-90.491230,2,5,9,13),(970,'2020-11-16 11:30:00','2020-11-16 15:13:00','2020-11-16 15:33:00',6.71,41.947420,-86.807956,42.117959,-93.986335,1,5,6,12),(971,'2020-11-16 20:42:00','2020-11-17 00:19:00',NULL,7.76,46.566418,-86.187970,47.360896,-93.631611,2,3,4,4),(972,'2020-11-17 12:01:00','2020-11-17 14:40:00','2020-11-17 14:45:00',1.29,43.279772,-88.034172,47.989825,-92.948359,2,5,8,7),(973,'2020-11-17 17:05:00','2020-11-17 22:26:00','2020-11-17 22:24:00',6.33,41.697434,-90.764625,47.084575,-89.283252,2,5,9,4),(974,'2020-11-18 09:02:00','2020-11-18 10:15:00','2020-11-18 10:17:00',3.74,44.566085,-89.305214,45.775675,-92.205984,1,5,10,13),(975,'2020-11-18 12:42:00','2020-11-18 14:00:00','2020-11-18 14:02:00',6.60,43.303391,-87.201254,44.083555,-90.978462,1,5,10,12),(976,'2020-11-19 13:02:00','2020-11-19 16:22:00','2020-11-19 16:30:00',2.92,45.653355,-93.031179,47.884039,-86.486266,1,5,6,12),(977,'2020-11-19 16:08:00','2020-11-19 18:48:00','2020-11-19 18:39:00',8.22,44.298307,-91.885176,41.679200,-88.948473,2,5,3,3),(978,'2020-11-19 18:56:00','2020-11-19 21:19:00','2020-11-19 21:14:00',4.25,48.563348,-88.890202,43.858947,-87.034660,1,5,10,4),(979,'2020-11-20 10:01:00','2020-11-20 11:00:00','2020-11-20 10:53:00',2.06,47.540624,-87.518073,45.787765,-89.506956,1,5,10,5),(980,'2020-11-20 12:31:00','2020-11-20 13:55:00','2020-11-20 13:50:00',5.06,46.804380,-89.240835,47.382683,-92.364080,1,5,6,5),(981,'2020-11-21 09:44:00','2020-11-21 13:53:00','2020-11-21 13:47:00',7.94,48.517182,-90.988744,41.504735,-92.510094,1,5,6,13),(982,'2020-11-21 15:58:00','2020-11-21 17:14:00','2020-11-21 17:17:00',7.30,44.937994,-91.942459,47.473722,-91.804012,1,5,10,13),(983,'2020-11-21 19:33:00','2020-11-21 22:19:00','2020-11-21 22:23:00',7.98,42.165256,-93.959046,45.709002,-86.577852,2,5,8,8),(984,'2020-11-22 12:27:00','2020-11-22 13:02:00','2020-11-22 12:56:00',2.27,43.524351,-91.812977,44.362065,-91.750747,1,5,6,11),(985,'2020-11-22 15:30:00','2020-11-22 19:47:00',NULL,4.42,45.531035,-86.100337,42.905212,-92.172931,2,3,7,8),(986,'2020-11-23 08:12:00','2020-11-23 08:20:00','2020-11-23 08:10:00',2.39,43.013186,-87.588038,43.020250,-87.134635,1,5,10,12),(987,'2020-11-23 17:09:00','2020-11-23 19:44:00','2020-11-23 19:40:00',7.07,44.813099,-90.034377,41.388819,-87.952774,1,5,6,9),(988,'2020-11-24 21:33:00','2020-11-24 23:04:00',NULL,3.21,45.584310,-92.483658,42.828782,-89.405116,3,3,12,5),(989,'2020-11-25 12:15:00','2020-11-25 15:46:00',NULL,7.57,41.682381,-92.288317,47.511273,-90.578685,1,3,6,13),(990,'2020-11-26 03:47:00','2020-11-26 05:11:00','2020-11-26 05:08:00',4.26,48.448963,-88.622296,45.541630,-87.424963,3,5,12,4),(991,'2020-11-26 19:45:00','2020-11-26 20:54:00','2020-11-26 20:50:00',4.39,41.754009,-91.490076,43.287593,-90.091807,1,5,6,4),(992,'2020-11-27 11:51:00','2020-11-27 12:08:00','2020-11-27 12:18:00',2.71,42.993263,-89.118925,43.425586,-88.515293,1,5,10,5),(993,'2020-11-27 22:17:00','2020-11-28 01:35:00','2020-11-28 01:35:00',5.39,47.584102,-93.590130,47.297047,-87.744375,2,5,7,13),(994,'2020-11-28 07:33:00','2020-11-28 09:55:00','2020-11-28 09:52:00',9.53,43.367466,-86.296993,48.412638,-88.045833,1,5,10,13),(995,'2020-11-28 07:36:00','2020-11-28 10:47:00',NULL,8.22,48.111429,-92.783406,41.748683,-93.906368,3,3,11,13),(996,'2020-11-29 12:42:00','2020-11-29 14:22:00','2020-11-29 14:30:00',4.08,43.925449,-90.167739,43.384960,-93.571983,1,5,6,6),(997,'2020-11-29 19:01:00','2020-11-29 22:49:00','2020-11-29 22:53:00',1.64,47.459657,-92.621336,44.514351,-88.564238,2,5,9,3),(998,'2020-11-30 09:36:00','2020-11-30 10:58:00','2020-11-30 10:53:00',6.62,42.951168,-88.964205,44.325470,-92.480035,2,5,5,4),(999,'2020-11-30 15:33:00','2020-11-30 17:12:00','2020-11-30 17:20:00',4.14,48.889001,-91.523173,45.717133,-93.844815,3,5,11,5),(1000,'2020-12-01 12:10:00','2020-12-01 15:03:00','2020-12-01 15:12:00',7.51,48.167856,-89.214841,43.422226,-88.244344,1,5,6,7),(1001,'2020-12-02 12:25:00','2020-12-02 14:55:00','2020-12-02 15:00:00',4.32,46.804770,-88.248075,44.345316,-86.529193,2,5,9,11),(1002,'2020-12-02 20:46:00','2020-12-02 22:54:00','2020-12-02 22:46:00',6.43,42.568389,-87.716393,43.712867,-91.286485,2,5,4,13),(1003,'2020-12-03 11:55:00','2020-12-03 14:55:00','2020-12-03 14:51:00',7.92,43.542282,-86.602999,46.358162,-89.400193,2,5,7,8),(1004,'2020-12-03 14:28:00','2020-12-03 16:42:00','2020-12-03 16:36:00',9.97,48.279847,-87.342772,44.446600,-88.738684,1,5,6,9),(1005,'2020-12-04 20:35:00','2020-12-04 23:51:00','2020-12-04 23:50:00',9.32,42.848734,-92.891194,48.997829,-89.337274,1,5,10,13),(1006,'2020-12-04 22:51:00','2020-12-05 00:05:00','2020-12-05 00:11:00',3.90,45.301529,-90.885963,43.665599,-90.014117,1,5,6,9),(1007,'2020-12-05 17:22:00','2020-12-05 19:16:00','2020-12-05 19:06:00',8.09,42.802616,-91.662485,47.279728,-93.613904,2,5,5,7),(1008,'2020-12-07 15:11:00','2020-12-07 16:35:00','2020-12-07 16:32:00',6.03,44.504043,-89.722701,43.874366,-92.460064,1,5,6,6),(1009,'2020-12-08 07:03:00','2020-12-08 10:48:00','2020-12-08 10:49:00',8.59,43.110815,-86.485228,48.241417,-88.337233,1,5,6,6),(1010,'2020-12-08 09:43:00','2020-12-08 13:42:00','2020-12-08 13:45:00',7.23,42.519210,-92.626350,43.310623,-86.567837,2,5,9,7),(1011,'2020-12-08 21:24:00','2020-12-08 23:56:00','2020-12-09 00:05:00',6.80,48.575597,-93.402244,45.261989,-90.483321,1,5,6,6),(1012,'2020-12-09 14:14:00','2020-12-09 14:32:00','2020-12-09 14:40:00',1.97,41.709372,-91.967443,41.034671,-91.924315,2,5,8,3),(1013,'2020-12-09 19:55:00','2020-12-09 20:54:00','2020-12-09 20:56:00',2.24,42.727823,-87.405041,44.791325,-86.828250,3,5,11,13),(1014,'2020-12-10 10:13:00','2020-12-10 11:16:00','2020-12-10 11:07:00',3.97,46.025028,-92.988432,46.982758,-91.120913,1,5,6,13),(1015,'2020-12-11 09:55:00','2020-12-11 11:25:00','2020-12-11 11:11:00',8.37,48.109597,-91.348097,48.930726,-86.302079,1,5,10,6),(1016,'2020-12-11 12:47:00','2020-12-11 15:34:00','2020-12-11 15:27:00',8.07,48.698519,-90.271837,44.545260,-87.458189,1,5,6,12),(1017,'2020-12-11 20:22:00','2020-12-11 21:19:00','2020-12-11 21:23:00',3.03,44.732425,-89.284205,45.381700,-86.238886,1,5,10,5),(1018,'2020-12-12 03:14:00','2020-12-12 04:54:00','2020-12-12 04:54:00',7.97,44.051365,-88.617276,42.759526,-93.350541,1,5,10,9),(1019,'2020-12-12 11:54:00','2020-12-12 13:31:00','2020-12-12 13:35:00',5.13,41.466932,-88.323140,43.983507,-88.113044,1,5,6,11),(1020,'2020-12-12 21:02:00','2020-12-12 22:54:00','2020-12-12 23:17:00',2.81,42.155930,-90.912319,44.970616,-91.409962,1,5,6,2),(1021,'2020-12-13 10:57:00','2020-12-13 12:18:00',NULL,1.86,41.683424,-86.695075,43.474354,-87.543008,2,3,3,3),(1022,'2020-12-13 15:27:00','2020-12-13 17:37:00','2020-12-13 17:46:00',2.63,47.187372,-90.873488,46.070446,-86.027305,1,5,6,9),(1023,'2020-12-13 20:48:00','2020-12-14 00:41:00','2020-12-14 00:43:00',7.95,46.557363,-87.213316,42.261333,-92.053387,1,5,6,7),(1024,'2020-12-14 10:25:00','2020-12-14 11:59:00','2020-12-14 12:03:00',3.87,46.421895,-90.455665,42.455987,-89.353068,2,5,5,3),(1025,'2020-12-14 10:38:00','2020-12-14 14:26:00','2020-12-14 14:26:00',2.74,47.310654,-93.144842,42.343830,-89.846324,1,5,6,2),(1026,'2020-12-14 22:34:00','2020-12-14 23:23:00','2020-12-14 23:32:00',3.63,48.779725,-86.279335,48.264152,-88.841238,3,5,11,11),(1027,'2020-12-15 12:01:00','2020-12-15 14:10:00','2020-12-15 14:06:00',4.58,45.943382,-91.201691,48.161400,-90.587929,2,5,1,1),(1028,'2020-12-15 16:44:00','2020-12-15 18:07:00','2020-12-15 18:03:00',6.73,41.987673,-90.052138,41.776291,-93.962128,1,5,10,9),(1029,'2020-12-15 21:19:00','2020-12-15 22:09:00','2020-12-15 22:00:00',3.85,45.472855,-93.785435,44.654257,-92.372407,1,5,6,11),(1030,'2020-12-16 07:32:00','2020-12-16 09:33:00',NULL,4.91,47.703522,-92.680631,43.486277,-93.526720,1,3,10,5),(1031,'2020-12-16 09:23:00','2020-12-16 11:44:00','2020-12-16 11:46:00',9.99,43.156241,-91.238912,48.336718,-89.599673,1,5,10,13),(1032,'2020-12-17 11:21:00','2020-12-17 12:43:00','2020-12-17 12:48:00',2.23,41.368582,-88.351471,44.136897,-87.261099,1,5,10,4),(1033,'2020-12-17 18:48:00','2020-12-17 20:57:00','2020-12-17 21:06:00',3.33,43.589397,-86.208136,48.191131,-89.419940,1,5,10,2),(1034,'2020-12-18 10:31:00','2020-12-18 12:26:00','2020-12-18 12:21:00',8.81,45.356322,-91.070216,42.579952,-86.889588,1,5,10,12),(1035,'2020-12-19 15:25:00','2020-12-19 17:07:00','2020-12-19 17:15:00',2.09,44.205905,-90.929307,46.735751,-90.533324,1,5,6,2),(1036,'2020-12-20 07:36:00','2020-12-20 08:54:00','2020-12-20 09:03:00',4.18,45.174854,-86.940868,47.771098,-89.321908,3,5,11,11),(1037,'2020-12-20 18:55:00','2020-12-20 19:13:00','2020-12-20 19:14:00',3.08,44.536061,-88.013113,44.326253,-87.329397,1,5,6,2),(1038,'2020-12-21 15:14:00','2020-12-21 20:18:00',NULL,8.50,45.912343,-86.213503,41.195459,-92.382196,2,3,1,13),(1039,'2020-12-22 17:28:00','2020-12-22 20:14:00',NULL,3.29,45.884913,-87.813726,41.276631,-87.175666,1,3,6,6),(1040,'2020-12-23 22:10:00','2020-12-24 01:35:00','2020-12-24 01:38:00',2.75,43.575382,-86.055567,48.996016,-93.853219,1,5,10,4),(1041,'2020-12-24 13:35:00','2020-12-24 16:10:00','2020-12-24 16:12:00',4.01,42.336178,-93.555801,47.212461,-88.270291,1,5,10,13),(1042,'2020-12-25 16:27:00','2020-12-25 19:40:00','2020-12-25 19:36:00',6.34,48.609083,-86.552197,47.411768,-92.284572,2,5,4,8),(1043,'2020-12-26 09:20:00','2020-12-26 10:23:00','2020-12-26 10:31:00',5.03,43.210059,-89.137946,42.680092,-92.185699,2,5,5,4),(1044,'2020-12-26 17:13:00','2020-12-26 17:36:00','2020-12-26 17:27:00',3.48,45.647440,-87.252488,44.795238,-87.266343,1,5,10,13),(1045,'2020-12-26 22:30:00','2020-12-27 02:27:00','2020-12-27 02:37:00',3.81,47.862362,-92.666011,43.082858,-87.587677,1,5,6,9),(1046,'2020-12-27 11:19:00','2020-12-27 15:37:00','2020-12-27 15:31:00',7.27,45.482878,-86.440594,41.348398,-90.936228,2,5,4,1),(1047,'2020-12-27 21:28:00','2020-12-28 00:04:00','2020-12-28 00:03:00',2.54,47.989228,-92.843952,41.812557,-93.405360,1,5,10,13),(1048,'2020-12-28 09:02:00','2020-12-28 09:26:00','2020-12-28 09:17:00',2.72,42.957799,-90.672181,43.765701,-90.154954,1,5,10,6),(1049,'2020-12-28 21:20:00','2020-12-28 22:45:00','2020-12-28 22:45:00',3.41,46.698530,-91.362687,45.090976,-89.457060,1,5,6,13),(1050,'2020-12-29 14:17:00','2020-12-29 16:26:00',NULL,3.13,47.068187,-88.170581,43.942532,-88.775596,1,3,6,13),(1051,'2020-12-30 08:10:00','2020-12-30 11:57:00',NULL,9.93,46.805071,-90.473001,41.219783,-87.482080,1,3,6,2),(1052,'2020-12-30 18:11:00','2020-12-30 19:49:00','2020-12-30 19:40:00',4.46,48.668112,-92.931985,47.335737,-89.525357,1,5,6,6),(1053,'2020-12-31 07:04:00','2020-12-31 09:56:00','2020-12-31 10:00:00',6.14,48.813250,-91.728288,44.918811,-89.221082,1,5,6,6),(1054,'2020-12-31 12:26:00','2020-12-31 15:32:00',NULL,6.80,41.741694,-93.518412,41.182855,-86.530489,1,3,6,5),(1055,'2020-12-31 15:43:00','2020-12-31 17:51:00',NULL,5.40,46.127049,-89.139108,41.923314,-87.966109,1,3,10,12),(1056,'2020-12-31 16:19:00','2020-12-31 17:55:00','2020-12-31 17:55:00',3.34,46.958355,-92.541098,46.419449,-87.279464,1,5,10,2),(1057,'2020-12-31 21:36:00','2020-12-31 23:29:00','2020-12-31 23:35:00',2.18,43.851610,-91.174295,46.573695,-90.608640,1,5,6,2),(1058,'2021-01-01 15:52:00','2021-01-01 18:14:00','2021-01-01 18:10:00',8.59,48.076212,-92.035539,45.593671,-92.925031,2,5,9,5),(1059,'2021-01-02 07:54:00','2021-01-02 09:02:00','2021-01-02 09:05:00',3.26,44.151563,-87.991598,45.587321,-89.088601,1,5,6,13),(1060,'2021-01-03 18:48:00','2021-01-03 21:10:00','2021-01-03 21:06:00',7.50,43.642418,-91.260480,46.770346,-89.366828,1,5,6,5),(1061,'2021-01-04 17:48:00','2021-01-04 19:16:00','2021-01-04 19:21:00',4.58,46.720222,-90.826498,47.706841,-93.986300,1,5,6,7),(1062,'2021-01-05 17:51:00','2021-01-05 21:20:00',NULL,7.63,47.627055,-91.178820,43.224736,-91.339861,2,3,1,1),(1063,'2021-01-05 21:52:00','2021-01-05 22:27:00','2021-01-05 22:24:00',3.40,44.046391,-93.009161,44.815019,-93.897419,1,5,6,2),(1064,'2021-01-06 16:25:00','2021-01-06 18:29:00','2021-01-06 18:31:00',7.56,41.893793,-91.291952,43.858859,-87.829848,1,5,6,12),(1065,'2021-01-07 08:44:00','2021-01-07 09:34:00','2021-01-07 09:29:00',3.40,45.906359,-91.990261,44.329617,-91.381133,1,5,10,6),(1066,'2021-01-07 16:46:00','2021-01-07 20:33:00','2021-01-07 20:27:00',7.94,48.588002,-87.402603,43.222982,-86.677283,1,5,6,9),(1067,'2021-01-07 17:35:00','2021-01-07 18:55:00','2021-01-07 18:56:00',4.82,41.022463,-87.117234,43.346441,-86.916095,1,5,6,5),(1068,'2021-01-08 12:08:00','2021-01-08 13:12:00','2021-01-08 13:09:00',1.13,45.565517,-90.153101,46.537942,-93.850988,2,5,8,11),(1069,'2021-01-08 18:59:00','2021-01-08 20:31:00','2021-01-08 20:37:00',3.85,48.014043,-87.416550,44.875120,-86.374748,3,5,12,11),(1070,'2021-01-08 22:33:00','2021-01-09 00:09:00','2021-01-08 23:58:00',2.22,43.562749,-91.290892,46.857295,-88.840848,1,5,10,12),(1071,'2021-01-09 09:39:00','2021-01-09 11:45:00',NULL,2.47,47.551215,-91.043712,44.127795,-87.229888,1,3,10,5),(1072,'2021-01-09 19:44:00','2021-01-09 23:08:00',NULL,3.08,41.510186,-90.771063,47.614127,-86.616176,1,3,10,4),(1073,'2021-01-09 21:43:00','2021-01-09 22:29:00',NULL,4.77,45.269702,-92.397740,44.202193,-90.795813,1,3,10,7),(1074,'2021-01-10 08:30:00','2021-01-10 09:53:00','2021-01-10 09:43:00',5.51,46.267608,-90.885103,48.771661,-88.486385,1,5,10,5),(1075,'2021-01-10 08:47:00','2021-01-10 10:33:00','2021-01-10 10:40:00',7.58,42.785740,-87.641149,43.437033,-92.891388,3,5,11,5),(1076,'2021-01-10 10:44:00','2021-01-10 11:54:00','2021-01-10 12:02:00',4.31,45.138744,-87.972826,42.719636,-87.483341,1,5,10,5),(1077,'2021-01-11 12:53:00','2021-01-11 15:38:00','2021-01-11 15:29:00',3.02,46.664597,-88.622282,42.894800,-92.659153,1,5,6,5),(1078,'2021-01-11 19:13:00','2021-01-11 22:44:00','2021-01-11 22:42:00',5.85,41.568085,-88.933207,48.629713,-87.051816,1,5,10,7),(1079,'2021-01-12 08:37:00','2021-01-12 09:18:00','2021-01-12 09:20:00',4.81,45.344345,-87.547748,44.228223,-89.215642,1,5,10,11),(1080,'2021-01-12 15:58:00','2021-01-12 17:44:00','2021-01-12 17:37:00',2.28,43.423808,-93.070503,46.376059,-93.908193,1,5,6,7),(1081,'2021-01-13 13:19:00','2021-01-13 15:34:00','2021-01-13 15:40:00',4.14,46.317157,-88.178156,46.157753,-93.676769,1,5,6,13),(1082,'2021-01-13 14:01:00','2021-01-13 16:53:00','2021-01-13 16:51:00',2.43,41.029897,-86.900983,44.405395,-90.270076,1,5,6,13),(1083,'2021-01-13 18:49:00','2021-01-13 19:58:00',NULL,2.63,47.708175,-93.283909,48.455928,-90.868630,1,3,6,9),(1084,'2021-01-14 12:16:00','2021-01-14 14:07:00','2021-01-14 14:14:00',3.92,41.151677,-91.682323,44.133354,-93.286259,1,5,6,7),(1085,'2021-01-14 19:51:00','2021-01-14 21:00:00','2021-01-14 21:11:00',3.11,43.177561,-88.595695,45.488843,-87.768703,1,5,10,5),(1086,'2021-01-15 08:21:00','2021-01-15 11:38:00','2021-01-15 11:48:00',2.89,48.726157,-86.928297,45.180047,-86.314876,2,5,2,7),(1087,'2021-01-15 18:48:00','2021-01-15 21:57:00','2021-01-15 21:47:00',6.56,48.580174,-88.506873,45.725114,-86.853809,2,5,2,7),(1088,'2021-01-16 12:34:00','2021-01-16 14:27:00','2021-01-16 14:28:00',5.00,47.940728,-87.630617,44.024732,-89.984489,1,5,10,9),(1089,'2021-01-16 21:00:00','2021-01-16 23:41:00','2021-01-16 23:31:00',4.49,48.003085,-86.329531,42.343093,-86.295941,1,5,10,12),(1090,'2021-01-17 12:17:00','2021-01-17 13:07:00','2021-01-17 13:27:00',2.14,47.827169,-88.663358,47.201705,-87.001403,1,5,6,6),(1091,'2021-01-17 20:54:00','2021-01-17 21:11:00','2021-01-17 21:14:00',2.80,43.074457,-89.114427,43.204495,-89.634244,1,5,6,2),(1092,'2021-01-18 16:11:00','2021-01-18 16:53:00','2021-01-18 16:53:00',3.75,48.685989,-89.711857,47.382748,-90.950686,1,5,10,13),(1093,'2021-01-19 07:28:00','2021-01-19 11:39:00','2021-01-19 11:29:00',4.38,42.610677,-89.908572,48.625107,-92.148745,1,5,6,5),(1094,'2021-01-19 20:42:00','2021-01-19 21:41:00','2021-01-19 21:35:00',2.21,45.551057,-92.264464,44.024508,-92.084068,1,5,6,11),(1095,'2021-01-20 07:18:00','2021-01-20 09:15:00',NULL,8.31,41.236101,-88.211667,45.233360,-90.198199,1,3,10,2),(1096,'2021-01-20 11:04:00','2021-01-20 15:11:00',NULL,5.73,41.331829,-93.982798,48.090524,-90.598985,1,3,6,4),(1097,'2021-01-21 14:27:00','2021-01-21 16:06:00','2021-01-21 16:11:00',7.41,45.670985,-86.555049,48.211801,-88.275850,1,5,6,2),(1098,'2021-01-21 17:55:00','2021-01-21 19:02:00',NULL,3.41,46.676353,-88.183548,45.053203,-91.183340,1,3,10,6),(1099,'2021-01-21 18:04:00','2021-01-21 19:29:00','2021-01-21 19:31:00',5.74,48.987061,-92.767139,47.203122,-90.682974,1,5,6,6),(1100,'2021-01-21 23:54:00','2021-01-22 00:26:00','2021-01-22 00:23:00',3.33,44.966982,-92.367295,45.262581,-93.585213,1,5,6,4),(1101,'2021-01-22 08:05:00','2021-01-22 09:21:00','2021-01-22 09:12:00',5.29,41.698064,-86.714374,43.333939,-88.187182,1,5,6,4),(1102,'2021-01-22 22:37:00','2021-01-22 23:41:00','2021-01-22 23:50:00',4.58,43.168875,-93.466082,45.162965,-90.786930,2,5,5,7),(1103,'2021-01-23 21:07:00','2021-01-23 22:45:00',NULL,4.31,44.449606,-91.914115,41.080605,-91.854629,1,3,10,11),(1104,'2021-01-24 10:58:00','2021-01-24 12:39:00','2021-01-24 12:43:00',3.95,42.379696,-89.306412,44.328854,-91.436493,1,5,6,13),(1105,'2021-01-24 17:56:00','2021-01-24 19:39:00','2021-01-24 19:40:00',9.26,42.103344,-86.588664,42.746649,-91.500761,1,5,10,6),(1106,'2021-01-25 09:59:00','2021-01-25 13:07:00','2021-01-25 13:07:00',2.05,46.365059,-89.251093,48.649361,-93.999919,2,5,3,4),(1107,'2021-01-26 14:21:00','2021-01-26 16:04:00','2021-01-26 16:08:00',3.25,47.002994,-89.641689,44.782573,-88.162070,1,5,6,13),(1108,'2021-01-26 17:38:00','2021-01-26 20:17:00','2021-01-26 20:13:00',5.78,41.059910,-91.476483,45.437857,-87.381268,1,5,10,9),(1109,'2021-01-27 18:03:00','2021-01-27 23:13:00','2021-01-27 23:22:00',8.94,41.286019,-92.380876,48.237564,-86.669554,1,5,6,2),(1110,'2021-01-28 08:11:00','2021-01-28 10:39:00','2021-01-28 10:41:00',9.98,42.335357,-88.609355,47.947151,-91.436178,1,5,10,11),(1111,'2021-01-28 17:05:00','2021-01-28 17:22:00','2021-01-28 17:27:00',2.57,42.459202,-92.950143,41.871679,-92.791173,1,5,10,12),(1112,'2021-01-28 21:19:00','2021-01-28 22:42:00','2021-01-28 22:33:00',5.75,43.761688,-89.672261,46.353633,-88.215052,1,5,10,11),(1113,'2021-01-29 07:08:00','2021-01-29 07:36:00',NULL,2.69,41.319156,-88.859241,41.746328,-89.690636,1,3,6,7),(1114,'2021-01-29 07:25:00','2021-01-29 11:09:00','2021-01-29 11:17:00',9.35,44.428827,-92.045745,48.484794,-86.438793,1,5,6,6),(1115,'2021-01-29 15:42:00','2021-01-29 16:57:00',NULL,6.52,45.179559,-91.119049,42.866078,-93.312463,1,3,10,7),(1116,'2021-01-30 22:40:00','2021-01-30 23:24:00','2021-01-30 23:21:00',3.13,42.850077,-90.737512,43.762206,-89.976433,1,5,6,11),(1117,'2021-01-31 07:44:00','2021-01-31 11:36:00','2021-01-31 11:44:00',6.74,44.359683,-87.321222,48.314841,-93.462131,1,5,6,12),(1118,'2021-01-31 14:51:00','2021-01-31 19:22:00','2021-01-31 19:20:00',7.82,41.119155,-89.308578,48.099645,-88.576039,1,5,6,11),(1119,'2021-01-31 21:03:00','2021-01-31 22:58:00','2021-01-31 22:49:00',7.12,44.705478,-93.132005,42.223544,-90.486267,1,5,6,2),(1120,'2021-02-01 20:44:00','2021-02-01 21:55:00','2021-02-01 22:02:00',4.90,48.816187,-91.309861,47.002137,-88.059733,1,5,10,6),(1121,'2021-02-02 19:50:00','2021-02-02 22:10:00','2021-02-02 22:03:00',2.51,42.584808,-87.756640,43.462376,-92.418202,1,5,6,11),(1122,'2021-02-03 09:46:00','2021-02-03 14:02:00','2021-02-03 14:06:00',3.02,43.500094,-92.673420,48.132622,-86.316633,1,5,6,11),(1123,'2021-02-03 16:10:00','2021-02-03 17:55:00','2021-02-03 18:01:00',2.28,44.302910,-93.470012,41.741212,-91.883906,1,5,6,9),(1124,'2021-02-04 06:48:00','2021-02-04 09:59:00','2021-02-04 09:52:00',6.13,43.746510,-89.511596,47.202492,-92.452752,2,5,3,7),(1125,'2021-02-04 08:17:00','2021-02-04 10:45:00','2021-02-04 10:35:00',7.23,45.421648,-93.904613,44.211989,-86.226213,3,5,12,7),(1126,'2021-02-04 18:26:00','2021-02-04 20:15:00','2021-02-04 20:22:00',2.92,42.013775,-88.570267,41.107340,-93.752500,1,5,10,11),(1127,'2021-02-05 11:17:00','2021-02-05 11:25:00','2021-02-05 11:21:00',2.39,46.563582,-92.692976,46.844375,-92.699198,1,5,10,6),(1128,'2021-02-06 01:28:00','2021-02-06 03:02:00','2021-02-06 03:06:00',4.84,44.762592,-90.427296,47.575746,-87.839385,1,5,10,7),(1129,'2021-02-06 14:47:00','2021-02-06 17:11:00','2021-02-06 17:13:00',3.07,42.181680,-87.441452,46.247700,-87.437144,1,5,6,4),(1130,'2021-02-07 07:12:00','2021-02-07 08:38:00',NULL,2.76,45.135444,-90.350580,46.840770,-91.744411,2,3,4,3),(1131,'2021-02-07 17:25:00','2021-02-07 19:12:00','2021-02-07 19:10:00',6.04,48.171045,-90.143880,46.767466,-92.731028,2,5,3,5),(1132,'2021-02-08 17:05:00','2021-02-08 18:53:00','2021-02-08 18:59:00',3.64,46.088325,-92.215661,42.656723,-91.069404,1,5,10,6),(1133,'2021-02-09 17:31:00','2021-02-09 20:30:00','2021-02-09 20:21:00',4.52,41.790719,-90.392538,48.665154,-90.496618,1,5,10,13),(1134,'2021-02-09 19:15:00','2021-02-09 21:31:00','2021-02-09 21:33:00',4.55,48.116523,-87.765931,42.820775,-87.598333,1,5,10,9),(1135,'2021-02-09 21:03:00','2021-02-09 23:21:00','2021-02-09 23:24:00',9.56,45.016548,-89.866827,41.616218,-87.318427,1,5,6,9),(1136,'2021-02-10 19:47:00','2021-02-10 20:50:00',NULL,3.37,44.887859,-92.781032,43.431262,-93.500594,1,3,6,9),(1137,'2021-02-11 10:40:00','2021-02-11 12:37:00','2021-02-11 12:28:00',4.14,45.516241,-90.924046,42.831049,-86.072619,1,5,10,6),(1138,'2021-02-11 13:51:00','2021-02-11 16:14:00','2021-02-11 16:19:00',6.17,41.367738,-86.290046,46.446555,-89.897088,1,5,10,9),(1139,'2021-02-11 18:33:00','2021-02-11 22:56:00',NULL,7.71,44.655631,-91.810705,48.979582,-92.669976,2,3,2,7),(1140,'2021-02-12 10:59:00','2021-02-12 13:32:00','2021-02-12 13:30:00',9.38,43.392342,-87.965582,47.995064,-93.127935,1,5,10,6),(1141,'2021-02-13 19:36:00','2021-02-13 22:19:00',NULL,4.34,48.379605,-86.069557,42.513401,-86.224324,1,3,10,11),(1142,'2021-02-14 10:07:00','2021-02-14 13:45:00','2021-02-14 13:44:00',9.87,46.395689,-93.621158,42.707141,-86.600819,1,5,6,13),(1143,'2021-02-15 15:16:00','2021-02-15 15:39:00','2021-02-15 15:35:00',3.87,46.054384,-86.618822,46.742741,-87.429830,1,5,10,7),(1144,'2021-02-16 10:05:00','2021-02-16 12:40:00',NULL,3.36,43.515770,-87.774728,48.579049,-90.780568,1,3,10,2),(1145,'2021-02-16 22:05:00','2021-02-16 23:08:00','2021-02-16 23:01:00',5.53,41.742206,-86.597899,43.783888,-86.286865,1,5,10,12),(1146,'2021-02-17 13:38:00','2021-02-17 17:11:00','2021-02-17 17:18:00',3.10,46.606676,-93.956414,48.397900,-89.141257,2,5,14,1),(1147,'2021-02-17 18:15:00','2021-02-17 21:53:00','2021-02-17 22:01:00',6.39,45.276299,-86.603982,41.151192,-91.432091,1,5,6,4),(1148,'2021-02-18 07:04:00','2021-02-18 09:32:00',NULL,7.42,45.360263,-91.576829,48.035066,-90.094181,2,3,1,5),(1149,'2021-02-18 12:55:00','2021-02-18 14:58:00','2021-02-18 14:54:00',4.62,42.818141,-90.172409,46.683534,-93.065103,2,5,8,7),(1150,'2021-02-19 12:39:00','2021-02-19 14:43:00','2021-02-19 14:49:00',3.33,44.719427,-91.738681,41.148317,-92.042371,1,5,6,9),(1151,'2021-02-20 12:28:00','2021-02-20 14:27:00','2021-02-20 14:25:00',4.34,42.690212,-86.145859,43.200067,-90.562086,1,5,6,4),(1152,'2021-02-21 14:23:00','2021-02-21 16:38:00',NULL,6.55,44.450065,-92.223697,47.531320,-90.672311,1,3,6,6),(1153,'2021-02-22 07:10:00','2021-02-22 07:56:00','2021-02-22 08:05:00',2.21,46.586675,-88.177037,45.354790,-89.694938,1,5,10,6),(1154,'2021-02-22 10:33:00','2021-02-22 12:13:00','2021-02-22 12:11:00',6.57,44.421124,-88.869829,48.387486,-88.453082,2,5,5,7),(1155,'2021-02-22 15:06:00','2021-02-22 16:26:00','2021-02-22 16:34:00',4.25,46.368300,-93.520433,43.292934,-91.974030,2,5,8,5),(1156,'2021-02-22 15:41:00','2021-02-22 17:13:00',NULL,5.90,45.259299,-90.722908,44.607564,-93.793453,1,3,6,13),(1157,'2021-02-23 10:05:00','2021-02-23 11:30:00','2021-02-23 11:31:00',2.52,41.250365,-93.650575,41.996031,-90.068121,1,5,10,11),(1158,'2021-02-23 14:18:00','2021-02-23 16:13:00',NULL,7.17,48.153685,-88.722983,45.924029,-93.210903,1,3,10,2),(1159,'2021-02-24 03:03:00','2021-02-24 05:35:00',NULL,5.10,46.764271,-93.331089,43.051745,-93.748011,1,3,6,4),(1160,'2021-02-24 16:59:00','2021-02-24 18:34:00','2021-02-24 18:24:00',6.55,45.659304,-93.914264,43.450770,-90.003361,1,5,10,4),(1161,'2021-02-25 15:16:00','2021-02-25 18:41:00',NULL,6.51,45.182574,-89.773045,41.587054,-87.745597,2,3,2,1),(1162,'2021-02-25 22:34:00','2021-02-25 23:19:00','2021-02-25 23:29:00',4.75,41.692600,-88.650364,41.670381,-90.697004,1,5,10,6),(1163,'2021-02-26 12:54:00','2021-02-26 17:26:00','2021-02-26 17:46:00',1.88,42.716633,-86.903357,47.333315,-91.623351,2,5,3,13),(1164,'2021-02-26 21:16:00','2021-02-26 23:37:00','2021-02-26 23:39:00',8.21,43.656952,-87.625573,48.901279,-89.616886,1,5,10,12),(1165,'2021-02-27 10:08:00','2021-02-27 12:24:00','2021-02-27 12:15:00',5.42,48.239444,-88.934533,44.609003,-91.151384,1,5,6,4),(1166,'2021-02-27 12:57:00','2021-02-27 14:01:00',NULL,2.94,48.703186,-90.991306,48.933916,-87.356505,1,3,10,12),(1167,'2021-02-27 20:24:00','2021-02-27 22:55:00','2021-02-27 22:53:00',8.21,47.264907,-93.203238,42.189091,-90.444830,3,5,12,5),(1168,'2021-02-28 09:23:00','2021-02-28 10:54:00',NULL,5.83,44.025480,-88.904507,41.401026,-91.281351,1,3,10,9),(1169,'2021-03-01 12:12:00','2021-03-01 13:53:00','2021-03-01 13:55:00',4.24,45.003127,-86.058444,44.698397,-91.332681,1,5,10,9),(1170,'2021-03-01 21:54:00','2021-03-01 22:19:00','2021-03-01 22:28:00',3.09,47.067628,-89.303761,46.278311,-89.697162,3,5,11,7),(1171,'2021-03-01 22:59:00','2021-03-02 00:21:00','2021-03-02 00:16:00',5.60,47.669047,-90.741261,45.286551,-90.343458,1,5,6,7),(1172,'2021-03-02 15:52:00','2021-03-02 18:34:00','2021-03-02 18:35:00',1.07,46.967782,-89.516377,45.514770,-92.877019,2,5,14,5),(1173,'2021-03-03 13:27:00','2021-03-03 15:15:00','2021-03-03 15:12:00',2.30,46.154484,-88.225494,46.409077,-92.278132,1,5,6,12),(1174,'2021-03-03 16:45:00','2021-03-03 18:52:00','2021-03-03 18:52:00',6.72,41.426363,-91.456310,44.439361,-92.434267,1,5,6,12),(1175,'2021-03-04 08:57:00','2021-03-04 10:52:00','2021-03-04 10:49:00',4.15,47.383261,-90.711144,46.294499,-93.394073,2,5,1,8),(1176,'2021-03-04 13:24:00','2021-03-04 14:10:00','2021-03-04 14:04:00',1.68,46.193492,-91.142590,47.706573,-93.039364,2,5,5,8),(1177,'2021-03-05 18:08:00','2021-03-05 20:27:00','2021-03-05 20:28:00',9.78,44.660559,-87.417125,46.932698,-92.085135,1,5,6,6),(1178,'2021-03-06 19:51:00','2021-03-06 19:59:00','2021-03-06 19:55:00',2.50,44.038740,-88.379102,43.988269,-87.921350,1,5,10,11),(1179,'2021-03-07 12:32:00','2021-03-07 14:58:00','2021-03-07 14:49:00',7.85,45.224522,-91.508805,48.782408,-86.561545,1,5,10,9),(1180,'2021-03-08 14:32:00','2021-03-08 15:54:00','2021-03-08 16:00:00',3.12,43.941244,-91.267130,45.840616,-93.995527,1,5,10,12),(1181,'2021-03-09 08:05:00','2021-03-09 08:43:00','2021-03-09 08:49:00',1.68,46.365162,-88.237616,45.716437,-87.704967,2,5,1,8),(1182,'2021-03-09 17:01:00','2021-03-09 20:18:00','2021-03-09 20:20:00',8.84,45.743094,-92.811713,48.712153,-91.004094,2,5,9,1),(1183,'2021-03-09 21:15:00','2021-03-09 23:37:00','2021-03-09 23:27:00',5.10,42.630693,-86.602898,41.093431,-91.724152,1,5,6,6),(1184,'2021-03-10 11:33:00','2021-03-10 13:10:00','2021-03-10 13:10:00',4.16,44.245362,-91.467382,43.927004,-86.962831,1,5,10,6),(1185,'2021-03-10 15:47:00','2021-03-10 17:35:00','2021-03-10 17:39:00',2.93,45.558177,-91.665283,46.999053,-87.008885,1,5,10,11),(1186,'2021-03-11 07:50:00','2021-03-11 10:26:00',NULL,2.83,48.191893,-92.110576,44.871440,-88.311070,1,3,6,12),(1187,'2021-03-11 18:21:00','2021-03-11 21:00:00','2021-03-11 20:56:00',2.41,42.921261,-88.113498,48.668728,-89.315866,1,5,10,4),(1188,'2021-03-12 14:00:00','2021-03-12 15:19:00',NULL,8.90,45.161747,-92.877800,42.125760,-91.737798,1,3,10,2),(1189,'2021-03-13 18:41:00','2021-03-13 19:37:00','2021-03-13 19:36:00',5.79,46.109300,-93.263070,45.356753,-90.427028,2,5,8,5),(1190,'2021-03-14 08:58:00','2021-03-14 11:43:00','2021-03-14 11:48:00',5.56,42.685975,-88.412286,47.880644,-92.359923,1,5,10,2),(1191,'2021-03-14 17:28:00','2021-03-14 18:59:00','2021-03-14 18:59:00',3.93,42.968027,-90.830406,42.943893,-93.789320,1,5,6,9),(1192,'2021-03-14 20:58:00','2021-03-14 22:54:00','2021-03-14 22:47:00',9.04,42.828232,-93.918895,43.920828,-87.639175,1,5,10,13),(1193,'2021-03-15 14:52:00','2021-03-15 17:33:00','2021-03-15 17:29:00',4.01,42.503417,-93.776513,45.607184,-87.634542,1,5,10,7),(1194,'2021-03-16 04:04:00','2021-03-16 05:15:00','2021-03-16 05:15:00',2.52,47.717763,-89.157291,45.060257,-88.226841,1,5,10,11),(1195,'2021-03-16 10:06:00','2021-03-16 10:57:00','2021-03-16 10:51:00',3.59,44.448709,-91.210779,44.599977,-92.367778,2,5,9,5),(1196,'2021-03-17 15:09:00','2021-03-17 15:23:00','2021-03-17 15:33:00',2.09,45.198105,-90.655754,45.126918,-91.398151,1,5,10,13),(1197,'2021-03-17 22:40:00','2021-03-18 01:01:00','2021-03-18 01:08:00',6.87,46.032924,-87.831154,48.745457,-89.779250,2,5,7,1),(1198,'2021-03-18 09:00:00','2021-03-18 10:13:00','2021-03-18 10:16:00',7.59,46.208704,-86.172814,48.509817,-87.932472,1,5,10,9),(1199,'2021-03-18 09:39:00','2021-03-18 14:18:00','2021-03-18 14:10:00',4.49,45.932451,-86.073383,41.835731,-89.601194,2,5,14,13),(1200,'2021-03-18 19:09:00','2021-03-18 20:09:00','2021-03-18 20:13:00',3.23,42.932198,-88.845963,44.973590,-89.594158,1,5,10,12),(1201,'2021-03-19 09:25:00','2021-03-19 14:31:00','2021-03-19 14:40:00',7.59,42.191031,-90.155794,48.647935,-91.292941,2,5,1,7),(1202,'2021-03-19 18:49:00','2021-03-19 21:19:00','2021-03-19 21:16:00',2.57,46.917852,-86.766805,43.412418,-87.637496,1,5,6,7),(1203,'2021-03-20 07:33:00','2021-03-20 08:25:00','2021-03-20 08:22:00',3.52,46.685654,-89.252739,47.679343,-90.845068,1,5,6,11),(1204,'2021-03-20 18:29:00','2021-03-20 22:51:00','2021-03-20 22:47:00',6.82,47.373786,-91.363282,43.062232,-91.598995,2,5,2,5),(1205,'2021-03-21 10:18:00','2021-03-21 13:25:00','2021-03-21 13:38:00',3.12,44.716505,-87.027249,48.714243,-92.347039,1,5,6,13),(1206,'2021-03-21 18:29:00','2021-03-21 19:22:00','2021-03-21 19:14:00',2.97,46.909317,-92.134150,48.601299,-93.591054,1,5,15,5),(1207,'2021-03-21 20:31:00','2021-03-21 22:37:00','2021-03-21 22:28:00',5.16,46.722168,-93.604174,41.812627,-91.124343,1,5,15,9),(1208,'2021-03-21 20:39:00','2021-03-21 22:13:00','2021-03-21 22:13:00',4.06,43.665101,-88.408043,44.964479,-90.953474,1,5,6,11),(1209,'2021-03-22 07:50:00','2021-03-22 09:02:00','2021-03-22 09:02:00',3.10,42.073587,-89.356045,44.999015,-87.936790,1,5,15,13),(1210,'2021-03-22 17:21:00','2021-03-22 19:21:00',NULL,1.57,48.548271,-86.476229,47.974043,-89.701096,2,3,7,5),(1211,'2021-03-23 13:40:00','2021-03-23 15:18:00','2021-03-23 15:16:00',4.81,42.824383,-93.787214,44.590780,-92.684456,2,5,3,11),(1212,'2021-03-24 16:20:00','2021-03-24 18:48:00','2021-03-24 18:52:00',4.41,41.685157,-92.316249,47.363287,-91.234822,1,5,15,7),(1213,'2021-03-24 22:39:00','2021-03-25 00:48:00','2021-03-25 00:38:00',2.12,48.073411,-86.978776,46.885886,-93.634241,1,5,15,5),(1214,'2021-03-25 10:55:00','2021-03-25 13:47:00','2021-03-25 13:45:00',7.49,41.851995,-93.855578,47.166124,-87.602647,1,5,10,5),(1215,'2021-03-25 22:40:00','2021-03-25 23:42:00','2021-03-25 23:35:00',2.30,44.625242,-92.822321,44.012668,-90.469695,1,5,6,12),(1216,'2021-03-26 08:54:00','2021-03-26 09:56:00','2021-03-26 09:49:00',3.57,41.613567,-93.106177,43.628416,-91.539391,1,5,15,9),(1217,'2021-03-26 12:20:00','2021-03-26 12:40:00','2021-03-26 12:32:00',2.37,47.839554,-91.827852,47.342076,-92.806064,1,5,15,9),(1218,'2021-03-27 10:29:00','2021-03-27 11:53:00','2021-03-27 11:54:00',7.97,46.720742,-86.836387,43.655837,-86.211651,1,5,10,13),(1219,'2021-03-27 12:09:00','2021-03-27 15:29:00','2021-03-27 15:29:00',7.82,43.249141,-86.397280,48.266178,-88.477270,1,5,6,6),(1220,'2021-03-27 21:33:00','2021-03-28 00:36:00','2021-03-28 00:38:00',7.24,46.073993,-89.325030,41.152870,-91.260560,1,5,6,11),(1221,'2021-03-28 17:44:00','2021-03-28 22:53:00','2021-03-28 22:57:00',2.37,48.585320,-92.515772,41.665178,-87.126792,1,5,6,6),(1222,'2021-03-28 19:10:00','2021-03-28 20:24:00','2021-03-28 20:16:00',4.17,46.893477,-91.139550,45.621819,-87.472253,1,5,10,12),(1223,'2021-03-28 23:08:00','2021-03-28 23:17:00','2021-03-28 23:20:00',2.02,48.179540,-91.535318,47.784787,-91.470108,1,5,15,12),(1224,'2021-03-29 15:31:00','2021-03-29 16:38:00','2021-03-29 16:47:00',4.28,42.281521,-89.855014,41.880366,-86.033128,1,5,15,12),(1225,'2021-03-30 19:12:00','2021-03-30 19:51:00','2021-03-30 19:42:00',2.84,41.878023,-91.752515,41.603356,-89.725675,1,5,15,7),(1226,'2021-03-31 09:03:00','2021-03-31 12:26:00','2021-03-31 12:30:00',4.66,41.475483,-90.778513,47.680990,-86.259513,1,5,10,4),(1227,'2021-03-31 12:38:00','2021-03-31 14:37:00','2021-03-31 14:27:00',5.07,42.214639,-90.500531,46.853429,-91.231263,1,5,15,11),(1228,'2021-03-31 18:39:00','2021-03-31 20:38:00','2021-03-31 20:48:00',8.99,44.991297,-92.914847,42.451872,-89.996100,1,5,6,2),(1229,'2021-03-31 21:40:00','2021-03-31 23:06:00','2021-03-31 23:09:00',4.63,48.938867,-86.579612,46.285340,-89.834466,1,5,15,5),(1230,'2021-04-01 10:57:00','2021-04-01 12:48:00','2021-04-01 12:42:00',2.85,44.124235,-88.535115,42.951721,-92.636049,1,5,6,5),(1231,'2021-04-02 14:40:00','2021-04-02 17:24:00','2021-04-02 17:31:00',2.66,48.138661,-89.623037,41.468834,-88.786721,1,5,15,7),(1232,'2021-04-02 14:54:00','2021-04-02 16:34:00','2021-04-02 16:25:00',3.31,44.103852,-89.126250,48.057197,-89.335264,1,5,15,11),(1233,'2021-04-03 13:43:00','2021-04-03 13:57:00',NULL,2.48,45.820539,-88.656477,45.255997,-88.750581,1,3,15,13),(1234,'2021-04-03 17:33:00','2021-04-03 19:57:00','2021-04-03 19:53:00',3.15,47.362908,-89.987020,41.976174,-93.158070,1,5,15,9),(1235,'2021-04-04 19:03:00','2021-04-04 22:50:00','2021-04-04 22:59:00',2.99,46.650690,-87.200697,42.044448,-93.175670,1,5,6,7),(1236,'2021-04-04 21:47:00','2021-04-04 23:17:00','2021-04-04 23:27:00',3.73,42.473108,-87.819892,43.481217,-92.134237,1,5,10,13),(1237,'2021-04-05 13:20:00','2021-04-05 14:00:00','2021-04-05 14:02:00',3.76,44.854877,-89.403869,44.416025,-90.708269,1,5,6,12),(1238,'2021-04-05 17:34:00','2021-04-05 17:41:00','2021-04-05 17:46:00',2.35,48.658427,-92.730968,48.369880,-92.957696,1,5,15,11),(1239,'2021-04-06 09:48:00','2021-04-06 11:12:00','2021-04-06 11:19:00',3.09,41.704497,-88.350668,43.133169,-92.282149,1,5,15,13),(1240,'2021-04-06 22:38:00','2021-04-07 01:29:00','2021-04-07 01:31:00',7.18,47.219886,-91.561093,42.534879,-93.642327,1,5,6,11),(1241,'2021-04-07 20:06:00','2021-04-07 23:39:00','2021-04-07 23:46:00',8.28,44.717600,-86.624878,42.722812,-91.511309,2,5,1,1),(1242,'2021-04-08 19:34:00','2021-04-08 20:24:00','2021-04-08 20:27:00',6.10,47.962262,-90.035661,47.934908,-87.218475,2,5,5,13),(1243,'2021-04-09 13:01:00','2021-04-09 16:07:00','2021-04-09 16:07:00',8.86,44.050597,-88.934760,41.174408,-92.323679,2,5,7,4),(1244,'2021-04-09 13:43:00','2021-04-09 16:15:00','2021-04-09 16:11:00',8.74,43.453633,-93.056965,46.354275,-86.057729,1,5,15,11),(1245,'2021-04-09 15:13:00','2021-04-09 17:59:00',NULL,9.30,47.609153,-93.121006,41.567514,-93.799413,1,3,10,13),(1246,'2021-04-10 10:36:00','2021-04-10 11:55:00',NULL,2.50,48.702971,-90.998066,48.900758,-87.502013,1,3,6,11),(1247,'2021-04-11 16:39:00','2021-04-11 17:57:00',NULL,3.24,45.725119,-88.923742,44.205930,-93.199123,1,3,15,2),(1248,'2021-04-11 17:42:00','2021-04-11 18:19:00','2021-04-11 18:27:00',4.48,46.520771,-86.638485,45.245263,-86.858233,1,5,10,12),(1249,'2021-04-11 18:55:00','2021-04-11 21:50:00','2021-04-11 21:46:00',8.85,41.595088,-86.524940,44.590038,-90.474990,1,5,6,6),(1250,'2021-04-12 09:56:00','2021-04-12 10:46:00','2021-04-12 10:40:00',2.99,46.495160,-89.571648,46.656284,-87.003638,1,5,10,9),(1251,'2021-04-12 21:19:00','2021-04-13 00:08:00','2021-04-13 00:09:00',8.34,43.288964,-91.079871,48.733753,-88.091621,1,5,10,5),(1252,'2021-04-13 08:54:00','2021-04-13 09:40:00','2021-04-13 09:45:00',3.57,42.729613,-89.728708,41.167620,-89.975773,1,5,10,6),(1253,'2021-04-13 19:30:00','2021-04-13 19:36:00','2021-04-13 19:39:00',2.18,45.114351,-90.677555,45.269170,-90.621483,1,5,6,2),(1254,'2021-04-14 07:30:00','2021-04-14 08:08:00',NULL,2.17,44.133944,-91.309248,45.051931,-89.812602,1,3,15,2),(1255,'2021-04-14 12:34:00','2021-04-14 13:12:00','2021-04-14 13:08:00',4.73,44.143642,-91.734983,42.894158,-91.324259,1,5,10,12),(1256,'2021-04-14 15:04:00','2021-04-14 16:20:00','2021-04-14 16:27:00',4.66,43.204571,-91.648635,46.143111,-91.338540,1,5,15,11),(1257,'2021-04-15 02:57:00','2021-04-15 05:26:00','2021-04-15 05:42:00',5.22,47.225064,-88.546612,41.591749,-91.401417,1,5,10,4),(1258,'2021-04-15 18:48:00','2021-04-15 19:22:00','2021-04-15 19:22:00',2.09,42.917384,-92.664750,41.924099,-93.385254,1,5,10,13),(1259,'2021-04-16 13:56:00','2021-04-16 17:42:00','2021-04-16 17:35:00',4.48,42.853388,-91.423080,48.324437,-89.108575,1,5,6,6),(1260,'2021-04-17 17:43:00','2021-04-17 20:19:00','2021-04-17 20:20:00',4.27,48.343302,-87.442883,43.755681,-91.892947,1,5,10,4),(1261,'2021-04-18 09:04:00','2021-04-18 11:32:00','2021-04-18 11:28:00',6.62,47.178838,-93.355245,41.687263,-92.497951,1,5,15,12),(1262,'2021-04-18 09:47:00','2021-04-18 12:14:00',NULL,2.64,42.943435,-89.779123,48.274079,-86.292233,1,3,15,13),(1263,'2021-04-18 18:38:00','2021-04-18 20:13:00','2021-04-18 20:09:00',2.70,44.458722,-92.344584,46.900914,-93.461678,1,5,6,12),(1264,'2021-04-19 01:05:00','2021-04-19 02:53:00','2021-04-19 02:47:00',4.13,48.319934,-90.318142,45.449485,-90.798150,1,5,6,2),(1265,'2021-04-19 17:36:00','2021-04-19 21:29:00','2021-04-19 21:26:00',8.64,48.662168,-92.228019,42.873402,-89.948932,1,5,6,4),(1266,'2021-04-20 09:00:00','2021-04-20 09:52:00','2021-04-20 09:51:00',3.42,45.692485,-86.991415,45.965469,-90.198410,1,5,15,4),(1267,'2021-04-20 22:10:00','2021-04-21 00:39:00','2021-04-21 00:34:00',4.16,44.497982,-92.136604,47.823033,-89.475021,1,5,6,7),(1268,'2021-04-20 22:23:00','2021-04-21 00:33:00','2021-04-21 00:39:00',3.84,48.444381,-91.502584,47.153937,-86.722564,1,5,6,12),(1269,'2021-04-21 09:50:00','2021-04-21 10:04:00','2021-04-21 10:06:00',2.73,46.563976,-92.662819,46.993979,-92.041648,1,5,15,4),(1270,'2021-04-21 18:33:00','2021-04-21 20:56:00','2021-04-21 20:50:00',5.69,42.362080,-88.711555,47.355988,-86.085396,1,5,15,6),(1271,'2021-04-22 17:07:00','2021-04-22 18:22:00','2021-04-22 18:27:00',1.59,46.444577,-93.074428,45.294127,-91.306079,2,5,4,8),(1272,'2021-04-22 17:59:00','2021-04-22 20:03:00','2021-04-22 20:19:00',7.99,48.497447,-93.359732,45.708999,-88.375808,3,5,12,4),(1273,'2021-04-22 19:21:00','2021-04-23 00:01:00','2021-04-22 23:52:00',8.18,41.264930,-92.898286,45.713779,-89.736247,2,5,7,11),(1274,'2021-04-22 20:12:00','2021-04-22 23:34:00','2021-04-22 23:40:00',1.28,45.550357,-92.519988,42.748989,-89.695092,2,5,2,11),(1275,'2021-04-23 10:21:00','2021-04-23 11:08:00','2021-04-23 11:01:00',4.07,42.847502,-87.367509,44.619952,-87.797714,1,5,10,4),(1276,'2021-04-23 15:21:00','2021-04-23 20:03:00','2021-04-23 20:11:00',4.23,41.660689,-93.591203,41.061920,-86.916792,2,5,2,8),(1277,'2021-04-24 21:18:00','2021-04-24 23:50:00',NULL,4.73,43.701035,-91.000000,47.896898,-92.515513,1,3,6,9),(1278,'2021-04-25 09:44:00','2021-04-25 14:20:00','2021-04-25 14:25:00',2.30,43.706148,-93.622003,42.771543,-86.276277,2,5,3,11),(1279,'2021-04-25 18:25:00','2021-04-25 19:39:00','2021-04-25 19:33:00',5.06,47.628377,-93.276467,48.732536,-89.507921,1,5,15,13),(1280,'2021-04-26 12:36:00','2021-04-26 18:03:00','2021-04-26 18:11:00',1.30,41.684294,-90.405607,48.919085,-89.187753,2,5,4,7),(1281,'2021-04-26 14:23:00','2021-04-26 14:51:00','2021-04-26 14:41:00',2.81,47.001107,-89.286672,46.563317,-88.323397,1,5,6,13),(1282,'2021-04-27 09:57:00','2021-04-27 11:58:00','2021-04-27 12:08:00',2.03,47.029464,-90.063452,42.594346,-89.837913,1,5,10,13),(1283,'2021-04-27 12:06:00','2021-04-27 13:30:00','2021-04-27 13:37:00',3.94,41.187066,-88.440986,44.233873,-86.507677,1,5,15,6),(1284,'2021-04-27 17:29:00','2021-04-27 20:08:00',NULL,2.94,41.236743,-90.278215,42.898698,-87.671868,2,3,9,8),(1285,'2021-04-28 01:43:00','2021-04-28 04:14:00','2021-04-28 04:14:00',8.33,48.739912,-88.724565,44.157440,-86.039105,1,5,10,6),(1286,'2021-04-28 20:41:00','2021-04-28 22:28:00','2021-04-28 22:21:00',6.81,48.030060,-92.077382,45.522913,-93.153291,1,5,6,6),(1287,'2021-04-29 10:41:00','2021-04-29 14:31:00',NULL,7.71,43.995673,-87.806109,46.982440,-90.669476,2,3,9,13),(1288,'2021-04-29 14:01:00','2021-04-29 15:55:00','2021-04-29 15:59:00',6.99,43.946614,-89.195080,48.184756,-88.490979,2,5,8,11),(1289,'2021-04-29 14:24:00','2021-04-29 16:19:00','2021-04-29 16:23:00',2.73,44.554433,-88.574786,41.462769,-91.961795,3,5,11,4),(1290,'2021-04-29 21:42:00','2021-04-29 23:24:00','2021-04-29 23:18:00',5.75,43.862525,-91.718790,43.818476,-86.751251,1,5,10,2),(1291,'2021-04-30 21:20:00','2021-04-30 21:58:00','2021-04-30 21:57:00',2.22,44.043547,-86.489975,45.419484,-86.432653,1,5,10,6),(1292,'2021-05-01 14:01:00','2021-05-01 14:47:00','2021-05-01 14:37:00',4.44,46.533504,-89.764829,45.575342,-91.828801,1,5,10,4),(1293,'2021-05-02 08:33:00','2021-05-02 12:57:00','2021-05-02 13:07:00',8.96,44.735906,-92.920703,43.188769,-86.294047,2,5,2,11),(1294,'2021-05-02 18:55:00','2021-05-02 22:19:00','2021-05-02 22:14:00',8.02,46.075372,-88.968463,42.931565,-91.436782,2,5,2,5),(1295,'2021-05-03 21:28:00','2021-05-03 23:03:00','2021-05-03 23:00:00',7.51,46.553354,-88.461839,44.030746,-87.460754,1,5,6,7),(1296,'2021-05-04 11:00:00','2021-05-04 12:48:00','2021-05-04 12:47:00',7.22,42.735181,-93.982408,43.882417,-87.640690,1,5,15,13),(1297,'2021-05-05 12:52:00','2021-05-05 13:46:00','2021-05-05 13:40:00',4.02,44.305507,-90.971541,46.225775,-92.956501,1,5,15,9),(1298,'2021-05-05 14:00:00','2021-05-05 15:15:00','2021-05-05 15:11:00',7.12,43.858037,-88.323386,44.808959,-91.985049,1,5,10,13),(1299,'2021-05-05 15:32:00','2021-05-05 17:25:00',NULL,6.14,42.794996,-91.012613,42.551949,-87.202415,1,3,6,13),(1300,'2021-05-06 07:12:00','2021-05-06 08:46:00','2021-05-06 08:55:00',8.52,47.442414,-92.729241,44.026556,-90.679499,2,5,8,4),(1301,'2021-05-06 12:32:00','2021-05-06 14:20:00','2021-05-06 14:11:00',7.91,45.170128,-91.630153,48.338851,-88.415284,1,5,10,7),(1302,'2021-05-06 13:14:00','2021-05-06 14:52:00','2021-05-06 14:48:00',2.52,48.349098,-88.214472,47.880346,-92.954855,1,5,10,5),(1303,'2021-05-07 12:12:00','2021-05-07 16:16:00','2021-05-07 16:19:00',7.54,41.611117,-93.769744,48.317931,-90.101114,1,5,6,12),(1304,'2021-05-07 18:28:00','2021-05-07 20:29:00','2021-05-07 20:32:00',7.81,48.749735,-86.449524,47.503172,-92.135567,1,5,10,4),(1305,'2021-05-08 07:17:00','2021-05-08 09:14:00','2021-05-08 09:04:00',7.19,43.586526,-92.720583,47.637508,-88.650713,1,5,15,6),(1306,'2021-05-08 21:12:00','2021-05-08 21:37:00','2021-05-08 21:29:00',2.79,43.238350,-90.551551,43.527192,-91.709387,3,5,12,4),(1307,'2021-05-09 18:34:00','2021-05-09 20:02:00','2021-05-09 20:11:00',4.43,41.526301,-91.561533,43.613433,-88.248236,1,5,15,2),(1308,'2021-05-10 04:00:00','2021-05-10 06:32:00','2021-05-10 06:24:00',2.58,45.044065,-92.026479,46.735411,-87.243510,1,5,6,7),(1309,'2021-05-10 16:57:00','2021-05-10 17:40:00','2021-05-10 17:48:00',4.11,48.489014,-87.964167,48.712124,-89.546881,1,5,6,7),(1310,'2021-05-11 07:16:00','2021-05-11 08:29:00','2021-05-11 08:36:00',3.80,43.672522,-91.604422,44.960325,-89.385111,1,5,6,7),(1311,'2021-05-11 21:57:00','2021-05-12 01:13:00','2021-05-12 01:20:00',8.14,43.328732,-86.422769,47.899960,-90.231893,1,5,6,12),(1312,'2021-05-12 09:56:00','2021-05-12 12:32:00','2021-05-12 12:30:00',4.25,48.169620,-91.016400,42.409141,-87.905095,3,5,12,7),(1313,'2021-05-12 22:46:00','2021-05-13 00:20:00','2021-05-13 00:21:00',5.37,42.328575,-86.032300,44.852776,-90.639219,1,5,15,12),(1314,'2021-05-13 14:38:00','2021-05-13 16:55:00',NULL,7.10,48.992702,-86.537638,46.333703,-89.718571,1,3,6,13),(1315,'2021-05-14 19:35:00','2021-05-14 20:43:00','2021-05-14 20:35:00',3.60,41.618450,-91.511947,43.584915,-88.539582,1,5,15,2),(1316,'2021-05-15 09:46:00','2021-05-15 10:49:00','2021-05-15 10:51:00',2.47,45.835249,-88.774233,44.623091,-91.561847,1,5,15,9),(1317,'2021-05-15 21:45:00','2021-05-16 00:34:00','2021-05-16 00:39:00',7.14,48.966599,-92.029088,42.954765,-90.138910,1,5,15,12),(1318,'2021-05-16 08:28:00','2021-05-16 09:03:00','2021-05-16 09:02:00',3.26,46.000590,-89.713366,47.431399,-90.702907,1,5,15,12),(1319,'2021-05-17 10:34:00','2021-05-17 11:47:00','2021-05-17 11:48:00',3.81,44.890036,-86.712030,41.769740,-88.015209,1,5,15,7),(1320,'2021-05-17 20:43:00','2021-05-17 21:44:00','2021-05-17 21:51:00',4.94,45.729457,-89.989643,46.863415,-92.713995,1,5,10,4),(1321,'2021-05-18 07:18:00','2021-05-18 08:28:00','2021-05-18 08:23:00',4.82,48.332239,-86.987148,46.067542,-89.700843,1,5,15,11),(1322,'2021-05-18 17:12:00','2021-05-18 19:29:00','2021-05-18 19:23:00',2.79,45.475114,-89.945807,47.845622,-87.934469,2,5,4,7),(1323,'2021-05-19 17:31:00','2021-05-19 18:43:00','2021-05-19 18:33:00',4.17,46.492331,-87.522302,48.911495,-89.875620,1,5,15,7),(1324,'2021-05-20 09:32:00','2021-05-20 11:57:00','2021-05-20 11:48:00',7.59,48.295145,-87.521356,43.507785,-92.897008,1,5,15,5),(1325,'2021-05-20 10:00:00','2021-05-20 12:56:00','2021-05-20 12:48:00',7.64,46.657221,-87.399871,41.028981,-89.655479,1,5,10,12),(1326,'2021-05-20 15:58:00','2021-05-20 17:20:00','2021-05-20 17:20:00',4.21,41.093949,-87.160445,42.915926,-88.939032,1,5,6,6),(1327,'2021-05-21 17:55:00','2021-05-21 18:39:00','2021-05-21 18:33:00',2.14,41.243865,-90.457766,41.979576,-91.728822,1,5,6,11),(1328,'2021-05-22 16:41:00','2021-05-22 17:29:00','2021-05-22 17:19:00',2.41,46.908704,-92.749494,45.526415,-91.119440,1,5,10,4),(1329,'2021-05-23 08:15:00','2021-05-23 10:23:00',NULL,3.34,48.019478,-90.793258,43.975273,-88.743858,3,3,11,7),(1330,'2021-05-23 23:26:00','2021-05-24 00:11:00',NULL,2.89,46.319965,-89.683789,46.621163,-86.842818,1,3,15,11),(1331,'2021-05-24 09:58:00','2021-05-24 12:02:00',NULL,6.42,48.631434,-92.020060,44.005400,-92.912823,1,3,10,12),(1332,'2021-05-24 11:56:00','2021-05-24 14:43:00','2021-05-24 14:42:00',7.17,46.754095,-91.547991,43.997756,-86.367243,1,5,6,6),(1333,'2021-05-24 19:12:00','2021-05-24 21:23:00','2021-05-24 21:16:00',3.89,43.685082,-91.104152,47.423994,-86.567573,1,5,10,12),(1334,'2021-05-25 09:46:00','2021-05-25 10:32:00','2021-05-25 10:33:00',5.41,46.408600,-89.329632,48.126038,-88.380913,1,5,10,6),(1335,'2021-05-25 13:55:00','2021-05-25 17:43:00','2021-05-25 17:36:00',6.49,41.668890,-92.309119,47.447734,-90.833972,1,5,6,6),(1336,'2021-05-26 15:03:00','2021-05-26 17:25:00','2021-05-26 17:26:00',8.55,45.930962,-89.494554,48.734343,-92.844624,1,5,6,13),(1337,'2021-05-27 14:08:00','2021-05-27 14:45:00','2021-05-27 14:41:00',3.93,43.615676,-93.563048,43.337730,-91.622203,1,5,10,2),(1338,'2021-05-27 23:47:00','2021-05-28 04:13:00','2021-05-28 04:16:00',5.02,47.007866,-87.004815,41.952329,-86.223910,2,5,1,7),(1339,'2021-05-28 11:20:00','2021-05-28 11:57:00','2021-05-28 12:01:00',3.12,47.459170,-90.134951,48.947733,-89.856479,1,5,15,9),(1340,'2021-05-28 21:25:00','2021-05-28 23:27:00',NULL,5.51,43.182240,-89.659184,48.157363,-87.235635,1,3,15,9),(1341,'2021-05-29 08:59:00','2021-05-29 12:04:00','2021-05-29 12:09:00',6.52,41.806903,-86.149691,45.830834,-93.396753,1,5,10,4),(1342,'2021-05-29 22:23:00','2021-05-30 00:21:00','2021-05-30 00:13:00',5.20,45.437513,-87.846719,42.453867,-89.190509,1,5,6,13),(1343,'2021-05-30 14:46:00','2021-05-30 16:14:00',NULL,3.30,41.011953,-92.290083,41.513729,-88.561107,1,3,10,7),(1344,'2021-05-30 20:43:00','2021-05-30 22:18:00','2021-05-30 22:13:00',4.37,47.837189,-92.580416,43.586351,-93.326994,1,5,15,2),(1345,'2021-05-31 08:42:00','2021-05-31 10:31:00','2021-05-31 10:35:00',6.90,41.024736,-87.429282,41.779380,-93.815250,1,5,15,2),(1346,'2021-05-31 10:32:00','2021-05-31 13:54:00',NULL,3.87,48.786530,-90.423336,43.523733,-92.111329,1,3,6,4),(1347,'2021-05-31 20:54:00','2021-05-31 23:30:00',NULL,4.08,42.564532,-93.143776,48.587528,-90.631034,1,3,10,9),(1348,'2021-06-01 03:53:00','2021-06-01 05:39:00','2021-06-01 05:29:00',5.80,45.073763,-89.345891,44.049259,-92.716032,1,5,6,6),(1349,'2021-06-01 17:25:00','2021-06-01 19:58:00','2021-06-01 19:53:00',7.70,47.654984,-87.548098,45.294560,-91.882904,1,5,6,9),(1350,'2021-06-01 18:50:00','2021-06-01 21:48:00',NULL,3.17,48.957247,-86.354207,47.357224,-93.151258,1,3,6,13),(1351,'2021-06-02 05:37:00','2021-06-02 06:26:00','2021-06-02 06:32:00',3.53,47.599785,-90.307240,47.664448,-87.756040,1,5,10,11),(1352,'2021-06-02 14:21:00','2021-06-02 15:04:00','2021-06-02 15:01:00',2.59,43.876191,-91.545352,44.644668,-91.140605,2,5,9,11),(1353,'2021-06-02 15:29:00','2021-06-02 17:12:00','2021-06-02 17:15:00',6.06,45.430979,-86.742535,47.994390,-88.800444,1,5,6,11),(1354,'2021-06-02 17:50:00','2021-06-02 17:56:00','2021-06-02 17:57:00',2.02,47.520813,-91.992554,47.474791,-91.648382,1,5,10,9),(1355,'2021-06-02 22:42:00','2021-06-03 00:32:00','2021-06-03 00:27:00',3.91,41.418104,-92.837778,45.556796,-90.702684,1,5,15,4),(1356,'2021-06-03 07:25:00','2021-06-03 08:58:00','2021-06-03 08:50:00',4.02,47.858206,-93.500764,46.921564,-89.889890,1,5,6,11),(1357,'2021-06-03 07:29:00','2021-06-03 08:23:00','2021-06-03 08:15:00',3.80,44.709081,-93.898492,46.380297,-91.403041,1,5,15,5),(1358,'2021-06-03 09:40:00','2021-06-03 13:35:00',NULL,8.28,41.745330,-93.837087,47.578578,-93.595850,1,3,6,5),(1359,'2021-06-03 18:39:00','2021-06-03 20:18:00',NULL,6.83,42.943299,-86.872795,46.806131,-86.350960,1,3,10,6),(1360,'2021-06-04 10:33:00','2021-06-04 12:28:00','2021-06-04 12:35:00',5.64,46.597335,-88.209843,45.158783,-90.576559,2,5,7,8),(1361,'2021-06-04 15:44:00','2021-06-04 16:57:00','2021-06-04 17:06:00',4.97,48.531249,-90.125652,45.777994,-89.733074,1,5,15,4),(1362,'2021-06-05 07:05:00','2021-06-05 07:24:00','2021-06-05 07:32:00',2.77,43.827331,-88.597704,43.529487,-89.559452,1,5,15,11),(1363,'2021-06-06 07:41:00','2021-06-06 09:36:00','2021-06-06 09:34:00',7.63,45.237639,-89.301989,43.777137,-86.208345,2,5,3,4),(1364,'2021-06-06 11:27:00','2021-06-06 13:01:00',NULL,2.39,45.939965,-92.244840,42.955904,-89.485960,1,3,15,4),(1365,'2021-06-06 19:26:00','2021-06-06 22:45:00',NULL,8.74,43.838415,-93.630772,42.330896,-88.453203,2,3,4,1),(1366,'2021-06-07 10:36:00','2021-06-07 13:32:00','2021-06-07 13:30:00',5.24,43.597993,-93.413603,44.138004,-88.069169,2,5,4,13),(1367,'2021-06-07 18:59:00','2021-06-07 20:26:00','2021-06-07 20:17:00',6.12,44.036653,-92.762719,46.076446,-88.329612,2,5,5,8),(1368,'2021-06-08 10:06:00','2021-06-08 13:02:00','2021-06-08 12:55:00',5.16,45.817837,-86.156401,41.764482,-89.708384,1,5,6,4),(1369,'2021-06-09 01:31:00','2021-06-09 05:01:00',NULL,5.70,48.109476,-86.327111,42.036019,-87.838571,1,3,6,6),(1370,'2021-06-09 12:06:00','2021-06-09 13:23:00','2021-06-09 13:28:00',3.51,47.522924,-88.852339,47.169534,-86.595315,2,5,3,7),(1371,'2021-06-10 09:59:00','2021-06-10 10:44:00','2021-06-10 10:36:00',3.70,42.713135,-86.005508,43.833056,-87.818196,1,5,15,5),(1372,'2021-06-10 18:07:00','2021-06-10 19:48:00','2021-06-10 19:55:00',6.31,46.213652,-92.177886,42.469612,-92.118282,3,5,12,7),(1373,'2021-06-11 20:19:00','2021-06-11 23:07:00','2021-06-11 22:58:00',2.95,48.389379,-87.340509,44.129320,-90.331874,1,5,6,12),(1374,'2021-06-11 20:48:00','2021-06-11 22:09:00','2021-06-11 22:09:00',2.86,42.969951,-87.477166,43.704314,-92.046931,1,5,15,6),(1375,'2021-06-12 12:11:00','2021-06-12 13:12:00','2021-06-12 13:03:00',4.25,46.647740,-86.565639,45.228587,-87.160147,1,5,6,2),(1376,'2021-06-12 15:44:00','2021-06-12 18:02:00','2021-06-12 18:04:00',7.20,41.103497,-86.371965,46.829683,-87.735688,1,5,15,2),(1377,'2021-06-12 16:05:00','2021-06-12 17:38:00','2021-06-12 17:36:00',6.13,42.041858,-92.441893,45.664962,-91.349510,1,5,15,11),(1378,'2021-06-13 17:27:00','2021-06-13 18:40:00','2021-06-13 18:48:00',4.30,44.062498,-90.978560,46.919708,-89.465781,1,5,15,2),(1379,'2021-06-14 07:08:00','2021-06-14 09:46:00','2021-06-14 09:35:00',3.82,48.907207,-93.537445,43.591157,-90.431881,1,5,15,2),(1380,'2021-06-14 16:49:00','2021-06-14 17:43:00','2021-06-14 17:50:00',2.17,45.264979,-88.759565,46.407237,-90.685118,1,5,10,13),(1381,'2021-06-15 08:51:00','2021-06-15 10:41:00','2021-06-15 10:44:00',6.11,43.410526,-87.050449,44.516178,-89.267764,2,5,14,11),(1382,'2021-06-15 22:28:00','2021-06-16 00:50:00','2021-06-16 00:44:00',8.10,46.588820,-87.020635,43.130365,-88.286271,1,5,6,5),(1383,'2021-06-16 16:11:00','2021-06-16 18:30:00','2021-06-16 18:25:00',9.02,43.972501,-86.295687,46.604062,-89.092630,1,5,6,12),(1384,'2021-06-16 17:52:00','2021-06-16 19:18:00','2021-06-16 19:18:00',5.03,45.170858,-93.254970,48.212575,-92.172215,1,5,10,12),(1385,'2021-06-17 08:57:00','2021-06-17 11:47:00','2021-06-17 11:56:00',3.70,43.001809,-93.096645,47.511346,-88.153334,1,5,10,11),(1386,'2021-06-17 19:00:00','2021-06-17 22:49:00',NULL,1.08,47.356279,-87.477951,46.541411,-93.859093,2,3,4,8),(1387,'2021-06-18 11:20:00','2021-06-18 13:49:00',NULL,3.87,48.047940,-87.902546,42.343450,-89.575114,1,3,15,12),(1388,'2021-06-18 19:13:00','2021-06-18 22:08:00','2021-06-18 22:06:00',3.73,46.837576,-91.947242,41.751060,-88.402972,1,5,10,2),(1389,'2021-06-18 21:49:00','2021-06-18 23:24:00','2021-06-18 23:16:00',3.05,43.421262,-91.544819,46.012119,-92.304945,1,5,6,11),(1390,'2021-06-19 07:18:00','2021-06-19 10:10:00','2021-06-19 10:08:00',5.84,47.418186,-92.184793,46.821475,-86.338243,2,5,3,5),(1391,'2021-06-19 19:33:00','2021-06-19 21:37:00',NULL,3.52,43.359792,-87.207081,43.885218,-91.952666,1,3,6,12),(1392,'2021-06-20 04:14:00','2021-06-20 05:08:00','2021-06-20 05:08:00',2.82,45.856624,-90.273348,45.063387,-92.863019,1,5,10,6),(1393,'2021-06-20 19:50:00','2021-06-20 21:24:00','2021-06-20 21:27:00',5.10,44.545843,-92.074321,47.990869,-88.822692,1,5,15,11),(1394,'2021-06-21 09:12:00','2021-06-21 11:40:00',NULL,9.10,46.587178,-90.633158,41.072678,-87.737136,1,3,10,13),(1395,'2021-06-21 22:22:00','2021-06-21 22:35:00','2021-06-21 22:37:00',2.59,45.078632,-89.148574,45.021233,-88.448110,1,5,15,6),(1396,'2021-06-22 09:37:00','2021-06-22 11:06:00','2021-06-22 10:59:00',3.71,41.041559,-93.781759,41.966527,-89.822086,1,5,10,7),(1397,'2021-06-23 16:34:00','2021-06-23 18:23:00','2021-06-23 18:23:00',3.08,44.271815,-92.047926,48.944924,-92.131603,1,5,15,12),(1398,'2021-06-24 11:40:00','2021-06-24 13:24:00','2021-06-24 13:24:00',3.31,43.862586,-88.197471,45.424887,-89.283149,2,5,9,1),(1399,'2021-06-24 12:21:00','2021-06-24 15:36:00',NULL,7.77,41.934809,-87.900337,44.693886,-93.829558,1,3,6,7),(1400,'2021-06-24 21:44:00','2021-06-25 02:34:00','2021-06-25 02:40:00',4.27,47.641149,-91.372807,42.212519,-87.818983,2,5,3,11),(1401,'2021-06-25 12:18:00','2021-06-25 12:23:00','2021-06-25 12:21:00',2.07,41.976608,-86.817686,41.981748,-86.638205,1,5,6,6),(1402,'2021-06-25 12:38:00','2021-06-25 15:01:00','2021-06-25 14:54:00',8.51,41.004745,-92.243976,41.765882,-87.438660,1,5,6,2),(1403,'2021-06-25 13:06:00','2021-06-25 13:43:00','2021-06-25 13:46:00',2.76,46.881462,-92.408865,47.311288,-91.216964,1,5,6,2),(1404,'2021-06-25 17:47:00','2021-06-25 20:23:00','2021-06-25 20:29:00',8.46,42.192970,-88.724227,47.799957,-91.827534,3,5,11,13),(1405,'2021-06-26 10:50:00','2021-06-26 11:57:00','2021-06-26 11:47:00',3.23,46.789262,-88.091723,45.173599,-90.856835,1,5,15,2),(1406,'2021-06-26 17:10:00','2021-06-26 19:16:00','2021-06-26 19:09:00',2.57,45.918050,-89.566305,48.414328,-86.229447,1,5,6,13),(1407,'2021-06-27 10:34:00','2021-06-27 12:23:00','2021-06-27 12:15:00',4.26,48.064769,-86.948812,47.061631,-92.845407,1,5,15,11),(1408,'2021-06-27 15:49:00','2021-06-27 16:28:00',NULL,2.67,46.959633,-89.071563,47.763285,-90.968886,1,3,15,12),(1409,'2021-06-27 19:11:00','2021-06-27 21:38:00','2021-06-27 21:39:00',2.99,41.313162,-92.677304,46.673994,-93.598118,3,5,11,7),(1410,'2021-06-27 22:00:00','2021-06-28 00:09:00','2021-06-28 00:16:00',8.55,47.748434,-90.842658,44.541406,-93.764997,1,5,6,9),(1411,'2021-06-28 07:11:00','2021-06-28 10:24:00','2021-06-28 10:27:00',8.08,44.786754,-86.831493,41.482274,-89.094149,2,5,1,7),(1412,'2021-06-28 12:37:00','2021-06-28 14:56:00','2021-06-28 14:51:00',5.49,46.430051,-89.088756,41.266065,-91.403407,1,5,15,2),(1413,'2021-06-28 20:10:00','2021-06-28 20:43:00','2021-06-28 20:36:00',4.34,46.120282,-88.093204,47.173134,-88.854717,1,5,10,6),(1414,'2021-06-28 22:52:00','2021-06-28 23:57:00','2021-06-29 00:00:00',4.73,41.493631,-88.309842,43.969898,-88.220984,1,5,10,5),(1415,'2021-06-29 13:48:00','2021-06-29 14:46:00','2021-06-29 14:38:00',2.92,42.602200,-89.671428,41.836258,-86.804424,1,5,10,5),(1416,'2021-06-30 13:20:00','2021-06-30 14:30:00','2021-06-30 14:24:00',2.06,46.090258,-87.767548,48.891486,-89.239923,1,5,15,5),(1417,'2021-07-01 13:28:00','2021-07-01 14:02:00','2021-07-01 14:08:00',3.43,44.525780,-89.652127,44.162023,-91.233503,1,5,10,5),(1418,'2021-07-02 00:38:00','2021-07-02 02:29:00','2021-07-02 02:29:00',8.54,47.381325,-89.582020,43.945925,-92.524317,1,5,10,9),(1419,'2021-07-02 14:37:00','2021-07-02 16:22:00','2021-07-02 16:31:00',2.41,43.049688,-86.845379,46.624040,-87.343664,1,5,10,2),(1420,'2021-07-03 13:16:00','2021-07-03 14:53:00','2021-07-03 14:45:00',4.96,45.074635,-88.187400,41.839096,-91.242321,3,5,12,11),(1421,'2021-07-04 13:49:00','2021-07-04 14:47:00','2021-07-04 14:54:00',2.16,48.417141,-91.697971,46.258723,-90.612472,2,5,5,8),(1422,'2021-07-05 01:45:00','2021-07-05 02:47:00',NULL,4.78,43.954700,-90.132838,43.471708,-93.242945,1,3,10,2),(1423,'2021-07-05 11:58:00','2021-07-05 12:54:00','2021-07-05 12:46:00',2.46,46.317283,-90.208125,44.007526,-90.337995,1,5,15,11),(1424,'2021-07-05 18:09:00','2021-07-05 19:59:00','2021-07-05 19:57:00',4.20,44.171256,-87.047490,42.248782,-92.613619,1,5,15,9),(1425,'2021-07-06 11:01:00','2021-07-06 12:03:00','2021-07-06 11:54:00',5.11,44.068120,-91.882985,42.380716,-93.447466,3,5,11,4),(1426,'2021-07-07 08:43:00','2021-07-07 09:42:00','2021-07-07 09:50:00',2.96,45.608831,-87.320756,44.569726,-88.189103,2,5,1,11),(1427,'2021-07-08 15:53:00','2021-07-08 18:16:00',NULL,7.07,43.183324,-92.766678,48.616635,-91.616791,1,3,10,12),(1428,'2021-07-09 15:30:00','2021-07-09 16:55:00','2021-07-09 16:50:00',3.22,45.051793,-87.041143,47.638905,-89.682044,3,5,11,7),(1429,'2021-07-10 19:10:00','2021-07-10 20:09:00','2021-07-10 20:12:00',2.00,45.267589,-87.656151,43.916478,-90.449154,2,5,5,1),(1430,'2021-07-11 10:02:00','2021-07-11 13:39:00','2021-07-11 13:46:00',5.62,43.976706,-92.399081,48.074477,-87.430370,1,5,6,4),(1431,'2021-07-11 14:39:00','2021-07-11 15:28:00','2021-07-11 15:35:00',2.04,42.248704,-86.310564,43.701066,-87.562976,1,5,10,9),(1432,'2021-07-12 07:24:00','2021-07-12 09:49:00','2021-07-12 09:55:00',5.68,46.898648,-90.449604,41.056039,-88.370993,1,5,15,13),(1433,'2021-07-12 20:49:00','2021-07-12 21:28:00','2021-07-12 21:34:00',3.69,41.058421,-90.532587,42.161800,-90.593236,1,5,6,11),(1434,'2021-07-13 15:41:00','2021-07-13 17:01:00',NULL,3.42,41.093042,-88.693484,43.253455,-90.652275,1,3,10,9),(1435,'2021-07-13 18:28:00','2021-07-13 19:32:00','2021-07-13 19:34:00',3.05,43.409774,-87.749294,41.024208,-88.631079,1,5,15,4),(1436,'2021-07-14 11:22:00','2021-07-14 13:17:00','2021-07-14 13:11:00',6.58,46.201407,-87.117515,43.808203,-92.606441,1,5,15,4),(1437,'2021-07-15 20:01:00','2021-07-16 01:36:00','2021-07-16 01:33:00',1.67,48.988582,-90.632450,41.872003,-91.742633,2,5,4,7),(1438,'2021-07-16 10:59:00','2021-07-16 11:49:00','2021-07-16 11:47:00',2.22,47.301698,-87.339982,47.394997,-90.005070,1,5,15,2),(1439,'2021-07-16 11:52:00','2021-07-16 13:33:00','2021-07-16 13:38:00',8.60,45.594536,-91.064177,41.895510,-90.329921,3,5,12,4),(1440,'2021-07-16 13:02:00','2021-07-16 14:56:00','2021-07-16 14:48:00',2.83,47.668238,-87.411178,45.939397,-89.069479,2,5,2,7),(1441,'2021-07-16 15:20:00','2021-07-16 17:25:00','2021-07-16 17:22:00',2.24,44.779472,-90.697965,46.171759,-86.047311,1,5,6,2),(1442,'2021-07-16 21:42:00','2021-07-17 00:02:00','2021-07-17 00:23:00',5.33,43.940250,-86.363966,46.359424,-90.110985,1,5,6,12),(1443,'2021-07-17 07:38:00','2021-07-17 09:05:00','2021-07-17 09:09:00',4.53,42.795887,-89.094163,44.141526,-93.009883,2,5,8,3),(1444,'2021-07-18 11:10:00','2021-07-18 13:04:00','2021-07-18 13:02:00',3.96,44.337785,-92.071739,48.627952,-93.645024,1,5,15,2),(1445,'2021-07-18 13:51:00','2021-07-18 16:28:00','2021-07-18 16:30:00',6.53,42.692345,-86.966015,47.092888,-92.637511,1,5,10,13),(1446,'2021-07-18 18:08:00','2021-07-18 19:24:00','2021-07-18 19:20:00',3.98,41.006743,-90.332516,43.317191,-93.416498,1,5,15,7),(1447,'2021-07-19 10:43:00','2021-07-19 12:15:00',NULL,3.18,42.570012,-87.252614,46.026892,-89.107697,3,3,11,13),(1448,'2021-07-19 21:22:00','2021-07-19 22:06:00','2021-07-19 22:00:00',2.88,48.834458,-87.941719,47.788030,-86.234692,3,5,11,7),(1449,'2021-07-20 17:17:00','2021-07-20 19:26:00','2021-07-20 19:29:00',5.12,43.384564,-91.465245,46.520083,-90.003852,1,5,6,9),(1450,'2021-07-21 09:58:00','2021-07-21 13:39:00','2021-07-21 13:33:00',4.46,46.643530,-93.590196,42.118428,-89.637272,1,5,6,5),(1451,'2021-07-21 14:26:00','2021-07-21 15:57:00',NULL,7.78,46.026884,-90.523354,43.302580,-92.917039,1,3,10,11),(1452,'2021-07-23 09:31:00','2021-07-23 11:26:00','2021-07-23 11:31:00',7.91,44.653963,-90.051885,41.778684,-93.950924,1,5,10,4),(1453,'2021-07-23 15:46:00','2021-07-23 16:21:00','2021-07-23 16:27:00',2.02,48.514252,-88.189655,47.508970,-86.886185,1,5,10,5),(1454,'2021-07-24 17:44:00','2021-07-24 20:05:00','2021-07-24 20:11:00',3.04,41.073791,-89.724300,46.157129,-89.041456,1,5,15,12),(1455,'2021-07-25 09:11:00','2021-07-25 11:06:00','2021-07-25 11:12:00',6.72,47.194735,-93.593989,48.445852,-89.988775,2,5,3,7),(1456,'2021-07-25 17:04:00','2021-07-25 18:11:00','2021-07-25 18:16:00',4.87,43.889766,-92.026653,42.197438,-93.932852,1,5,10,9),(1457,'2021-07-25 19:02:00','2021-07-25 20:00:00','2021-07-25 20:00:00',2.07,45.750906,-88.844739,44.523585,-91.847856,1,5,15,11),(1458,'2021-07-25 19:45:00','2021-07-26 00:13:00','2021-07-26 00:17:00',7.25,42.412397,-93.468777,47.418924,-87.499047,1,5,6,9),(1459,'2021-07-26 07:49:00','2021-07-26 10:42:00','2021-07-26 10:52:00',6.97,44.817720,-92.895358,43.070049,-86.963679,1,5,6,13),(1460,'2021-07-26 16:18:00','2021-07-26 19:01:00','2021-07-26 19:08:00',2.52,41.912178,-88.813283,48.197050,-89.574899,1,5,15,11),(1461,'2021-07-27 08:24:00','2021-07-27 09:43:00','2021-07-27 09:46:00',3.11,43.101249,-89.486638,41.263063,-90.224771,1,5,6,9),(1462,'2021-07-27 11:52:00','2021-07-27 13:16:00','2021-07-27 13:25:00',4.27,44.843910,-92.305629,45.940129,-90.382470,2,5,4,7),(1463,'2021-07-27 14:40:00','2021-07-27 16:44:00','2021-07-27 16:42:00',6.31,48.719012,-90.431611,43.684911,-91.280611,1,5,15,2),(1464,'2021-07-27 22:38:00','2021-07-27 23:38:00','2021-07-27 23:36:00',5.01,46.108916,-91.418943,46.578537,-89.850485,2,5,3,5),(1465,'2021-07-28 09:20:00','2021-07-28 10:36:00','2021-07-28 10:32:00',2.21,47.099658,-89.672964,44.336204,-90.300086,1,5,15,5),(1466,'2021-07-28 14:18:00','2021-07-28 17:11:00','2021-07-28 17:03:00',3.00,42.085114,-93.740892,47.040197,-88.576337,1,5,10,11),(1467,'2021-07-29 18:18:00','2021-07-29 20:47:00','2021-07-29 20:51:00',9.86,46.621829,-90.180021,43.234410,-86.287890,1,5,6,4),(1468,'2021-07-30 10:43:00','2021-07-30 11:25:00','2021-07-30 11:31:00',2.44,47.159733,-87.767085,45.685379,-89.271853,1,5,15,13),(1469,'2021-07-30 20:29:00','2021-07-30 23:10:00','2021-07-30 23:06:00',5.11,42.744164,-91.408190,48.726558,-87.142641,1,5,15,9),(1470,'2021-07-31 13:14:00','2021-07-31 16:49:00','2021-07-31 16:50:00',8.02,43.437688,-89.379969,48.787092,-92.924635,1,5,6,6),(1471,'2021-07-31 17:15:00','2021-07-31 18:07:00','2021-07-31 18:05:00',3.87,42.881963,-89.117920,43.764513,-86.823676,1,5,10,13),(1472,'2021-08-01 09:56:00','2021-08-01 11:10:00',NULL,3.16,48.031990,-91.456129,48.623387,-87.514680,1,3,10,4),(1473,'2021-08-01 11:59:00','2021-08-01 12:52:00','2021-08-01 12:42:00',2.81,44.353704,-90.128914,42.294318,-91.141668,1,5,15,11),(1474,'2021-08-01 17:24:00','2021-08-01 18:27:00','2021-08-01 18:30:00',4.46,43.623770,-87.555721,41.350086,-87.582409,1,5,15,7),(1475,'2021-08-01 20:24:00','2021-08-01 23:08:00','2021-08-01 23:17:00',2.79,48.947742,-93.438564,43.963953,-88.864544,1,5,10,4),(1476,'2021-08-02 16:14:00','2021-08-02 21:27:00','2021-08-02 21:16:00',6.34,47.966075,-86.493628,41.633635,-89.350939,2,5,4,5),(1477,'2021-08-03 15:37:00','2021-08-03 15:41:00','2021-08-03 15:37:00',2.01,42.668321,-87.868310,42.653489,-88.127624,1,5,15,4),(1478,'2021-08-03 21:03:00','2021-08-03 21:17:00','2021-08-03 21:23:00',2.24,46.132230,-91.511067,46.047978,-92.226911,1,5,10,11),(1479,'2021-08-04 11:29:00','2021-08-04 13:28:00','2021-08-04 13:23:00',8.04,45.484143,-86.599190,48.551623,-86.444314,1,5,6,5),(1480,'2021-08-04 11:50:00','2021-08-04 13:48:00','2021-08-04 13:57:00',2.03,44.427758,-87.070870,41.362375,-88.975515,1,5,6,12),(1481,'2021-08-05 06:01:00','2021-08-05 08:13:00','2021-08-05 08:16:00',5.43,47.236091,-93.245267,42.065392,-90.937236,1,5,15,12),(1482,'2021-08-05 12:54:00','2021-08-05 17:29:00','2021-08-05 17:30:00',3.45,45.296829,-87.789009,43.164470,-93.810626,2,5,9,7),(1483,'2021-08-06 09:30:00','2021-08-06 10:52:00','2021-08-06 10:52:00',3.09,42.387626,-90.747060,45.101822,-91.249709,1,5,10,13),(1484,'2021-08-07 12:12:00','2021-08-07 14:13:00','2021-08-07 14:19:00',7.81,47.030939,-93.612094,48.846711,-87.930164,2,5,8,1),(1485,'2021-08-08 12:04:00','2021-08-08 16:10:00','2021-08-08 16:13:00',8.68,48.090749,-93.971941,43.868051,-87.743922,1,5,6,6),(1486,'2021-08-08 19:45:00','2021-08-09 01:35:00','2021-08-09 01:38:00',6.82,48.843294,-87.310743,42.916406,-88.485740,2,5,9,5),(1487,'2021-08-09 14:56:00','2021-08-09 17:46:00','2021-08-09 17:50:00',9.54,45.854737,-87.853096,41.170309,-87.589169,1,5,6,7),(1488,'2021-08-09 19:24:00','2021-08-09 20:37:00','2021-08-09 20:30:00',6.86,47.007669,-89.238629,46.783852,-87.364854,2,5,9,1),(1489,'2021-08-10 12:26:00','2021-08-10 13:37:00','2021-08-10 13:47:00',4.76,44.584525,-86.235817,45.067339,-88.955853,1,5,6,9),(1490,'2021-08-11 15:36:00','2021-08-11 18:49:00','2021-08-11 18:42:00',2.53,45.648016,-87.723150,42.440203,-89.629535,2,5,2,4),(1491,'2021-08-12 09:47:00','2021-08-12 12:31:00','2021-08-12 12:32:00',5.76,46.527955,-87.172582,42.553226,-90.716123,1,5,6,2),(1492,'2021-08-12 13:39:00','2021-08-12 16:07:00','2021-08-12 16:14:00',7.70,44.553801,-93.660499,48.036101,-91.837996,1,5,6,13),(1493,'2021-08-12 21:49:00','2021-08-13 00:01:00','2021-08-13 00:09:00',9.26,47.965933,-93.799917,45.102616,-90.087168,1,5,6,11),(1494,'2021-08-13 07:47:00','2021-08-13 10:57:00',NULL,3.88,45.775035,-86.704934,47.150224,-93.134075,1,3,6,13),(1495,'2021-08-13 17:04:00','2021-08-13 19:50:00',NULL,6.06,45.043848,-88.526844,48.234237,-90.248281,2,3,4,11),(1496,'2021-08-14 07:54:00','2021-08-14 08:59:00',NULL,3.05,47.792496,-90.350971,46.867655,-91.608809,2,3,7,3),(1497,'2021-08-15 02:38:00','2021-08-15 03:21:00',NULL,1.94,41.047600,-87.458652,41.563941,-86.804338,2,3,2,7),(1498,'2021-08-15 16:13:00','2021-08-15 17:06:00','2021-08-15 17:10:00',2.25,46.957521,-92.041825,48.918315,-92.282952,1,5,15,12),(1499,'2021-08-15 20:59:00','2021-08-15 21:56:00','2021-08-15 21:53:00',2.00,45.889230,-90.518998,43.737322,-90.756397,1,5,15,2),(1500,'2021-08-16 09:53:00','2021-08-16 11:37:00','2021-08-16 11:44:00',4.32,44.566673,-88.550265,41.548654,-91.605934,1,5,10,6),(1501,'2021-08-16 19:11:00','2021-08-16 21:06:00','2021-08-16 21:01:00',5.96,47.579975,-89.460692,43.956617,-92.834838,2,5,5,3),(1502,'2021-08-17 09:56:00','2021-08-17 11:24:00','2021-08-17 11:26:00',6.38,47.985162,-93.784891,45.120059,-90.045031,1,5,15,2),(1503,'2021-08-17 12:59:00','2021-08-17 14:52:00','2021-08-17 14:52:00',8.36,41.853533,-86.266391,45.107445,-88.663601,1,5,10,2),(1504,'2021-08-17 13:28:00','2021-08-17 13:47:00',NULL,2.63,44.787766,-87.866088,44.306261,-87.870431,1,3,6,9),(1505,'2021-08-17 22:12:00','2021-08-18 00:13:00','2021-08-18 00:22:00',4.33,46.974532,-88.552066,42.316071,-87.763445,1,5,15,7),(1506,'2021-08-18 14:57:00','2021-08-18 16:28:00','2021-08-18 16:31:00',5.28,42.562038,-86.620550,41.211134,-91.082679,1,5,15,2),(1507,'2021-08-18 22:15:00','2021-08-19 00:08:00','2021-08-19 00:12:00',2.82,47.011844,-91.328927,44.319833,-93.414056,1,5,6,2),(1508,'2021-08-19 10:41:00','2021-08-19 12:24:00','2021-08-19 12:20:00',4.75,47.661543,-89.414306,43.943841,-93.037877,1,5,15,6),(1509,'2021-08-19 13:20:00','2021-08-19 14:04:00','2021-08-19 14:02:00',2.31,44.308237,-92.705035,45.550116,-91.134314,1,5,10,9),(1510,'2021-08-20 08:20:00','2021-08-20 10:09:00','2021-08-20 10:15:00',3.56,47.382921,-93.759651,47.052982,-88.456137,1,5,10,9),(1511,'2021-08-20 13:00:00','2021-08-20 15:14:00','2021-08-20 15:07:00',4.34,41.535839,-89.384883,46.468067,-88.505017,1,5,15,6),(1512,'2021-08-20 16:57:00','2021-08-20 19:26:00','2021-08-20 19:25:00',5.58,44.046265,-89.151225,48.105080,-89.020924,1,5,6,13),(1513,'2021-08-21 04:08:00','2021-08-21 08:44:00','2021-08-21 08:49:00',7.76,41.167114,-92.560089,47.698214,-88.828665,1,5,6,2),(1514,'2021-08-21 10:12:00','2021-08-21 14:09:00','2021-08-21 14:07:00',2.16,48.769697,-93.653086,43.425481,-90.913336,1,5,6,12),(1515,'2021-08-21 11:11:00','2021-08-21 13:19:00',NULL,1.81,43.680506,-89.097621,41.470377,-90.355253,2,3,14,13),(1516,'2021-08-21 18:01:00','2021-08-21 18:48:00','2021-08-21 18:53:00',2.27,45.952929,-89.790640,47.188012,-91.688017,1,5,15,4),(1517,'2021-08-22 17:17:00','2021-08-22 19:42:00','2021-08-22 19:44:00',8.30,41.002861,-88.189377,46.044535,-86.209196,1,5,15,7),(1518,'2021-08-22 21:55:00','2021-08-22 22:28:00','2021-08-22 22:24:00',3.16,42.074122,-88.235074,42.602263,-87.283463,1,5,6,5),(1519,'2021-08-23 13:07:00','2021-08-23 14:22:00',NULL,5.45,42.442465,-89.812793,41.608641,-87.518419,1,2,6,9),(1520,'2021-08-24 15:29:00','2021-08-24 17:25:00',NULL,6.35,47.044403,-86.203316,45.850209,-93.139005,1,2,15,9),(1521,'2021-08-24 19:04:00','2021-08-24 20:09:00',NULL,5.36,44.112887,-93.223058,43.546048,-91.600585,2,2,4,11),(1522,'2021-08-25 03:24:00','2021-08-25 04:09:00',NULL,2.49,46.983262,-92.675271,45.673858,-90.604895,1,2,16,4),(1523,'2021-08-25 16:20:00','2021-08-25 20:02:00',NULL,6.72,48.569717,-90.280822,44.886736,-93.723850,2,2,1,13),(1524,'2021-08-25 19:59:00','2021-08-25 21:13:00',NULL,2.61,47.314031,-91.963213,48.241843,-87.901146,1,2,10,5),(1525,'2021-08-26 07:34:00','2021-08-26 10:56:00',NULL,8.89,43.068977,-86.342669,41.079721,-92.573388,1,2,6,11),(1526,'2021-08-26 12:24:00','2021-08-26 14:19:00',NULL,6.59,48.056920,-93.248990,47.584290,-87.331578,2,2,8,4),(1527,'2021-08-27 19:16:00','2021-08-28 03:15:00',NULL,1.57,48.855592,-93.925858,41.803937,-90.202743,2,2,14,1),(1528,'2021-08-28 04:42:00','2021-08-28 05:50:00',NULL,6.99,41.335542,-90.491642,41.535166,-93.849244,1,2,10,11),(1529,'2021-08-28 11:06:00','2021-08-28 14:45:00',NULL,7.77,48.950014,-93.384506,44.227429,-87.709337,1,2,6,4),(1530,'2021-08-28 12:23:00','2021-08-28 14:55:00',NULL,2.33,48.884818,-87.086783,43.911628,-92.181509,1,2,15,13),(1531,'2021-08-28 22:10:00','2021-08-29 00:43:00',NULL,8.42,43.304437,-93.331435,45.429517,-89.858112,2,2,7,13),(1532,'2021-08-29 09:07:00','2021-08-29 10:24:00',NULL,4.56,45.395863,-90.640941,44.607704,-86.038658,1,2,15,5),(1533,'2021-08-29 22:23:00','2021-08-30 00:50:00',NULL,6.26,41.624206,-86.019028,47.032243,-87.781703,1,2,15,6),(1534,'2021-08-30 13:51:00','2021-08-30 18:57:00',NULL,5.61,42.154616,-87.338766,46.842321,-92.772095,2,2,1,5),(1535,'2021-08-30 20:22:00','2021-08-30 23:09:00',NULL,8.05,46.218311,-92.247786,42.106138,-93.725953,1,2,6,11),(1536,'2021-08-30 22:34:00','2021-08-31 00:08:00',NULL,2.61,45.188689,-93.188818,48.489847,-90.984313,1,2,10,2),(1537,'2021-08-30 22:55:00','2021-08-30 23:33:00',NULL,2.81,43.892614,-87.073406,42.955129,-89.004140,1,2,15,11),(1538,'2021-08-31 13:37:00','2021-08-31 15:05:00',NULL,4.88,45.541734,-89.356705,42.591273,-91.973521,1,2,15,13),(1539,'2021-09-01 05:36:00','2021-09-01 06:38:00',NULL,4.80,45.917122,-89.759702,47.450122,-90.470282,1,2,6,4),(1540,'2021-09-01 17:35:00','2021-09-01 19:37:00',NULL,6.50,44.408037,-90.237527,41.588255,-86.346146,1,2,10,5),(1541,'2021-09-01 18:12:00','2021-09-01 19:31:00',NULL,7.37,43.137866,-88.818250,44.495150,-92.069499,1,2,10,5),(1542,'2021-09-01 19:44:00','2021-09-01 20:57:00',NULL,4.03,44.832789,-91.221141,43.395927,-90.356943,2,2,3,7),(1543,'2021-09-02 04:11:00','2021-09-02 05:14:00',NULL,5.76,44.061940,-90.025562,43.686368,-92.491475,1,2,6,7),(1544,'2021-09-02 17:00:00','2021-09-02 20:29:00',NULL,5.43,48.026927,-91.355697,41.140733,-93.229245,1,2,10,9),(1545,'2021-09-03 09:55:00','2021-09-03 10:51:00',NULL,2.93,46.462528,-87.964501,46.789912,-91.156937,1,2,16,5),(1546,'2021-09-04 10:30:00','2021-09-04 13:36:00',NULL,6.77,46.076507,-87.222906,43.655951,-93.051526,1,2,6,2),(1547,'2021-09-04 16:30:00','2021-09-04 20:10:00',NULL,5.57,46.036047,-92.400532,41.889201,-86.352400,1,2,6,5),(1548,'2021-09-05 09:16:00','2021-09-05 12:14:00',NULL,5.07,48.405100,-90.507302,44.248187,-88.237155,1,2,6,12),(1549,'2021-09-05 20:08:00','2021-09-05 20:55:00',NULL,3.03,42.898281,-89.106682,43.771745,-86.821225,1,2,15,13),(1550,'2021-09-06 17:09:00','2021-09-06 18:47:00',NULL,4.47,45.629747,-91.134376,41.438877,-92.402484,1,2,16,12),(1551,'2021-09-07 10:30:00','2021-09-07 12:18:00',NULL,6.35,44.687755,-93.076409,42.554689,-88.997329,1,2,10,6),(1552,'2021-09-07 20:24:00','2021-09-07 22:38:00',NULL,3.60,44.462710,-87.535426,46.934743,-91.720008,1,2,6,2),(1553,'2021-09-07 22:20:00','2021-09-07 23:33:00',NULL,8.29,44.064357,-88.173307,44.940392,-91.778117,2,2,5,8),(1554,'2021-09-08 13:18:00','2021-09-08 17:48:00',NULL,7.38,42.531587,-88.405667,48.376903,-89.898483,2,2,4,11),(1555,'2021-09-09 03:44:00','2021-09-09 06:10:00',NULL,9.23,48.404472,-93.743732,44.067924,-87.429182,1,2,15,9),(1556,'2021-09-09 15:59:00','2021-09-09 18:53:00',NULL,2.38,48.042272,-90.703435,44.356010,-87.109647,1,2,6,4),(1557,'2021-09-09 18:18:00','2021-09-09 19:55:00',NULL,2.06,44.686295,-89.669747,43.592381,-86.028853,1,2,6,12),(1558,'2021-09-09 22:55:00','2021-09-10 00:48:00',NULL,1.68,45.111387,-87.768053,43.825575,-90.567967,2,2,1,7),(1559,'2021-09-10 18:01:00','2021-09-10 19:44:00',NULL,9.09,44.056617,-88.264963,44.505336,-93.678432,1,2,10,13),(1560,'2021-09-11 09:22:00','2021-09-11 10:51:00',NULL,4.83,45.698984,-92.532128,42.242407,-92.191579,1,2,15,7),(1561,'2021-09-11 13:13:00','2021-09-11 16:57:00',NULL,6.79,45.122703,-88.548559,47.889096,-91.908841,2,2,14,3),(1562,'2021-09-12 13:44:00','2021-09-12 14:41:00',NULL,2.14,42.496210,-89.080324,45.109749,-88.210280,1,2,16,11),(1563,'2021-09-13 11:07:00','2021-09-13 12:39:00',NULL,5.72,47.036092,-92.191608,47.933682,-88.756767,1,2,6,5),(1564,'2021-09-13 12:09:00','2021-09-13 13:28:00',NULL,4.92,46.763314,-88.348279,43.968665,-88.111838,3,2,11,7),(1565,'2021-09-13 19:30:00','2021-09-13 20:11:00',NULL,2.08,41.477808,-90.212651,42.503321,-89.845441,1,2,6,7),(1566,'2021-09-14 11:25:00','2021-09-14 12:41:00',NULL,2.57,43.967023,-88.971429,41.241785,-91.876786,1,2,16,2),(1567,'2021-09-14 15:09:00','2021-09-14 19:29:00',NULL,8.94,48.334463,-89.589360,41.049809,-90.982875,1,2,6,12),(1568,'2021-09-14 22:16:00','2021-09-15 02:34:00',NULL,4.79,41.356069,-89.091723,48.473177,-87.358947,1,2,6,13),(1569,'2021-09-15 16:03:00','2021-09-15 16:52:00',NULL,2.77,45.412295,-89.291307,43.306579,-88.593184,1,2,16,5),(1570,'2021-09-15 19:04:00','2021-09-15 21:49:00',NULL,3.81,41.849910,-90.443162,48.234463,-92.498198,1,2,15,2),(1571,'2021-09-15 21:37:00','2021-09-16 02:38:00',NULL,7.75,43.512049,-89.404829,48.439710,-86.586964,2,2,14,5),(1572,'2021-09-16 08:45:00','2021-09-16 09:13:00',NULL,2.51,42.498122,-92.858066,42.215304,-91.349281,1,2,10,5),(1573,'2021-09-16 16:27:00','2021-09-16 21:35:00',NULL,2.88,48.782314,-90.426139,43.522363,-92.109767,2,2,2,3),(1574,'2021-09-17 20:06:00','2021-09-17 20:56:00',NULL,6.21,48.572951,-93.121112,46.675587,-92.258727,1,2,10,4),(1575,'2021-09-18 10:41:00','2021-09-18 13:38:00',NULL,4.58,47.531695,-91.371885,42.545492,-86.156884,1,2,10,5),(1576,'2021-09-18 17:17:00','2021-09-18 18:04:00',NULL,3.89,46.418890,-87.899027,47.248194,-89.061946,1,2,6,7),(1577,'2021-09-18 18:51:00','2021-09-18 21:14:00',NULL,7.20,45.630020,-93.928411,43.467887,-89.875332,1,2,6,4),(1578,'2021-09-19 05:26:00','2021-09-19 08:36:00',NULL,7.07,41.123518,-89.734536,45.956767,-90.012557,1,2,6,11),(1579,'2021-09-19 13:15:00','2021-09-19 13:33:00',NULL,3.13,43.277634,-93.866616,42.834021,-93.230050,1,2,10,6),(1580,'2021-09-19 13:28:00','2021-09-19 15:25:00',NULL,6.45,43.302541,-87.299831,43.593221,-93.134401,3,2,11,13),(1581,'2021-09-20 16:27:00','2021-09-20 17:06:00',NULL,2.03,46.347722,-89.524817,47.332747,-91.761815,1,2,16,12),(1582,'2021-09-20 22:08:00','2021-09-20 23:44:00',NULL,6.84,44.657262,-87.194418,48.056123,-87.136129,1,2,10,6),(1583,'2021-09-21 17:09:00','2021-09-21 18:15:00',NULL,3.65,46.983198,-91.161556,45.242626,-89.302201,1,2,10,2),(1584,'2021-09-22 20:15:00','2021-09-22 21:38:00',NULL,2.59,46.007024,-88.827885,43.839505,-87.318820,1,2,6,2),(1585,'2021-09-23 11:50:00','2021-09-23 12:40:00',NULL,4.09,42.188109,-89.661939,43.125977,-88.384298,1,2,6,12),(1586,'2021-09-23 14:21:00','2021-09-23 16:05:00',NULL,3.75,48.718996,-91.871797,44.484027,-90.964473,1,2,16,6),(1587,'2021-09-23 19:32:00','2021-09-23 21:42:00',NULL,7.42,48.724363,-89.745009,47.101865,-92.255648,2,2,2,8),(1588,'2021-09-24 17:00:00','2021-09-24 17:56:00',NULL,3.77,42.886744,-89.110868,43.785429,-86.740250,3,2,12,11),(1589,'2021-09-24 20:55:00','2021-09-24 21:33:00',NULL,3.10,47.000570,-88.905656,48.470010,-87.932983,1,2,16,2),(1590,'2021-09-25 04:35:00','2021-09-25 06:22:00',NULL,3.32,44.971735,-87.246332,46.853136,-92.995323,1,2,16,7),(1591,'2021-09-25 15:33:00','2021-09-25 16:40:00',NULL,2.31,47.912514,-90.368900,46.417959,-93.803507,1,2,15,12),(1592,'2021-09-26 07:29:00','2021-09-26 10:06:00',NULL,4.78,48.935313,-89.027816,42.054982,-87.641643,1,2,16,4),(1593,'2021-09-26 21:10:00','2021-09-27 02:10:00',NULL,4.69,48.520491,-92.620574,41.335655,-88.460000,1,2,6,9),(1594,'2021-09-26 21:29:00','2021-09-26 23:26:00',NULL,2.28,41.843606,-93.070565,43.116360,-86.206506,1,2,16,4),(1595,'2021-09-26 22:59:00','2021-09-27 01:42:00',NULL,5.09,48.777570,-93.448352,44.425532,-86.527286,3,2,12,11),(1596,'2021-09-27 07:08:00','2021-09-27 07:52:00',NULL,4.13,41.399659,-91.893171,42.335167,-93.644650,3,2,12,5),(1597,'2021-09-27 10:38:00','2021-09-27 11:58:00',NULL,4.00,44.362888,-90.208504,41.868818,-93.030399,1,2,10,4),(1598,'2021-09-27 16:33:00','2021-09-27 17:08:00',NULL,3.21,43.453959,-91.906759,44.104329,-92.758078,1,2,6,5),(1599,'2021-09-27 18:53:00','2021-09-27 19:09:00',NULL,2.32,46.197068,-92.971539,46.551102,-93.329873,1,2,6,13),(1600,'2021-09-27 21:38:00','2021-09-27 23:46:00',NULL,5.24,44.573039,-93.166995,42.445911,-89.269460,1,2,6,12),(1601,'2021-09-28 18:05:00','2021-09-28 19:57:00',NULL,2.20,43.862397,-93.187276,44.476430,-87.056021,1,2,15,13),(1602,'2021-09-29 07:23:00','2021-09-29 10:40:00',NULL,2.03,45.319609,-86.440827,41.837036,-88.492336,2,2,7,11),(1603,'2021-09-29 15:53:00','2021-09-29 16:51:00',NULL,4.94,42.427459,-87.733856,44.048342,-89.556720,1,2,10,7),(1604,'2021-09-30 19:09:00','2021-09-30 21:09:00',NULL,2.48,47.961193,-87.211371,46.059567,-89.068051,2,2,14,7),(1605,'2021-10-01 09:14:00','2021-10-01 12:43:00',NULL,8.41,48.132049,-87.293454,45.136584,-93.436717,1,2,6,6),(1606,'2021-10-01 18:50:00','2021-10-01 19:42:00',NULL,3.30,47.063379,-86.311100,45.254365,-87.794878,1,2,10,9),(1607,'2021-10-02 15:19:00','2021-10-02 16:48:00',NULL,5.49,48.793228,-86.686700,46.186817,-90.005815,3,2,11,7),(1608,'2021-10-03 20:57:00','2021-10-03 22:06:00',NULL,2.66,47.481047,-89.217856,45.467578,-86.008540,1,2,16,5),(1609,'2021-10-03 21:39:00','2021-10-03 21:54:00',NULL,2.30,46.434251,-89.699937,46.197561,-88.912385,1,2,10,2),(1610,'2021-10-04 06:47:00','2021-10-04 11:27:00',NULL,1.74,48.163643,-90.615350,44.432324,-86.992332,2,2,2,3),(1611,'2021-10-04 22:08:00','2021-10-04 23:52:00',NULL,4.41,44.424293,-88.306303,43.195605,-92.103063,1,2,6,11),(1612,'2021-10-05 14:59:00','2021-10-05 15:34:00',NULL,3.76,42.477052,-92.895590,42.090895,-91.858756,1,2,6,11),(1613,'2021-10-05 22:17:00','2021-10-05 23:58:00',NULL,5.16,42.771226,-91.871356,46.329543,-89.738216,1,2,15,13),(1614,'2021-10-06 09:12:00','2021-10-06 12:05:00',NULL,5.42,48.101696,-92.735446,42.017683,-92.705247,3,2,11,13),(1615,'2021-10-07 01:55:00','2021-10-07 02:44:00',NULL,3.00,48.523157,-88.317329,46.843886,-89.828585,1,2,15,5),(1616,'2021-10-07 07:26:00','2021-10-07 12:28:00',NULL,2.44,41.836584,-92.140525,47.787622,-89.640313,2,2,7,3),(1617,'2021-10-07 20:38:00','2021-10-07 21:28:00',NULL,1.96,43.112268,-93.949752,42.914439,-92.578550,2,2,1,5),(1618,'2021-10-07 22:06:00','2021-10-07 23:18:00',NULL,3.26,42.450001,-92.468633,44.306832,-90.059938,1,2,10,6),(1619,'2021-10-08 17:28:00','2021-10-08 18:16:00',NULL,3.75,48.708943,-86.334324,48.201551,-88.989272,1,2,10,11),(1620,'2021-10-08 19:00:00','2021-10-08 21:49:00',NULL,6.03,47.284282,-90.012706,42.083623,-92.543766,1,2,10,7),(1621,'2021-10-09 18:48:00','2021-10-09 19:50:00',NULL,2.78,42.970115,-91.840772,45.885794,-92.048714,1,2,16,9),(1622,'2021-10-10 09:32:00','2021-10-10 11:57:00',NULL,6.08,48.562867,-90.772517,42.448811,-88.438393,1,2,16,6),(1623,'2021-10-10 11:06:00','2021-10-10 13:51:00',NULL,9.70,41.980995,-90.711125,46.501389,-92.359680,1,2,6,12),(1624,'2021-10-10 12:41:00','2021-10-10 15:54:00',NULL,2.88,47.513580,-92.497076,44.973879,-86.639377,1,2,6,11),(1625,'2021-10-11 13:43:00','2021-10-11 15:11:00',NULL,5.91,45.620801,-93.947267,43.401262,-90.151888,1,2,10,7),(1626,'2021-10-12 09:48:00','2021-10-12 11:23:00',NULL,5.29,44.647162,-88.736847,48.374278,-88.918067,1,2,10,4),(1627,'2021-10-12 18:30:00','2021-10-12 20:07:00',NULL,3.29,43.522644,-91.970695,43.578594,-87.194947,2,2,5,11),(1628,'2021-10-13 14:14:00','2021-10-13 15:34:00',NULL,5.12,46.134341,-86.323617,47.978893,-90.134683,1,2,15,12),(1629,'2021-10-13 19:47:00','2021-10-13 21:04:00',NULL,5.83,43.102651,-93.472071,45.331694,-89.925320,1,2,15,4),(1630,'2021-10-14 07:50:00','2021-10-14 09:33:00',NULL,6.45,41.595720,-89.817052,44.127582,-90.910935,1,2,6,9),(1631,'2021-10-14 22:51:00','2021-10-15 00:44:00',NULL,2.78,48.708957,-86.856498,45.590638,-92.477315,1,2,16,7),(1632,'2021-10-15 17:48:00','2021-10-15 19:00:00',NULL,3.15,48.130478,-86.748334,47.866894,-89.420528,1,2,6,7),(1633,'2021-10-16 10:56:00','2021-10-16 11:51:00',NULL,6.21,44.794008,-90.532222,46.956868,-90.618996,1,2,10,4),(1634,'2021-10-16 11:01:00','2021-10-16 12:51:00',NULL,6.88,44.873734,-87.720550,44.776046,-93.958119,1,2,10,11),(1635,'2021-10-16 16:54:00','2021-10-16 18:03:00',NULL,4.24,42.607802,-91.406873,41.142231,-93.068227,1,2,6,2),(1636,'2021-10-17 08:07:00','2021-10-17 09:30:00',NULL,2.39,42.547578,-87.186213,46.426199,-87.310363,1,2,16,13),(1637,'2021-10-17 19:36:00','2021-10-17 22:29:00',NULL,4.51,41.017712,-87.802983,47.931947,-93.931312,1,2,16,9),(1638,'2021-10-18 22:04:00','2021-10-19 00:55:00',NULL,6.88,43.129731,-86.237495,41.423333,-91.170849,1,2,17,11),(1639,'2021-10-19 08:06:00','2021-10-19 09:54:00',NULL,5.80,44.220489,-88.522616,42.725452,-93.804889,1,2,10,13),(1640,'2021-10-19 09:30:00','2021-10-19 11:16:00',NULL,2.99,45.648281,-87.641476,42.847780,-87.836673,1,2,6,4),(1641,'2021-10-20 10:39:00','2021-10-20 11:52:00',NULL,6.96,47.603645,-92.196048,46.208825,-89.367730,1,2,10,5),(1642,'2021-10-20 11:15:00','2021-10-20 15:25:00',NULL,3.63,41.428856,-90.905954,47.183662,-88.363826,1,2,6,11),(1643,'2021-10-21 12:03:00','2021-10-21 13:01:00',NULL,6.14,47.833803,-88.419804,48.399574,-89.742720,2,2,1,1),(1644,'2021-10-21 20:44:00','2021-10-21 21:20:00',NULL,4.19,47.679553,-91.980922,47.056731,-93.773579,3,2,12,11),(1645,'2021-10-22 09:02:00','2021-10-22 12:21:00',NULL,3.61,43.173468,-87.925715,48.851020,-88.967755,1,2,17,5),(1646,'2021-10-23 17:59:00','2021-10-23 20:15:00',NULL,8.41,44.210829,-87.491306,47.910983,-86.971166,1,2,6,4),(1647,'2021-10-24 08:02:00','2021-10-24 08:49:00',NULL,2.38,42.432403,-89.624342,42.581081,-91.221570,1,2,17,4),(1648,'2021-10-25 13:09:00','2021-10-25 14:03:00',NULL,2.63,45.085430,-90.541948,46.033971,-87.204300,1,2,16,12),(1649,'2021-10-25 16:02:00','2021-10-25 17:12:00',NULL,7.51,47.768600,-89.060639,45.391007,-86.863050,2,2,5,5),(1650,'2021-10-26 12:14:00','2021-10-26 12:54:00',NULL,3.79,48.614079,-89.593789,48.188819,-87.274541,1,2,10,13),(1651,'2021-10-26 21:44:00','2021-10-27 00:25:00',NULL,5.54,48.951148,-91.638761,44.952750,-89.319965,1,2,6,4),(1652,'2021-10-27 14:12:00','2021-10-27 15:14:00',NULL,3.97,45.128058,-91.832238,47.454636,-92.230104,1,2,15,5),(1653,'2021-10-28 10:04:00','2021-10-28 10:56:00',NULL,4.65,41.448193,-87.318370,41.063570,-89.727038,1,2,10,6),(1654,'2021-10-28 13:46:00','2021-10-28 15:02:00',NULL,3.80,41.538441,-89.891235,43.928502,-91.683782,2,2,5,1),(1655,'2021-10-28 19:39:00','2021-10-29 00:22:00',NULL,3.28,48.010700,-92.136942,45.283194,-86.173206,2,2,14,11),(1656,'2021-10-29 22:23:00','2021-10-30 01:39:00',NULL,8.67,46.274821,-86.717852,45.586279,-92.915049,2,2,3,7),(1657,'2021-10-30 15:23:00','2021-10-30 16:13:00',NULL,2.37,46.156853,-91.400772,46.525579,-90.169789,2,2,2,7),(1658,'2021-10-31 06:42:00','2021-10-31 11:24:00',NULL,4.71,41.370604,-86.377198,46.002197,-91.857417,2,2,4,13),(1659,'2021-10-31 09:41:00','2021-10-31 11:20:00',NULL,6.55,45.224988,-90.827743,44.186318,-87.585180,1,2,17,2),(1660,'2021-11-01 10:23:00','2021-11-01 13:15:00',NULL,7.72,48.785402,-86.762603,45.830776,-91.558308,1,2,17,5),(1661,'2021-11-01 12:48:00','2021-11-01 15:35:00',NULL,9.98,41.887289,-93.720625,47.735007,-93.163089,1,2,10,4),(1662,'2021-11-01 19:12:00','2021-11-01 22:17:00',NULL,2.86,47.487108,-88.389392,41.591714,-91.873252,1,2,10,11),(1663,'2021-11-02 14:02:00','2021-11-02 17:02:00',NULL,8.77,44.550878,-92.798694,44.353897,-88.834435,2,2,9,8),(1664,'2021-11-03 07:44:00','2021-11-03 09:46:00',NULL,2.02,47.482285,-87.896296,44.071665,-88.952786,1,2,17,4),(1665,'2021-11-03 17:53:00','2021-11-03 19:00:00',NULL,4.58,42.109815,-91.572949,41.805812,-89.252093,1,2,6,7),(1666,'2021-11-04 22:35:00','2021-11-05 00:01:00',NULL,2.73,46.657700,-91.487595,44.588926,-91.592585,1,2,17,7),(1667,'2021-11-05 15:18:00','2021-11-05 19:19:00',NULL,2.38,46.612996,-87.306987,41.626076,-86.948657,2,2,7,4),(1668,'2021-11-06 22:59:00','2021-11-06 23:11:00',NULL,2.14,48.180692,-93.023406,48.340892,-92.225322,1,2,16,11),(1669,'2021-11-07 07:43:00','2021-11-07 10:14:00',NULL,5.82,48.081313,-92.734872,42.081701,-92.386877,2,2,8,7),(1670,'2021-11-07 11:40:00','2021-11-07 12:19:00',NULL,5.03,46.028091,-89.925199,46.289733,-87.775739,1,2,10,6),(1671,'2021-11-07 16:19:00','2021-11-07 18:02:00',NULL,2.13,46.002887,-87.995661,48.013032,-92.947853,1,2,15,13),(1672,'2021-11-08 03:11:00','2021-11-08 06:04:00',NULL,6.77,48.251814,-86.469579,48.896663,-93.107948,1,2,6,12),(1673,'2021-11-08 10:47:00','2021-11-08 13:21:00',NULL,4.28,45.615866,-91.948117,45.411817,-86.096565,1,2,6,9),(1674,'2021-11-08 18:34:00','2021-11-08 20:52:00',NULL,6.84,45.559292,-86.232826,42.157994,-87.511552,1,2,6,12),(1675,'2021-11-09 17:35:00','2021-11-09 21:36:00',NULL,4.01,47.182590,-93.388805,41.508207,-93.292553,1,2,17,2),(1676,'2021-11-09 21:08:00','2021-11-09 22:27:00',NULL,3.37,43.686156,-88.487794,44.502563,-93.023802,2,2,5,7),(1677,'2021-11-10 09:01:00','2021-11-10 13:22:00',NULL,4.14,43.813531,-93.191267,44.603071,-86.410843,2,2,9,7),(1678,'2021-11-10 15:46:00','2021-11-10 19:14:00',NULL,9.33,48.275865,-87.604829,43.148261,-86.444207,1,2,17,12),(1679,'2021-11-10 15:48:00','2021-11-10 17:34:00',NULL,2.44,43.305054,-92.725146,48.459111,-92.529010,1,2,16,5),(1680,'2021-11-11 07:41:00','2021-11-11 10:05:00',NULL,9.34,44.181615,-87.333380,48.788257,-91.058574,1,2,10,2),(1681,'2021-11-11 19:14:00','2021-11-11 20:27:00',NULL,4.45,43.956796,-87.146837,42.395425,-91.582363,1,2,16,11),(1682,'2021-11-11 22:36:00','2021-11-11 23:32:00',NULL,4.98,48.338698,-91.682485,46.571483,-89.095132,1,2,15,5),(1683,'2021-11-12 12:41:00','2021-11-12 15:37:00',NULL,4.33,47.730651,-86.267883,43.468629,-88.853206,1,2,17,5),(1684,'2021-11-13 12:56:00','2021-11-13 14:38:00',NULL,3.37,46.278980,-90.460040,42.862858,-87.305587,1,2,16,5),(1685,'2021-11-13 15:07:00','2021-11-13 18:16:00',NULL,9.68,41.067984,-89.829773,45.647182,-91.274768,1,2,6,4),(1686,'2021-11-13 15:30:00','2021-11-13 16:23:00',NULL,3.19,44.399596,-91.411678,43.742823,-88.050851,1,2,16,4),(1687,'2021-11-13 15:48:00','2021-11-13 16:29:00',NULL,2.94,43.415617,-91.950806,43.999118,-93.151994,1,2,6,5),(1688,'2021-11-13 21:23:00','2021-11-14 00:22:00',NULL,4.01,43.241410,-87.705814,41.746699,-93.149063,1,2,17,9),(1689,'2021-11-14 13:30:00','2021-11-14 15:13:00',NULL,2.88,46.928228,-90.195578,42.237427,-91.226130,1,2,16,2),(1690,'2021-11-15 09:50:00','2021-11-15 12:19:00',NULL,8.74,41.181555,-89.413429,47.388187,-91.818774,2,2,8,3),(1691,'2021-11-15 13:14:00','2021-11-15 17:06:00',NULL,2.17,41.706547,-92.496844,46.396137,-87.528780,1,2,6,6),(1692,'2021-11-15 18:49:00','2021-11-15 20:22:00',NULL,2.60,44.353940,-89.554762,45.164368,-86.513873,1,2,6,5),(1693,'2021-11-16 08:08:00','2021-11-16 10:25:00',NULL,2.89,48.713175,-88.200377,46.858591,-90.105913,2,2,2,13),(1694,'2021-11-17 09:28:00','2021-11-17 12:17:00',NULL,9.71,45.571386,-93.100825,47.781716,-86.788944,1,2,6,12),(1695,'2021-11-17 21:07:00','2021-11-18 04:10:00',NULL,2.27,48.739113,-92.399455,41.785388,-86.874697,2,2,2,11),(1696,'2021-11-18 15:42:00','2021-11-18 17:15:00',NULL,5.35,46.980331,-93.064114,43.738438,-91.115471,1,2,15,2),(1697,'2021-11-19 03:00:00','2021-11-19 04:02:00',NULL,2.34,46.072814,-87.092117,44.320974,-90.118780,1,2,16,13),(1698,'2021-11-19 14:48:00','2021-11-19 15:32:00',NULL,7.74,47.610086,-88.570791,48.315788,-89.708687,2,2,4,8),(1699,'2021-11-20 08:16:00','2021-11-20 09:06:00',NULL,2.39,48.662863,-87.904934,48.486739,-90.851500,1,2,15,4),(1700,'2021-11-20 18:54:00','2021-11-20 20:51:00',NULL,8.79,41.784142,-87.910071,45.097216,-91.783703,1,2,10,11),(1701,'2021-11-21 18:09:00','2021-11-21 20:16:00',NULL,7.02,41.057979,-93.233171,44.660208,-93.999448,1,2,6,5),(1702,'2021-11-22 07:58:00','2021-11-22 10:40:00',NULL,6.18,41.696007,-87.373294,48.045511,-86.652565,1,2,16,4),(1703,'2021-11-22 10:06:00','2021-11-22 12:20:00',NULL,5.66,47.242309,-92.656305,44.991550,-86.073338,1,2,10,13),(1704,'2021-11-22 13:30:00','2021-11-22 17:05:00',NULL,4.89,47.319520,-92.937032,43.356280,-93.407503,2,2,2,8);
/*!40000 ALTER TABLE `flightreservation` ENABLE KEYS */;
UNLOCK TABLES;

--
-- Table structure for table `flightstatus`
--

DROP TABLE IF EXISTS `flightstatus`;
/*!40101 SET @saved_cs_client     = @@character_set_client */;
/*!50503 SET character_set_client = utf8mb4 */;
CREATE TABLE `flightstatus` (
  `StatusID` tinyint unsigned NOT NULL,
  `Description` varchar(12) NOT NULL,
  PRIMARY KEY (`StatusID`)
) ENGINE=InnoDB DEFAULT CHARSET=utf8mb4 COLLATE=utf8mb4_0900_ai_ci;
/*!40101 SET character_set_client = @saved_cs_client */;

--
-- Dumping data for table `flightstatus`
--

LOCK TABLES `flightstatus` WRITE;
/*!40000 ALTER TABLE `flightstatus` DISABLE KEYS */;
INSERT INTO `flightstatus` VALUES (1,'Pending'),(2,'Confirmed'),(3,'Cancelled'),(4,'In Progress'),(5,'Complete');
/*!40000 ALTER TABLE `flightstatus` ENABLE KEYS */;
UNLOCK TABLES;

--
-- Table structure for table `flighttype`
--

DROP TABLE IF EXISTS `flighttype`;
/*!40101 SET @saved_cs_client     = @@character_set_client */;
/*!50503 SET character_set_client = utf8mb4 */;
CREATE TABLE `flighttype` (
  `TypeID` tinyint unsigned NOT NULL,
  `Description` varchar(25) NOT NULL,
  PRIMARY KEY (`TypeID`)
) ENGINE=InnoDB DEFAULT CHARSET=utf8mb4 COLLATE=utf8mb4_0900_ai_ci;
/*!40101 SET character_set_client = @saved_cs_client */;

--
-- Dumping data for table `flighttype`
--

LOCK TABLES `flighttype` WRITE;
/*!40000 ALTER TABLE `flighttype` DISABLE KEYS */;
INSERT INTO `flighttype` VALUES (1,'Passenger'),(2,'Package'),(3,'Passenger and Package');
/*!40000 ALTER TABLE `flighttype` ENABLE KEYS */;
UNLOCK TABLES;

--
-- Table structure for table `manifestpackage`
--

DROP TABLE IF EXISTS `manifestpackage`;
/*!40101 SET @saved_cs_client     = @@character_set_client */;
/*!50503 SET character_set_client = utf8mb4 */;
CREATE TABLE `manifestpackage` (
  `FlightID` int unsigned NOT NULL,
  `PackageID` int unsigned NOT NULL,
  PRIMARY KEY (`FlightID`,`PackageID`)
) ENGINE=InnoDB DEFAULT CHARSET=utf8mb4 COLLATE=utf8mb4_0900_ai_ci;
/*!40101 SET character_set_client = @saved_cs_client */;

--
-- Dumping data for table `manifestpackage`
--

LOCK TABLES `manifestpackage` WRITE;
/*!40000 ALTER TABLE `manifestpackage` DISABLE KEYS */;
INSERT INTO `manifestpackage` VALUES (1,1),(2,2),(3,3),(4,4),(5,5),(6,6),(7,7),(8,8),(9,9),(10,10),(11,11),(12,12),(13,13),(14,14),(15,15),(16,16),(17,17),(18,18),(19,19),(20,20),(21,21),(22,22),(23,23),(24,24),(25,25),(26,26),(27,27),(28,28),(29,29),(30,30),(31,31),(32,32),(33,33),(34,34),(35,35),(36,36),(37,37),(38,38),(39,39),(40,40),(41,41),(42,42),(43,43),(44,44),(45,45),(46,46),(47,47),(48,48),(49,49),(50,50),(51,51),(52,52),(53,53),(54,54),(55,55),(56,56),(57,57),(58,58),(59,59),(60,60),(61,61),(63,62),(64,63),(68,64),(72,65),(76,66),(81,67),(85,68),(94,69),(97,70),(98,71),(105,72),(107,73),(116,74),(117,75),(121,76),(127,77),(132,78),(133,79),(136,80),(137,81),(141,82),(142,83),(143,84),(149,85),(152,86),(154,87),(155,88),(157,89),(158,90),(160,91),(162,92),(167,93),(171,94),(172,95),(174,96),(176,97),(180,98),(188,99),(189,100),(194,101),(197,102),(198,103),(215,104),(217,105),(220,106),(223,107),(225,108),(228,109),(231,110),(232,111),(237,112),(238,113),(240,114),(247,115),(258,116),(282,117),(287,118),(294,119),(295,120),(297,121),(304,122),(328,123),(340,124),(343,125),(344,126),(345,127),(350,128),(356,129),(357,130),(359,131),(362,132),(363,133),(369,134),(385,135),(396,136),(397,137),(399,138),(402,139),(419,140),(428,141),(434,142),(438,143),(442,144),(446,145),(452,146),(455,147),(456,148),(457,149),(458,150),(465,151),(470,152),(479,153),(490,154),(493,155),(495,156),(499,157),(501,158),(504,159),(506,160),(507,161),(518,162),(526,163),(528,164),(531,165),(532,166),(538,167),(539,168),(542,169),(543,170),(546,171),(548,172),(552,173),(557,174),(559,175),(563,176),(565,177),(569,178),(570,179),(576,180),(588,181),(592,182),(596,183),(598,184),(599,185),(600,186),(605,187),(607,188),(612,189),(615,190),(617,191),(622,192),(631,193),(633,194),(635,195),(639,196),(640,197),(644,198),(645,199),(650,200),(651,201),(652,202),(654,203),(656,204),(658,205),(659,206),(663,207),(664,208),(665,209),(675,210),(681,211),(684,212),(688,213),(689,214),(691,215),(695,216),(696,217),(701,218),(714,219),(722,220),(728,221),(734,222),(739,223),(740,224),(745,225),(747,226),(748,227),(751,228),(752,229),(762,230),(776,231),(781,232),(782,233),(786,234),(791,235),(792,236),(793,237),(795,238),(796,239),(805,240),(807,241),(808,242),(809,243),(811,244),(812,245),(817,246),(819,247),(822,248),(829,249),(830,250),(831,251),(832,252),(833,253),(837,254),(839,255),(840,256),(859,257),(860,258),(865,259),(868,260),(869,261),(875,262),(878,263),(883,264),(884,265),(887,266),(890,267),(895,268),(905,269),(906,270),(908,271),(912,272),(915,273),(916,274),(920,275),(921,276),(923,277),(934,278),(938,279),(941,280),(944,281),(948,282),(953,283),(954,284),(959,285),(960,286),(966,287),(969,288),(971,289),(972,290),(973,291),(977,292),(983,293),(985,294),(988,295),(990,296),(993,297),(995,298),(997,299),(998,300),(999,301),(1001,302),(1002,303),(1003,304),(1007,305),(1010,306),(1012,307),(1013,308),(1021,309),(1024,310),(1026,311),(1027,312),(1036,313),(1038,314),(1042,315),(1043,316),(1046,317),(1058,318),(1062,319),(1068,320),(1069,321),(1075,322),(1086,323),(1087,324),(1102,325),(1106,326),(1124,327),(1125,328),(1130,329),(1131,330),(1139,331),(1146,332),(1148,333),(1149,334),(1154,335),(1155,336),(1161,337),(1163,338),(1167,339),(1170,340),(1172,341),(1175,342),(1176,343),(1181,344),(1182,345),(1189,346),(1195,347),(1197,348),(1199,349),(1201,350),(1204,351),(1210,352),(1211,353),(1241,354),(1242,355),(1243,356),(1271,357),(1272,358),(1273,359),(1274,360),(1276,361),(1278,362),(1280,363),(1284,364),(1287,365),(1288,366),(1289,367),(1293,368),(1294,369),(1300,370),(1306,371),(1312,372),(1322,373),(1329,374),(1338,375),(1352,376),(1360,377),(1363,378),(1365,379),(1366,380),(1367,381),(1370,382),(1372,383),(1381,384),(1386,385),(1390,386),(1398,387),(1400,388),(1404,389),(1409,390),(1411,391),(1420,392),(1421,393),(1425,394),(1426,395),(1428,396),(1429,397),(1437,398),(1439,399),(1440,400),(1443,401),(1447,402),(1448,403),(1455,404),(1462,405),(1464,406),(1476,407),(1482,408),(1484,409),(1486,410),(1488,411),(1490,412),(1495,413),(1496,414),(1497,415),(1501,416),(1515,417),(1521,418),(1523,419),(1526,420),(1527,421),(1531,422),(1534,423),(1542,424),(1553,425),(1554,426),(1558,427),(1561,428),(1564,429),(1571,430),(1573,431),(1580,432),(1587,433),(1588,434),(1595,435),(1596,436),(1602,437),(1604,438),(1607,439),(1610,440),(1614,441),(1616,442),(1617,443),(1627,444),(1643,445),(1644,446),(1649,447),(1654,448),(1655,449),(1656,450),(1657,451),(1658,452),(1663,453),(1667,454),(1669,455),(1676,456),(1677,457),(1690,458),(1693,459),(1695,460),(1698,461),(1704,462);
/*!40000 ALTER TABLE `manifestpackage` ENABLE KEYS */;
UNLOCK TABLES;

--
-- Table structure for table `manifestpassenger`
--

DROP TABLE IF EXISTS `manifestpassenger`;
/*!40101 SET @saved_cs_client     = @@character_set_client */;
/*!50503 SET character_set_client = utf8mb4 */;
CREATE TABLE `manifestpassenger` (
  `FlightID` int unsigned NOT NULL,
  `PassID` int unsigned NOT NULL,
  `SeatPrice` decimal(5,2) DEFAULT NULL,
  PRIMARY KEY (`FlightID`,`PassID`)
) ENGINE=InnoDB DEFAULT CHARSET=utf8mb4 COLLATE=utf8mb4_0900_ai_ci;
/*!40101 SET character_set_client = @saved_cs_client */;

--
-- Dumping data for table `manifestpassenger`
--

LOCK TABLES `manifestpassenger` WRITE;
/*!40000 ALTER TABLE `manifestpassenger` DISABLE KEYS */;
INSERT INTO `manifestpassenger` VALUES (62,134,27.02),(62,149,29.37),(62,232,29.62),(62,291,40.97),(65,133,25.11),(65,305,35.67),(65,314,23.22),(65,334,45.38),(65,337,36.87),(65,369,20.02),(66,137,52.07),(66,172,52.60),(66,202,43.89),(66,265,40.65),(67,182,22.64),(67,272,34.34),(67,330,43.29),(69,113,47.42),(69,195,33.71),(69,348,19.51),(70,120,37.25),(70,130,25.93),(70,142,24.33),(70,221,20.52),(70,274,25.64),(70,303,47.63),(71,101,33.40),(71,153,30.01),(71,297,30.05),(71,366,20.95),(71,370,22.84),(73,135,24.83),(73,225,46.97),(73,227,34.23),(73,236,21.72),(73,274,42.68),(73,375,28.67),(74,199,30.27),(74,281,30.59),(74,289,49.29),(74,290,28.08),(74,308,46.43),(75,125,50.20),(75,264,30.14),(75,299,43.95),(77,101,50.51),(77,144,36.25),(77,277,48.91),(78,12,52.91),(78,120,52.10),(78,126,28.60),(78,161,47.78),(78,190,50.65),(78,284,43.45),(79,106,26.94),(79,264,35.17),(79,302,41.01),(79,368,38.51),(80,113,38.80),(80,149,39.29),(80,221,33.30),(80,337,47.74),(82,100,26.10),(82,157,49.18),(82,282,23.92),(82,284,52.53),(83,155,20.69),(83,167,21.25),(83,171,41.34),(83,242,32.74),(83,278,43.11),(83,357,25.17),(84,152,37.70),(84,240,47.54),(84,313,35.60),(86,108,42.62),(86,300,19.94),(86,312,29.26),(87,219,48.51),(87,236,25.07),(87,270,34.61),(87,308,23.92),(87,372,43.82),(88,129,48.95),(88,160,52.10),(88,178,53.40),(88,191,31.99),(88,243,19.68),(88,263,46.50),(89,185,33.24),(89,247,47.44),(89,350,38.33),(89,352,39.87),(89,363,30.06),(90,10,28.99),(90,183,36.68),(90,223,46.01),(90,320,49.01),(91,159,44.57),(91,167,42.03),(91,185,53.11),(91,189,44.07),(91,257,27.04),(91,366,23.93),(92,174,49.86),(92,237,43.49),(92,275,50.60),(93,164,26.01),(93,254,40.02),(93,259,28.37),(95,105,26.10),(95,107,52.39),(95,243,41.24),(95,253,37.28),(95,356,50.00),(95,370,24.35),(96,117,34.73),(96,229,34.51),(96,231,41.80),(96,245,40.16),(96,262,46.67),(96,266,47.66),(99,112,52.66),(99,119,23.47),(99,153,36.43),(99,172,25.17),(99,334,29.99),(99,350,47.73),(100,118,45.97),(100,154,23.47),(100,299,39.13),(100,370,43.08),(101,184,40.32),(101,214,43.84),(101,236,25.53),(101,344,40.10),(101,372,24.17),(102,165,30.12),(102,171,46.86),(102,182,41.02),(102,195,23.08),(102,244,21.62),(102,317,22.24),(103,12,31.67),(103,159,40.30),(103,170,21.35),(103,312,51.31),(103,340,52.56),(103,342,52.49),(104,138,22.16),(104,309,51.48),(104,310,21.39),(104,317,42.38),(106,118,30.80),(106,177,44.34),(106,221,46.25),(106,227,50.95),(106,320,52.15),(108,142,29.74),(108,233,26.77),(108,296,41.00),(108,350,26.86),(109,153,33.68),(109,161,24.43),(109,175,49.33),(109,232,38.81),(109,332,25.20),(110,144,22.32),(110,218,43.75),(110,303,53.74),(110,348,40.80),(111,121,44.40),(111,286,39.26),(111,298,50.24),(111,302,45.22),(111,345,28.99),(112,260,21.38),(112,282,36.45),(112,309,43.95),(113,186,48.04),(113,194,21.11),(113,356,40.88),(113,374,22.46),(113,375,26.96),(113,376,52.47),(114,178,44.05),(114,259,49.22),(114,346,44.13),(114,355,49.33),(114,368,36.14),(114,376,37.46),(115,140,50.57),(115,149,26.09),(115,368,36.57),(118,147,45.36),(118,188,25.56),(118,261,27.73),(118,272,53.55),(118,294,53.15),(118,315,30.06),(119,153,44.64),(119,356,38.47),(119,363,21.19),(119,371,27.82),(120,173,52.42),(120,314,47.68),(120,338,45.88),(120,369,41.81),(122,13,25.26),(122,139,49.98),(122,253,20.92),(122,306,41.80),(122,307,40.07),(122,320,35.40),(123,158,46.02),(123,167,44.69),(123,271,46.82),(123,299,35.65),(123,326,21.17),(124,123,36.47),(124,163,39.93),(124,361,24.73),(125,151,32.20),(125,236,38.43),(125,349,37.29),(125,362,26.30),(126,132,53.15),(126,172,39.52),(126,186,20.35),(126,269,20.95),(126,331,29.41),(126,357,34.20),(128,137,33.16),(128,243,33.05),(128,313,47.65),(128,358,37.69),(129,125,24.33),(129,166,33.39),(129,171,46.41),(130,12,46.35),(130,112,33.19),(130,143,25.98),(130,227,29.80),(131,205,44.53),(131,225,27.94),(131,229,50.47),(131,294,35.03),(131,362,23.41),(131,373,52.24),(134,219,34.96),(134,233,30.69),(134,248,42.08),(134,296,43.20),(135,194,34.07),(135,203,51.47),(135,206,43.19),(135,214,30.05),(135,372,29.14),(135,374,42.54),(138,182,22.08),(138,209,53.68),(138,304,32.06),(138,366,40.77),(138,375,35.37),(139,150,33.37),(139,173,31.13),(139,187,44.26),(139,258,19.07),(139,344,42.47),(139,346,34.63),(140,200,39.80),(140,253,26.49),(140,258,30.55),(140,274,49.33),(144,191,35.56),(144,296,36.78),(144,331,33.53),(144,346,48.45),(144,360,46.58),(145,151,27.94),(145,167,35.05),(145,215,37.45),(145,268,28.10),(146,146,51.02),(146,158,28.64),(146,162,45.17),(146,307,53.80),(147,205,29.68),(147,215,42.82),(147,254,27.77),(147,334,26.40),(148,132,26.16),(148,296,45.79),(148,306,26.45),(150,109,33.29),(150,140,35.88),(150,175,45.12),(150,260,39.80),(151,185,32.43),(151,189,40.90),(151,314,31.44),(153,105,41.23),(153,151,29.50),(153,213,28.14),(153,304,48.89),(153,311,22.75),(153,341,31.76),(156,119,27.00),(156,122,49.19),(156,142,47.65),(156,158,32.53),(156,286,43.84),(156,299,35.72),(159,146,48.31),(159,199,49.11),(159,231,36.52),(159,240,21.93),(159,278,24.03),(159,354,21.53),(161,149,46.28),(161,189,26.31),(161,197,28.50),(163,133,43.99),(163,149,39.51),(163,186,49.25),(163,213,25.35),(163,268,46.58),(163,328,42.15),(164,190,24.95),(164,215,26.35),(164,323,52.60),(164,349,26.71),(164,363,25.89),(165,178,39.35),(165,185,47.05),(165,202,29.82),(165,324,37.65),(166,101,47.73),(166,184,30.24),(166,206,47.30),(166,281,38.49),(166,322,48.73),(166,335,51.74),(168,119,44.13),(168,155,40.93),(168,173,44.64),(168,374,46.41),(169,154,40.32),(169,230,19.15),(169,274,44.59),(169,292,31.21),(169,310,50.18),(169,346,48.84),(170,123,33.96),(170,179,46.76),(170,202,48.10),(170,324,24.16),(170,341,34.92),(173,172,20.05),(173,190,42.93),(173,226,36.56),(173,371,21.35),(173,375,26.57),(175,213,20.32),(175,223,21.01),(175,262,46.61),(175,282,52.86),(175,334,19.56),(177,115,30.55),(177,204,42.25),(177,206,39.40),(177,302,53.84),(177,320,30.61),(177,345,38.21),(178,163,37.44),(178,333,37.65),(178,337,28.47),(178,352,47.79),(179,187,36.48),(179,194,46.63),(179,236,37.26),(179,242,27.26),(179,263,19.56),(179,331,38.61),(181,140,26.35),(181,155,34.07),(181,207,37.44),(181,359,24.61),(181,370,45.53),(182,188,38.50),(182,215,21.34),(182,216,26.08),(182,250,42.18),(182,284,34.26),(182,337,39.06),(183,117,37.59),(183,208,35.46),(183,295,49.14),(183,314,20.14),(183,315,22.18),(183,368,25.60),(184,175,22.16),(184,219,29.41),(184,284,36.98),(184,321,52.12),(185,205,23.23),(185,253,45.75),(185,336,29.89),(186,142,32.01),(186,178,50.70),(186,188,43.13),(186,195,43.08),(186,216,46.81),(186,344,49.03),(187,230,23.55),(187,246,52.09),(187,304,27.23),(190,119,35.05),(190,138,43.83),(190,155,22.89),(190,270,47.59),(190,278,24.54),(191,133,28.45),(191,254,29.62),(191,273,50.82),(191,281,40.80),(191,308,30.62),(191,318,41.69),(192,197,52.90),(192,245,40.50),(192,317,25.59),(192,328,20.26),(193,128,20.28),(193,233,49.25),(193,374,44.40),(195,117,30.94),(195,120,24.81),(195,253,24.62),(195,281,31.52),(195,284,49.67),(195,293,44.54),(196,249,42.65),(196,306,53.55),(196,348,26.10),(196,356,21.05),(199,148,37.15),(199,251,51.37),(199,271,27.58),(199,360,34.78),(199,371,23.43),(200,107,43.52),(200,179,49.37),(200,254,32.75),(200,306,24.59),(200,335,40.05),(200,358,43.46),(201,186,38.75),(201,252,34.36),(201,303,34.40),(201,319,36.53),(201,333,25.60),(201,344,41.20),(202,172,48.67),(202,263,22.18),(202,366,40.84),(203,161,30.64),(203,183,52.41),(203,218,50.18),(203,284,47.03),(203,343,38.28),(204,130,33.51),(204,172,47.81),(204,234,23.39),(204,243,39.93),(204,289,24.54),(204,304,45.13),(205,256,43.72),(205,289,52.30),(205,323,33.49),(206,144,32.04),(206,170,20.59),(206,261,28.53),(206,300,30.54),(206,352,22.83),(207,110,38.85),(207,194,50.90),(207,325,19.13),(207,335,39.03),(207,360,30.08),(208,123,34.89),(208,290,37.55),(208,302,29.07),(209,111,45.47),(209,230,45.88),(209,349,19.15),(210,103,28.54),(210,123,44.62),(210,294,46.85),(210,315,24.83),(211,112,40.20),(211,196,51.10),(211,215,24.38),(211,219,22.22),(211,281,45.90),(211,344,36.26),(212,103,49.33),(212,150,21.48),(212,160,22.06),(212,183,27.09),(212,254,48.52),(212,257,37.32),(213,177,23.85),(213,194,20.11),(213,288,39.02),(213,301,39.91),(214,192,44.36),(214,236,37.59),(214,264,39.91),(214,317,20.10),(214,338,49.23),(214,342,47.66),(216,170,23.52),(216,305,22.28),(216,314,37.11),(218,208,32.87),(218,211,44.52),(218,226,46.38),(218,304,29.44),(218,316,49.18),(218,343,32.80),(219,103,25.51),(219,126,45.94),(219,149,29.19),(219,235,44.20),(219,293,24.11),(221,158,38.96),(221,237,36.98),(221,340,53.98),(222,139,44.89),(222,147,47.91),(222,207,21.60),(222,251,40.85),(222,325,50.86),(224,265,42.40),(224,297,35.59),(224,316,51.24),(224,368,38.84),(226,300,28.33),(226,335,22.03),(226,354,32.48),(226,371,25.20),(227,132,31.51),(227,337,31.07),(227,357,35.74),(229,142,27.43),(229,166,35.56),(229,183,53.59),(229,286,41.70),(229,329,27.37),(230,105,50.59),(230,167,34.59),(230,185,48.67),(230,267,35.09),(233,209,22.84),(233,249,47.63),(233,367,45.64),(234,134,50.42),(234,150,35.38),(234,194,40.64),(234,232,41.17),(234,270,35.58),(235,148,26.16),(235,264,51.69),(235,269,36.10),(236,149,21.12),(236,154,28.44),(236,199,19.85),(236,220,24.83),(236,322,42.72),(236,350,40.74),(239,192,28.96),(239,218,42.85),(239,221,20.32),(239,239,20.88),(239,263,24.44),(239,278,32.24),(241,187,26.84),(241,203,22.18),(241,236,27.89),(241,370,53.90),(242,216,35.41),(242,269,46.35),(242,273,48.90),(242,291,51.70),(242,312,24.54),(242,365,36.52),(243,118,42.85),(243,149,45.63),(243,159,39.15),(243,208,36.76),(243,270,23.34),(244,126,37.85),(244,143,20.14),(244,280,23.95),(244,362,22.20),(245,134,27.37),(245,303,39.45),(245,339,26.14),(246,102,32.29),(246,159,29.83),(246,298,22.13),(246,316,37.54),(246,320,39.69),(246,341,53.04),(248,130,22.96),(248,175,24.97),(248,328,20.92),(248,340,44.69),(248,342,36.96),(249,143,39.93),(249,168,33.79),(249,317,38.54),(249,342,35.46),(249,357,25.06),(250,105,29.62),(250,113,42.15),(250,158,40.64),(250,203,32.90),(250,278,51.54),(251,175,53.71),(251,193,32.84),(251,260,22.74),(251,324,53.83),(251,360,49.96),(251,372,46.02),(252,120,36.78),(252,200,52.08),(252,325,26.06),(253,186,35.93),(253,195,26.36),(253,199,33.13),(253,208,51.77),(253,243,22.24),(253,261,36.81),(254,106,36.84),(254,287,43.62),(254,301,19.09),(255,12,26.81),(255,135,20.38),(255,139,24.39),(255,153,22.51),(255,350,50.37),(256,108,49.38),(256,113,38.23),(256,115,41.08),(256,313,48.91),(256,355,40.87),(257,141,43.63),(257,164,42.71),(257,256,44.24),(257,335,39.07),(259,12,25.02),(259,116,33.59),(259,313,38.87),(259,343,35.84),(260,100,43.31),(260,255,24.35),(260,298,42.79),(260,312,51.94),(261,115,39.91),(261,238,36.02),(261,274,40.41),(261,331,49.00),(262,101,33.88),(262,105,53.19),(262,157,37.65),(262,318,34.77),(262,349,44.70),(263,141,21.75),(263,142,53.07),(263,179,46.75),(263,242,44.50),(263,243,28.28),(263,299,25.99),(264,227,25.38),(264,252,53.65),(264,255,27.97),(264,257,45.72),(264,295,40.46),(264,334,37.22),(265,188,31.02),(265,215,19.11),(265,360,50.66),(266,111,30.65),(266,158,52.41),(266,186,46.09),(267,151,29.08),(267,218,21.92),(267,244,21.91),(267,289,48.67),(267,311,43.85),(267,363,25.63),(268,103,46.35),(268,287,42.11),(268,293,25.06),(269,261,53.78),(269,293,52.77),(269,367,48.50),(270,146,36.99),(270,176,43.08),(270,252,50.56),(270,271,34.56),(270,362,48.61),(271,157,21.72),(271,187,20.94),(271,199,41.92),(271,235,22.95),(271,320,32.96),(272,140,32.74),(272,166,53.13),(272,290,20.32),(272,334,36.30),(272,350,36.45),(273,116,47.26),(273,132,22.86),(273,154,20.11),(273,263,39.04),(273,272,26.96),(273,357,34.44),(274,103,53.02),(274,170,28.34),(274,225,34.87),(274,266,35.13),(274,361,35.32),(275,105,51.97),(275,116,46.92),(275,145,33.78),(275,176,29.64),(275,367,24.71),(276,116,20.08),(276,239,38.57),(276,336,30.56),(276,353,28.61),(277,137,53.16),(277,183,41.09),(277,293,53.51),(277,369,19.08),(278,113,30.59),(278,176,32.57),(278,222,22.79),(278,294,47.57),(278,347,50.79),(278,349,45.46),(279,299,20.81),(279,356,20.40),(279,360,48.20),(280,100,42.49),(280,298,24.42),(280,324,34.18),(280,338,53.09),(281,108,26.47),(281,160,51.17),(281,171,52.43),(281,189,19.66),(281,244,32.40),(283,113,45.00),(283,133,30.64),(283,163,30.28),(283,226,29.93),(283,307,45.37),(283,312,47.03),(284,156,51.29),(284,166,21.05),(284,296,46.65),(284,366,34.30),(285,124,35.38),(285,198,25.00),(285,217,33.55),(285,255,34.89),(285,302,45.45),(286,119,52.59),(286,156,39.50),(286,211,42.46),(286,307,39.79),(288,165,27.28),(288,205,24.18),(288,294,44.84),(288,311,48.21),(288,316,19.29),(288,369,33.08),(289,136,50.25),(289,255,20.90),(289,368,39.74),(290,305,36.57),(290,331,33.54),(290,343,30.53),(290,356,43.43),(291,181,53.31),(291,280,25.14),(291,282,26.25),(291,357,26.81),(292,135,34.42),(292,188,38.69),(292,194,52.22),(292,260,21.01),(292,271,52.41),(293,108,45.18),(293,243,43.27),(293,286,31.20),(293,312,26.81),(293,334,30.61),(293,365,20.26),(296,196,19.46),(296,202,22.40),(296,228,51.79),(296,273,31.16),(296,279,34.60),(298,151,45.02),(298,272,47.30),(298,359,29.21),(299,149,33.22),(299,192,19.13),(299,260,42.32),(299,297,49.97),(299,351,26.02),(299,376,32.20),(300,117,38.78),(300,145,27.72),(300,258,33.57),(300,307,42.85),(300,363,32.51),(301,127,39.25),(301,163,32.53),(301,192,30.36),(301,213,52.58),(301,308,47.94),(301,360,33.42),(302,185,52.06),(302,214,47.53),(302,244,49.50),(302,348,50.91),(303,268,40.13),(303,326,40.04),(303,371,42.88),(305,109,52.02),(305,260,22.06),(305,318,34.91),(306,248,48.11),(306,278,42.58),(306,313,22.08),(306,324,33.67),(306,329,50.53),(307,231,47.35),(307,262,25.51),(307,303,27.54),(307,319,51.31),(307,343,24.61),(307,346,44.84),(308,258,53.18),(308,271,24.62),(308,350,40.63),(309,188,43.94),(309,206,50.16),(309,269,47.19),(310,117,29.04),(310,152,19.61),(310,203,23.86),(310,256,31.82),(310,270,23.76),(310,349,48.64),(311,142,45.65),(311,163,23.70),(311,189,21.12),(311,197,20.96),(311,260,20.62),(311,325,36.14),(312,114,37.10),(312,120,21.75),(312,163,31.26),(312,286,40.88),(313,149,32.85),(313,165,20.11),(313,182,21.39),(313,220,43.39),(313,230,19.95),(313,339,27.63),(314,248,29.61),(314,301,37.68),(314,341,51.02),(315,130,53.64),(315,189,48.23),(315,223,38.57),(315,249,36.47),(316,172,51.13),(316,185,38.17),(316,189,52.12),(316,276,40.24),(316,342,53.20),(317,100,49.91),(317,257,29.22),(317,319,37.87),(317,328,20.65),(317,333,19.03),(317,352,49.06),(318,265,53.34),(318,300,38.38),(318,323,29.48),(318,351,49.47),(319,107,51.83),(319,273,25.35),(319,303,24.93),(319,343,41.27),(320,179,34.60),(320,265,53.77),(320,285,41.82),(320,316,46.01),(320,330,28.76),(320,360,40.76),(321,165,51.48),(321,283,51.72),(321,367,48.24),(321,368,32.73),(321,374,27.71),(322,136,53.40),(322,145,31.62),(322,227,38.99),(322,251,26.48),(322,345,48.14),(323,107,45.10),(323,169,27.11),(323,202,42.74),(323,247,19.58),(323,248,44.87),(323,328,24.42),(324,10,38.57),(324,216,33.75),(324,288,38.76),(325,131,48.01),(325,190,40.20),(325,212,39.14),(325,294,30.48),(325,297,21.32),(325,333,24.37),(326,114,28.42),(326,134,46.66),(326,274,26.96),(326,351,23.05),(327,118,41.97),(327,245,38.82),(327,295,22.75),(329,184,48.57),(329,185,24.02),(329,264,50.85),(329,266,51.75),(329,338,22.37),(330,197,39.14),(330,299,21.78),(330,314,41.38),(330,366,40.25),(330,369,34.12),(330,370,35.45),(331,12,30.71),(331,279,53.92),(331,317,53.47),(331,333,26.87),(332,129,20.73),(332,194,37.75),(332,331,41.38),(333,102,25.22),(333,123,34.95),(333,177,53.84),(333,258,48.07),(333,302,34.53),(333,336,27.13),(334,101,22.18),(334,102,53.01),(334,122,24.64),(334,249,27.33),(335,10,31.07),(335,109,36.43),(335,193,38.82),(335,243,33.31),(336,173,41.32),(336,248,38.87),(336,279,29.46),(336,301,51.95),(336,310,41.48),(337,145,29.29),(337,167,26.61),(337,169,28.28),(337,178,26.20),(337,239,33.61),(337,317,32.18),(338,104,47.92),(338,133,19.25),(338,176,45.58),(338,299,38.46),(338,331,31.71),(338,374,23.49),(339,117,31.42),(339,196,42.89),(339,222,44.89),(339,337,39.69),(339,358,50.19),(341,222,42.64),(341,230,53.76),(341,335,51.87),(341,368,35.14),(342,103,22.89),(342,189,19.80),(342,247,20.69),(342,358,48.26),(346,205,25.29),(346,321,52.08),(346,341,25.52),(347,121,43.43),(347,129,43.45),(347,240,29.41),(347,287,50.46),(347,301,46.69),(347,306,32.96),(348,126,53.34),(348,247,46.93),(348,274,52.58),(348,284,36.36),(348,328,22.93),(348,344,24.83),(349,190,51.31),(349,222,47.55),(349,299,26.02),(349,301,39.79),(349,311,42.59),(351,108,39.93),(351,111,28.66),(351,130,29.72),(351,142,48.32),(351,146,31.53),(351,258,43.62),(352,114,50.11),(352,219,52.23),(352,252,39.84),(353,215,40.85),(353,297,32.48),(353,321,24.54),(353,346,26.22),(353,366,25.02),(354,101,44.66),(354,111,33.84),(354,121,45.12),(354,191,23.37),(354,361,48.65),(355,102,34.88),(355,119,45.35),(355,155,29.35),(355,173,47.80),(355,176,47.54),(358,144,35.80),(358,189,23.49),(358,195,21.04),(358,299,29.10),(358,335,52.29),(358,348,33.88),(360,156,19.27),(360,204,25.65),(360,234,19.03),(360,286,40.17),(360,324,24.06),(361,202,26.96),(361,236,40.91),(361,290,40.74),(364,115,45.97),(364,116,29.04),(364,117,23.29),(364,137,45.32),(364,329,32.72),(364,354,43.63),(365,118,43.23),(365,234,48.30),(365,281,48.43),(365,355,46.36),(365,376,31.50),(366,249,43.84),(366,315,52.79),(366,323,44.24),(367,121,39.46),(367,166,26.41),(367,224,52.68),(367,306,24.98),(367,355,26.68),(368,150,51.54),(368,168,19.44),(368,172,53.77),(368,258,41.80),(368,266,21.87),(368,309,22.08),(370,143,32.72),(370,249,29.74),(370,301,22.16),(370,313,32.36),(370,365,28.18),(371,150,21.15),(371,194,27.57),(371,276,48.48),(371,296,45.28),(371,339,43.40),(371,369,42.20),(372,124,28.02),(372,194,44.62),(372,270,29.78),(372,334,29.18),(372,341,33.57),(373,156,37.81),(373,171,36.00),(373,208,32.96),(373,235,36.15),(373,376,48.31),(374,108,46.29),(374,206,38.02),(374,210,39.18),(374,279,53.59),(375,12,30.16),(375,113,19.85),(375,170,37.26),(375,336,28.37),(375,342,41.79),(376,103,48.35),(376,171,35.88),(376,296,27.30),(376,376,34.71),(377,113,36.35),(377,214,23.63),(377,286,30.33),(378,133,46.91),(378,171,38.52),(378,293,36.29),(378,336,36.67),(379,110,45.29),(379,137,49.06),(379,166,45.54),(379,218,42.29),(379,254,37.86),(379,285,33.66),(380,100,25.09),(380,140,26.95),(380,243,19.93),(380,280,20.28),(380,349,34.77),(381,119,51.63),(381,170,39.00),(381,271,30.38),(381,337,51.53),(381,367,29.83),(382,131,36.46),(382,182,21.13),(382,192,29.92),(383,208,40.37),(383,239,31.70),(383,247,53.37),(383,307,47.74),(383,309,38.72),(383,312,24.62),(384,111,28.17),(384,118,50.04),(384,320,36.84),(384,334,53.46),(384,358,35.91),(386,115,24.94),(386,264,43.27),(386,310,22.28),(386,321,36.99),(386,350,52.56),(387,225,41.15),(387,337,27.13),(387,338,36.83),(388,143,40.60),(388,148,52.37),(388,183,22.34),(388,224,46.99),(388,253,38.50),(389,125,30.85),(389,130,50.05),(389,188,26.84),(389,224,40.07),(389,226,48.37),(389,308,30.34),(390,110,25.45),(390,175,31.67),(390,213,49.14),(390,312,26.67),(390,324,53.41),(391,12,28.76),(391,111,50.27),(391,204,35.42),(391,206,52.11),(391,344,41.05),(392,167,22.15),(392,187,24.48),(392,232,36.95),(392,287,34.10),(392,289,43.11),(393,110,34.81),(393,119,40.15),(393,155,24.05),(393,277,53.63),(393,280,20.85),(393,353,22.50),(394,103,48.12),(394,146,24.38),(394,203,53.83),(394,283,53.26),(394,331,43.43),(395,252,25.26),(395,285,37.80),(395,307,28.88),(398,12,28.99),(398,143,36.51),(398,173,53.15),(400,149,46.96),(400,322,50.36),(400,332,50.28),(400,368,29.73),(401,105,43.76),(401,114,24.17),(401,172,44.92),(401,227,21.15),(401,240,37.09),(401,366,25.47),(403,141,26.07),(403,237,23.29),(403,280,33.34),(403,288,41.47),(403,320,49.08),(403,324,35.46),(404,258,36.78),(404,277,41.51),(404,300,22.06),(404,354,28.72),(405,126,29.22),(405,282,22.78),(405,287,46.89),(406,120,40.24),(406,152,50.52),(406,165,50.98),(406,172,44.10),(406,316,51.49),(406,330,38.14),(407,148,27.77),(407,290,52.85),(407,376,25.83),(408,10,41.84),(408,275,29.91),(408,278,43.88),(408,293,39.85),(408,373,37.11),(409,107,32.01),(409,196,34.02),(409,212,43.81),(410,104,33.64),(410,112,47.11),(410,180,37.45),(410,230,47.42),(410,297,48.55),(410,326,26.00),(411,183,29.74),(411,198,49.55),(411,213,40.31),(411,219,33.94),(411,269,27.90),(412,127,47.85),(412,225,22.92),(412,318,48.07),(412,325,21.39),(412,376,19.21),(413,125,20.26),(413,190,50.94),(413,203,25.15),(413,267,34.50),(413,326,22.68),(413,361,25.93),(414,107,51.05),(414,138,38.16),(414,170,24.48),(414,350,42.70),(415,228,23.97),(415,305,53.73),(415,356,42.92),(416,201,37.39),(416,208,27.30),(416,303,40.32),(417,102,42.47),(417,168,26.69),(417,274,22.05),(417,316,46.16),(417,346,20.56),(418,178,40.50),(418,222,22.70),(418,316,42.90),(418,361,40.00),(420,120,26.09),(420,138,46.39),(420,166,42.27),(420,231,53.86),(420,273,39.24),(420,354,50.62),(421,142,27.10),(421,174,31.10),(421,281,33.28),(421,359,36.68),(422,117,34.56),(422,163,36.51),(422,236,24.87),(422,238,23.97),(422,292,39.10),(423,187,21.87),(423,279,31.52),(423,312,25.15),(423,321,36.49),(423,355,47.19),(424,182,51.64),(424,192,46.50),(424,219,29.69),(425,156,33.05),(425,175,51.58),(425,240,20.36),(425,246,50.19),(426,13,28.68),(426,128,50.79),(426,143,40.00),(426,183,43.01),(426,236,51.95),(426,261,44.07),(427,133,38.67),(427,224,40.88),(427,252,51.71),(429,294,28.21),(429,359,53.60),(429,373,45.44),(430,177,46.54),(430,218,35.31),(430,228,33.83),(430,231,48.29),(431,174,48.39),(431,177,20.95),(431,306,45.55),(431,335,40.93),(432,121,35.68),(432,247,52.07),(432,346,29.33),(433,183,44.97),(433,237,35.25),(433,238,37.43),(433,285,30.08),(435,13,37.09),(435,146,31.39),(435,193,35.35),(435,247,37.29),(435,288,45.29),(436,167,37.20),(436,177,34.73),(436,184,27.49),(436,209,27.78),(436,273,39.57),(436,320,43.32),(437,102,40.93),(437,148,22.81),(437,232,50.04),(437,311,38.38),(439,195,21.31),(439,217,30.09),(439,357,47.12),(440,13,40.68),(440,184,25.31),(440,311,38.48),(441,104,49.00),(441,167,45.79),(441,240,53.64),(443,105,33.22),(443,137,39.87),(443,165,27.25),(443,168,45.70),(443,334,33.80),(444,118,29.55),(444,130,36.63),(444,307,40.49),(444,344,38.54),(445,218,47.68),(445,226,44.52),(445,315,40.05),(447,10,31.36),(447,149,31.75),(447,217,36.87),(447,348,44.54),(447,352,29.12),(448,174,19.41),(448,202,51.11),(448,321,20.65),(449,212,25.91),(449,244,42.40),(449,303,41.82),(449,306,23.20),(449,357,22.90),(450,184,35.86),(450,228,35.04),(450,235,23.80),(450,249,46.25),(450,302,29.58),(451,107,47.70),(451,191,22.41),(451,202,33.54),(451,291,23.95),(451,340,34.70),(451,372,32.36),(453,10,20.02),(453,129,39.65),(453,224,41.41),(453,254,26.14),(454,136,21.54),(454,150,20.49),(454,231,27.97),(454,322,41.82),(454,372,24.40),(459,13,21.05),(459,108,53.33),(459,120,39.04),(459,138,49.00),(459,193,51.22),(459,272,22.87),(460,150,31.31),(460,158,51.77),(460,336,52.25),(461,202,33.42),(461,214,48.22),(461,331,37.99),(461,356,38.45),(462,151,43.73),(462,207,39.85),(462,237,48.17),(462,266,40.05),(462,300,25.67),(462,351,35.72),(463,108,44.11),(463,193,43.04),(463,245,39.02),(463,330,37.43),(464,125,33.53),(464,159,40.46),(464,222,23.16),(464,247,24.40),(464,341,24.13),(466,148,27.09),(466,247,52.15),(466,270,20.50),(466,347,32.03),(467,129,22.32),(467,187,24.92),(467,241,50.18),(467,314,37.48),(468,121,46.02),(468,145,33.86),(468,162,45.67),(468,275,36.27),(468,305,39.29),(468,376,25.33),(469,147,43.94),(469,203,46.16),(469,291,20.31),(469,294,27.23),(471,166,25.66),(471,255,39.68),(471,261,23.99),(471,299,32.40),(471,366,38.73),(472,101,46.56),(472,121,22.87),(472,190,19.40),(472,217,39.75),(472,308,44.39),(473,111,35.20),(473,299,39.98),(473,329,36.04),(473,332,49.78),(473,341,41.99),(473,351,48.87),(474,118,32.43),(474,172,26.15),(474,336,39.00),(475,139,49.51),(475,176,21.74),(475,337,36.73),(476,10,23.79),(476,157,46.24),(476,186,38.55),(476,238,41.99),(476,247,32.26),(476,285,48.32),(477,190,39.24),(477,198,28.96),(477,209,20.30),(477,295,40.52),(478,124,53.09),(478,128,26.53),(478,149,32.04),(478,234,26.64),(478,325,24.37),(480,150,26.18),(480,169,37.14),(480,185,37.15),(480,226,46.75),(480,262,26.52),(480,289,35.86),(481,153,29.21),(481,323,41.14),(481,349,29.16),(482,222,43.15),(482,230,45.11),(482,234,42.67),(482,309,24.03),(483,123,47.74),(483,181,53.62),(483,212,35.90),(483,288,32.03),(483,324,46.47),(483,340,34.64),(484,105,28.12),(484,129,47.53),(484,154,49.01),(484,234,51.84),(485,157,43.44),(485,171,19.95),(485,206,34.48),(485,254,51.61),(485,354,38.76),(486,137,21.60),(486,183,33.66),(486,202,32.07),(486,203,41.55),(486,350,42.32),(486,365,47.33),(487,192,43.52),(487,194,48.60),(487,202,28.66),(487,254,52.69),(487,284,41.25),(487,355,36.25),(488,155,25.02),(488,178,21.70),(488,207,39.31),(488,368,23.15),(489,108,51.59),(489,123,39.71),(489,153,42.70),(489,240,42.09),(489,301,34.95),(489,355,26.22),(491,252,40.03),(491,293,22.01),(491,358,32.22),(492,115,20.00),(492,139,35.51),(492,192,44.49),(492,250,38.45),(492,252,39.79),(494,123,32.02),(494,167,41.21),(494,169,21.67),(494,180,24.64),(494,273,35.73),(496,104,30.24),(496,236,41.80),(496,239,41.59),(496,273,37.38),(496,285,41.79),(497,189,19.34),(497,288,49.38),(497,296,34.96),(497,321,42.64),(497,366,19.76),(498,113,29.77),(498,121,24.07),(498,126,41.02),(498,194,35.52),(498,230,43.20),(498,303,21.52),(500,100,36.26),(500,119,26.89),(500,147,28.30),(500,275,41.86),(500,298,35.37),(500,339,32.27),(502,176,33.08),(502,185,26.42),(502,188,25.42),(502,214,38.33),(502,255,23.25),(503,159,37.12),(503,163,26.84),(503,260,39.76),(503,296,51.09),(503,375,26.03),(505,184,46.93),(505,187,44.58),(505,236,46.93),(505,239,23.69),(505,248,39.85),(505,336,39.45),(508,107,37.28),(508,211,45.02),(508,319,32.32),(509,136,24.50),(509,156,48.53),(509,157,28.20),(509,255,35.10),(509,271,36.76),(510,105,33.26),(510,134,47.96),(510,154,33.35),(510,195,50.77),(510,255,26.31),(511,110,46.00),(511,137,51.84),(511,250,23.38),(511,265,47.38),(511,307,42.76),(511,333,52.66),(512,145,29.38),(512,173,50.82),(512,200,26.17),(513,146,46.86),(513,269,34.31),(513,324,46.99),(514,294,42.62),(514,312,21.03),(514,334,52.94),(514,361,35.29),(515,119,49.08),(515,153,24.62),(515,271,46.13),(515,336,29.40),(515,345,48.42),(516,196,21.53),(516,202,31.88),(516,205,28.03),(517,108,49.54),(517,134,20.62),(517,153,37.59),(517,188,24.13),(517,320,39.80),(517,323,45.95),(519,132,24.98),(519,137,28.76),(519,202,19.64),(519,204,44.94),(519,212,39.25),(519,345,48.33),(520,111,35.14),(520,166,41.83),(520,244,49.73),(520,272,22.44),(520,315,38.29),(521,139,26.40),(521,147,32.78),(521,299,34.05),(521,336,19.77),(521,371,42.75),(522,100,27.23),(522,197,43.27),(522,218,49.43),(522,275,37.13),(522,286,49.97),(523,109,35.14),(523,194,29.60),(523,202,23.80),(524,113,22.60),(524,222,48.10),(524,245,46.64),(524,275,41.41),(524,294,43.04),(524,340,27.27),(525,131,52.58),(525,188,46.93),(525,265,23.80),(525,277,33.11),(527,199,49.30),(527,266,29.54),(527,318,30.98),(527,337,50.79),(527,354,41.35),(529,104,32.20),(529,106,27.67),(529,164,49.78),(529,212,28.58),(529,330,30.91),(530,107,35.97),(530,156,21.71),(530,189,39.77),(530,200,35.85),(530,215,52.02),(530,317,36.94),(533,182,21.14),(533,325,37.32),(533,345,51.95),(533,352,23.25),(534,160,25.14),(534,195,36.18),(534,297,33.17),(534,360,45.59),(535,116,26.02),(535,207,38.38),(535,299,49.37),(535,327,30.94),(535,349,20.57),(536,101,45.84),(536,315,43.93),(536,349,47.09),(536,376,24.38),(537,119,22.27),(537,199,22.06),(537,239,45.12),(537,344,26.19),(540,146,52.77),(540,228,49.93),(540,233,47.63),(540,245,21.40),(540,279,25.08),(540,307,53.08),(541,111,37.01),(541,112,27.24),(541,202,44.38),(541,210,21.88),(541,322,51.57),(544,138,27.90),(544,231,42.82),(544,326,27.04),(545,126,26.37),(545,228,35.36),(545,260,23.48),(545,270,43.71),(545,343,25.82),(547,105,25.78),(547,109,50.03),(547,125,39.94),(547,167,48.80),(547,238,31.62),(549,168,52.28),(549,191,45.60),(549,291,52.19),(549,318,35.15),(549,365,42.26),(550,237,43.88),(550,246,49.72),(550,285,42.69),(550,309,31.53),(550,317,24.49),(551,214,22.15),(551,286,33.88),(551,303,42.14),(551,328,40.13),(551,363,36.31),(551,366,25.12),(553,114,53.99),(553,219,39.10),(553,320,49.54),(553,358,35.61),(554,130,49.27),(554,263,37.18),(554,278,28.48),(554,283,42.96),(555,287,32.01),(555,307,42.55),(555,311,53.92),(555,338,48.39),(556,137,34.69),(556,159,52.50),(556,160,37.48),(556,193,22.01),(556,208,50.52),(556,249,24.51),(558,169,44.71),(558,185,39.52),(558,244,21.02),(558,272,52.53),(560,126,53.96),(560,170,53.15),(560,212,32.81),(560,240,26.00),(560,371,43.34),(561,218,25.43),(561,238,43.28),(561,252,52.80),(561,316,51.13),(561,343,29.62),(562,136,47.35),(562,194,46.54),(562,199,43.10),(562,243,19.48),(564,118,25.31),(564,179,46.17),(564,182,44.55),(564,201,25.86),(564,314,53.76),(564,317,50.57),(566,113,45.98),(566,156,43.46),(566,191,38.50),(566,232,43.09),(566,262,41.61),(567,166,20.71),(567,217,32.44),(567,273,46.04),(567,371,52.38),(568,127,20.60),(568,159,44.47),(568,249,48.18),(568,347,36.54),(571,286,21.18),(571,287,29.04),(571,314,37.86),(571,326,31.26),(571,336,43.31),(572,176,20.65),(572,217,51.15),(572,230,34.79),(573,113,32.84),(573,128,38.26),(573,286,29.99),(573,354,30.89),(573,372,47.32),(574,153,36.48),(574,177,36.58),(574,196,53.66),(574,197,42.47),(574,280,40.60),(575,115,46.30),(575,162,36.92),(575,185,23.67),(575,298,43.32),(575,320,39.38),(577,166,49.08),(577,172,31.44),(577,273,27.29),(577,336,39.54),(578,127,24.87),(578,162,34.13),(578,221,29.25),(578,276,40.80),(578,302,50.29),(578,324,40.56),(579,102,47.61),(579,272,35.96),(579,363,41.19),(580,151,42.86),(580,279,34.32),(580,314,50.38),(580,346,24.97),(581,141,40.44),(581,153,27.24),(581,214,40.61),(581,303,35.27),(581,326,43.25),(582,166,52.03),(582,327,26.28),(582,355,31.79),(583,129,21.11),(583,149,37.39),(583,162,41.91),(583,201,52.84),(583,222,34.62),(583,249,39.72),(584,229,32.07),(584,244,27.82),(584,258,52.68),(585,161,37.26),(585,163,20.81),(585,271,39.81),(585,283,33.27),(585,363,36.27),(585,373,27.92),(586,159,45.94),(586,174,43.63),(586,213,26.56),(586,285,35.92),(586,368,49.29),(587,151,33.87),(587,263,41.97),(587,279,21.37),(587,303,21.76),(587,312,50.07),(589,13,34.28),(589,212,27.03),(589,218,37.70),(589,233,22.35),(589,242,32.45),(589,364,30.12),(590,161,36.16),(590,275,53.69),(590,334,47.77),(591,135,23.98),(591,157,22.95),(591,174,21.21),(591,219,49.32),(591,337,47.58),(593,108,20.23),(593,152,43.08),(593,230,35.64),(593,275,37.07),(593,312,33.24),(593,364,26.70),(594,110,44.25),(594,303,40.57),(594,309,42.22),(594,366,51.11),(595,226,21.75),(595,242,40.34),(595,363,24.92),(595,371,37.93),(597,125,50.15),(597,133,52.52),(597,179,52.82),(601,13,48.33),(601,128,51.67),(601,174,34.12),(601,320,32.62),(602,223,38.92),(602,270,49.30),(602,336,40.76),(603,172,53.23),(603,215,42.01),(603,291,51.01),(603,325,31.37),(603,358,46.83),(604,127,46.90),(604,141,44.46),(604,145,27.71),(604,258,27.59),(604,310,34.16),(604,313,33.68),(606,107,34.66),(606,171,40.24),(606,206,43.25),(606,277,37.33),(606,353,33.80),(606,370,38.01),(608,206,30.49),(608,242,28.36),(608,293,47.91),(608,348,24.69),(609,13,42.22),(609,106,24.35),(609,294,49.73),(609,345,41.00),(610,213,36.94),(610,331,45.07),(610,369,25.54),(611,181,53.47),(611,222,53.84),(611,286,20.40),(611,352,33.18),(613,104,26.35),(613,229,49.15),(613,274,38.06),(613,371,43.47),(614,193,49.36),(614,210,21.72),(614,252,35.05),(614,305,30.09),(614,311,43.17),(616,129,46.05),(616,176,21.68),(616,207,22.20),(616,331,41.17),(616,335,49.46),(618,145,49.85),(618,220,23.66),(618,372,38.44),(619,12,25.35),(619,360,25.73),(619,365,27.33),(620,116,20.38),(620,241,31.98),(620,247,28.51),(620,306,38.91),(620,370,53.85),(621,120,43.72),(621,143,21.35),(621,153,26.98),(621,171,23.29),(621,271,48.69),(621,359,47.39),(623,123,40.49),(623,160,49.43),(623,367,50.88),(624,170,40.62),(624,257,48.38),(624,302,20.64),(624,307,31.16),(624,352,32.06),(625,127,34.82),(625,153,38.95),(625,179,32.77),(625,224,46.97),(625,307,38.24),(626,102,50.45),(626,171,33.63),(626,200,29.15),(626,275,40.79),(626,343,25.43),(627,125,30.33),(627,158,49.31),(627,183,24.86),(627,270,37.87),(627,328,47.96),(627,368,35.93),(628,119,42.74),(628,206,49.09),(628,213,24.64),(628,257,41.81),(628,370,26.95),(628,376,32.26),(629,207,25.47),(629,278,22.35),(629,322,37.49),(629,331,31.39),(630,128,51.83),(630,177,42.48),(630,324,37.90),(632,210,33.26),(632,282,49.81),(632,300,53.93),(632,374,32.84),(634,133,41.13),(634,180,39.04),(634,235,32.37),(634,346,45.03),(636,179,44.08),(636,193,26.88),(636,255,47.10),(636,304,50.75),(636,306,39.88),(637,197,26.76),(637,206,52.65),(637,217,46.40),(637,241,37.67),(637,348,29.99),(638,137,38.06),(638,152,42.98),(638,178,28.62),(638,207,31.69),(638,263,22.57),(638,268,23.20),(641,122,37.77),(641,191,36.64),(641,205,44.61),(641,253,27.48),(641,280,24.12),(641,300,40.09),(642,146,52.52),(642,244,32.37),(642,263,29.39),(642,365,50.42),(642,371,40.52),(643,147,30.29),(643,233,41.87),(643,277,48.52),(643,334,30.78),(643,341,27.98),(643,346,27.72),(646,150,25.95),(646,195,53.56),(646,312,36.38),(646,340,48.12),(647,139,26.23),(647,143,32.58),(647,308,38.19),(648,103,41.33),(648,187,33.04),(648,289,22.18),(648,371,27.80),(648,376,51.54),(649,106,35.00),(649,219,46.07),(649,259,47.12),(653,134,29.08),(653,148,23.77),(653,176,37.88),(655,13,43.44),(655,171,48.59),(655,288,42.79),(655,348,52.42),(657,183,53.01),(657,202,32.47),(657,291,19.33),(657,305,50.25),(657,306,24.52),(658,178,29.11),(658,184,19.20),(658,329,42.14),(659,106,51.45),(659,327,25.92),(659,342,25.85),(660,176,19.89),(660,240,35.31),(660,246,41.87),(660,249,44.51),(660,347,38.88),(661,136,36.20),(661,209,50.68),(661,288,22.43),(661,329,35.65),(662,118,38.06),(662,132,24.51),(662,270,25.88),(662,341,31.23),(665,219,35.51),(665,281,38.67),(666,155,40.79),(666,267,24.01),(666,281,31.96),(666,313,19.08),(666,372,43.84),(667,103,26.59),(667,153,21.49),(667,189,37.65),(667,216,24.22),(667,319,36.02),(667,337,46.31),(668,186,52.08),(668,267,48.07),(668,274,28.21),(668,307,36.06),(668,326,26.77),(669,106,20.71),(669,235,23.93),(669,256,37.88),(669,307,38.31),(669,346,20.70),(670,123,24.21),(670,261,34.47),(670,358,39.17),(670,370,34.19),(671,212,42.13),(671,283,32.57),(671,332,29.69),(672,138,37.75),(672,338,36.61),(672,365,24.90),(673,118,53.52),(673,135,49.58),(673,143,22.00),(673,147,35.13),(673,255,45.66),(673,334,24.03),(674,12,49.35),(674,182,32.51),(674,224,26.17),(674,233,40.25),(674,338,27.45),(675,10,34.67),(675,129,25.87),(676,189,38.28),(676,345,22.54),(676,350,48.88),(676,358,49.95),(677,207,41.30),(677,210,53.84),(677,301,25.97),(678,211,32.30),(678,232,50.18),(678,276,43.52),(678,288,35.05),(678,343,24.89),(678,363,53.95),(679,148,50.55),(679,319,49.12),(679,321,51.40),(679,349,51.35),(680,158,30.03),(680,228,46.15),(680,372,37.23),(682,113,48.47),(682,131,30.82),(682,166,52.68),(682,288,38.96),(682,300,32.05),(682,349,52.10),(683,107,50.53),(683,205,26.93),(683,249,34.06),(684,302,33.04),(684,315,28.92),(684,316,24.43),(685,110,37.15),(685,136,50.21),(685,202,51.80),(685,353,44.28),(686,13,36.56),(686,158,40.76),(686,227,24.30),(686,348,40.12),(687,208,20.65),(687,333,30.72),(687,343,26.36),(690,146,30.74),(690,251,43.40),(690,346,30.92),(690,366,22.92),(692,147,25.87),(692,160,19.86),(692,250,51.17),(692,253,24.47),(692,322,41.89),(693,135,47.93),(693,184,52.39),(693,243,51.73),(693,278,44.43),(693,353,49.89),(693,370,30.08),(694,111,35.86),(694,130,24.00),(694,247,48.05),(694,291,34.81),(694,367,46.80),(697,126,33.12),(697,148,30.04),(697,177,31.62),(697,212,26.65),(697,271,49.15),(697,316,50.68),(698,140,37.58),(698,205,39.84),(698,297,43.85),(698,323,33.71),(698,340,21.22),(698,358,52.99),(699,129,26.33),(699,178,48.20),(699,232,47.96),(699,251,50.19),(699,355,35.21),(700,108,19.24),(700,146,44.82),(700,157,43.30),(700,248,52.31),(702,150,53.46),(702,159,27.73),(702,229,22.06),(703,123,52.47),(703,132,27.65),(703,133,21.53),(703,176,50.61),(703,348,48.85),(703,375,36.25),(704,114,31.30),(704,117,19.56),(704,177,44.10),(704,205,42.79),(705,124,52.03),(705,125,23.42),(705,126,49.34),(705,225,30.88),(705,240,30.06),(706,112,42.20),(706,176,50.61),(706,341,40.61),(707,237,49.42),(707,257,19.59),(707,319,46.44),(707,348,34.17),(708,112,24.80),(708,299,43.00),(708,349,46.02),(709,241,35.39),(709,244,31.88),(709,280,37.01),(709,340,39.46),(709,355,46.92),(710,200,25.68),(710,308,51.48),(710,332,47.57),(710,350,24.13),(710,364,20.79),(711,151,28.80),(711,205,35.77),(711,208,21.96),(711,215,31.02),(711,225,38.47),(711,347,29.74),(712,160,35.73),(712,184,30.54),(712,285,39.03),(712,308,44.32),(712,321,45.68),(712,338,33.04),(713,104,41.03),(713,111,46.02),(713,279,50.97),(713,355,41.60),(715,142,32.03),(715,146,38.59),(715,156,20.18),(715,335,34.05),(715,370,47.36),(716,132,51.98),(716,224,50.16),(716,273,24.94),(717,124,19.73),(717,162,38.86),(717,170,29.73),(717,218,45.06),(717,301,49.47),(717,342,43.41),(718,177,47.98),(718,185,30.91),(718,331,52.10),(718,339,26.62),(718,354,51.66),(719,225,40.34),(719,237,25.32),(719,255,43.74),(719,260,19.42),(719,292,51.91),(719,351,36.75),(720,109,27.77),(720,141,45.15),(720,295,38.52),(720,361,50.45),(721,105,32.18),(721,115,28.88),(721,147,36.55),(721,180,36.16),(721,224,42.74),(721,333,20.28),(723,118,35.66),(723,121,43.97),(723,141,53.44),(723,158,28.88),(723,261,28.48),(723,273,33.99),(724,125,36.61),(724,172,50.68),(724,196,37.05),(724,258,28.67),(724,368,42.33),(725,144,24.72),(725,189,28.53),(725,211,45.92),(725,220,37.83),(725,249,49.48),(725,334,21.68),(726,125,31.49),(726,156,27.42),(726,246,21.18),(726,323,40.53),(727,10,34.15),(727,174,27.15),(727,186,41.09),(727,193,53.20),(727,237,49.31),(727,367,24.29),(728,153,41.09),(728,309,44.75),(729,204,30.60),(729,253,50.78),(729,265,33.10),(730,157,33.57),(730,170,45.65),(730,310,38.54),(731,205,48.96),(731,291,40.99),(731,345,39.08),(731,354,53.44),(731,372,25.94),(732,127,32.01),(732,165,51.97),(732,184,38.22),(732,197,46.69),(732,254,21.63),(732,280,26.40),(733,257,22.79),(733,271,31.61),(733,298,25.34),(733,303,21.07),(733,315,39.32),(735,129,49.60),(735,138,37.51),(735,140,35.19),(735,199,47.45),(735,212,53.43),(735,360,29.36),(736,179,39.28),(736,196,43.93),(736,268,40.21),(736,289,45.01),(737,107,50.13),(737,108,44.12),(737,299,20.44),(737,327,34.36),(738,104,34.71),(738,136,53.04),(738,255,36.35),(738,269,32.14),(738,350,24.90),(741,186,42.70),(741,277,27.09),(741,326,34.84),(742,206,32.35),(742,250,35.24),(742,299,37.01),(742,371,41.62),(743,105,43.66),(743,144,50.38),(743,204,24.72),(743,300,43.64),(743,359,31.97),(744,227,52.15),(744,247,20.20),(744,259,23.84),(744,323,46.74),(744,330,49.30),(744,331,46.78),(746,252,48.22),(746,287,34.47),(746,362,23.38),(749,238,47.97),(749,263,20.55),(749,265,20.11),(750,219,19.16),(750,229,24.63),(750,268,37.88),(750,364,42.93),(753,167,52.25),(753,224,27.27),(753,304,36.66),(753,375,37.35),(754,197,43.77),(754,260,53.28),(754,304,45.40),(754,321,41.70),(754,326,52.34),(755,208,29.99),(755,244,25.08),(755,258,23.64),(755,372,23.98),(756,140,40.33),(756,143,28.88),(756,219,26.45),(756,255,39.69),(756,337,34.70),(756,359,26.61),(757,127,32.50),(757,203,30.94),(757,270,33.25),(757,295,22.49),(757,335,19.45),(757,360,48.47),(758,128,26.64),(758,162,42.77),(758,231,51.81),(758,262,23.02),(758,367,20.15),(758,369,20.79),(759,119,44.01),(759,125,43.56),(759,199,45.74),(759,321,28.81),(759,348,28.06),(760,108,42.44),(760,129,46.30),(760,137,20.89),(760,295,51.58),(760,311,36.24),(761,180,31.22),(761,215,42.81),(761,232,38.09),(763,103,27.20),(763,109,41.46),(763,177,41.52),(763,347,37.01),(764,12,26.04),(764,226,40.28),(764,270,46.65),(764,362,33.18),(765,205,51.95),(765,223,30.50),(765,296,50.52),(765,319,44.24),(765,369,46.36),(766,110,38.39),(766,124,50.11),(766,152,46.37),(766,208,52.62),(767,135,39.20),(767,166,21.69),(767,218,26.03),(767,252,51.93),(767,302,37.99),(767,335,38.65),(768,106,40.39),(768,212,43.12),(768,283,30.67),(768,299,49.05),(768,320,25.36),(768,351,23.28),(769,145,53.97),(769,201,29.42),(769,249,25.25),(769,313,45.95),(770,173,25.85),(770,178,27.47),(770,197,39.45),(770,240,26.92),(770,262,26.30),(771,133,32.05),(771,139,24.01),(771,215,51.24),(771,301,40.28),(771,372,46.34),(772,163,32.04),(772,182,48.23),(772,265,53.79),(772,303,21.49),(772,369,29.50),(773,179,44.93),(773,243,30.11),(773,283,28.87),(773,311,45.34),(774,118,42.40),(774,133,45.60),(774,284,36.99),(774,337,29.15),(774,375,50.77),(775,142,33.08),(775,167,35.60),(775,179,23.77),(775,287,52.69),(777,161,51.95),(777,200,30.38),(777,248,44.57),(777,251,52.42),(777,298,48.03),(778,119,50.84),(778,289,38.09),(778,298,46.77),(778,344,24.88),(778,347,43.01),(779,158,45.47),(779,225,44.27),(779,238,47.42),(779,257,40.57),(779,316,52.29),(779,327,26.41),(780,165,43.92),(780,198,33.37),(780,268,45.19),(780,344,46.19),(783,135,45.55),(783,161,27.31),(783,181,21.83),(783,258,47.34),(784,113,19.70),(784,144,28.36),(784,280,25.94),(784,314,29.40),(784,327,46.04),(784,363,33.89),(785,110,51.83),(785,206,40.60),(785,245,48.37),(785,309,32.33),(785,336,32.56),(785,358,44.05),(787,239,53.02),(787,259,43.06),(787,332,33.24),(787,355,41.37),(788,194,27.12),(788,276,37.05),(788,279,49.92),(788,312,43.32),(788,315,49.41),(789,203,24.30),(789,251,23.81),(789,261,31.05),(790,118,41.33),(790,142,36.45),(790,261,38.46),(790,272,43.29),(790,284,47.76),(790,366,43.43),(794,159,29.11),(794,166,33.53),(794,264,36.79),(794,313,45.27),(794,372,34.46),(794,373,51.18),(797,190,53.15),(797,244,20.44),(797,263,28.77),(797,293,52.10),(798,105,20.48),(798,211,43.97),(798,215,23.54),(798,232,38.36),(798,291,50.02),(798,325,27.89),(799,124,36.60),(799,150,27.33),(799,221,33.88),(799,237,49.61),(800,161,20.20),(800,226,45.40),(800,271,47.21),(800,296,42.38),(801,133,46.24),(801,197,44.57),(801,249,26.49),(801,282,47.46),(801,322,49.74),(801,376,45.23),(802,153,49.62),(802,160,44.24),(802,207,52.02),(802,241,35.35),(802,244,50.86),(802,321,28.42),(803,100,26.94),(803,128,43.64),(803,193,29.94),(803,212,25.53),(803,234,30.05),(803,333,34.77),(804,145,24.57),(804,242,31.13),(804,337,47.57),(804,345,33.63),(804,347,27.29),(804,375,27.93),(806,209,40.93),(806,228,39.49),(806,248,48.71),(806,365,26.21),(806,366,21.12),(810,134,34.35),(810,143,30.98),(810,159,42.54),(810,278,43.26),(810,326,22.99),(810,344,19.25),(811,186,29.29),(811,317,20.43),(811,338,46.46),(813,117,29.14),(813,239,22.69),(813,335,23.63),(814,239,40.35),(814,257,31.04),(814,330,30.49),(814,365,46.90),(815,141,38.49),(815,246,27.25),(815,279,33.03),(815,318,39.34),(815,346,34.23),(815,362,24.22),(816,115,25.30),(816,155,19.72),(816,237,36.12),(816,247,29.93),(816,348,37.53),(818,111,22.26),(818,120,28.01),(818,127,36.43),(818,141,29.08),(818,176,44.11),(818,269,29.97),(820,155,22.04),(820,188,46.73),(820,306,52.53),(820,310,19.92),(820,363,21.01),(821,161,27.58),(821,168,33.39),(821,260,36.35),(823,220,36.39),(823,252,49.76),(823,267,40.31),(823,295,48.72),(824,142,36.28),(824,181,51.04),(824,334,21.78),(824,367,30.89),(825,193,28.12),(825,217,20.30),(825,370,45.73),(826,177,37.10),(826,210,51.80),(826,340,28.30),(827,139,52.65),(827,180,31.54),(827,316,40.35),(827,334,44.62),(828,143,29.38),(828,252,34.89),(828,270,30.04),(828,360,20.43),(833,252,27.91),(833,286,45.89),(833,371,22.72),(834,133,36.94),(834,263,32.64),(834,292,49.93),(834,305,33.37),(834,342,44.36),(835,109,25.19),(835,192,26.98),(835,224,21.96),(835,258,41.09),(835,288,45.20),(835,375,40.85),(836,101,52.35),(836,124,39.25),(836,165,36.06),(836,276,31.71),(836,302,48.27),(836,344,22.23),(838,115,37.77),(838,134,49.12),(838,294,46.25),(838,349,52.85),(838,376,42.71),(841,155,21.49),(841,165,53.42),(841,200,22.26),(841,212,27.84),(841,263,46.61),(841,296,22.06),(842,125,43.67),(842,140,26.37),(842,268,45.99),(842,301,28.50),(842,314,44.10),(842,345,38.14),(843,160,44.74),(843,187,49.49),(843,302,47.54),(844,106,35.55),(844,247,50.51),(844,258,35.23),(845,182,52.95),(845,189,28.83),(845,212,20.33),(845,271,50.68),(845,326,51.80),(845,356,29.14),(846,214,41.04),(846,254,27.96),(846,287,35.34),(846,299,49.78),(847,226,19.43),(847,227,22.99),(847,231,30.28),(847,359,37.65),(847,376,22.32),(848,122,39.23),(848,135,38.76),(848,201,46.14),(848,215,27.43),(848,330,22.48),(849,163,35.15),(849,278,21.77),(849,304,20.95),(849,314,22.08),(849,323,44.89),(849,376,26.65),(850,147,19.34),(850,189,22.31),(850,259,45.34),(850,300,26.52),(850,328,38.47),(850,374,36.41),(851,290,43.50),(851,291,45.72),(851,338,27.14),(851,365,35.33),(852,103,50.56),(852,130,19.41),(852,209,52.02),(852,254,26.99),(852,268,25.59),(852,302,31.14),(853,103,42.94),(853,183,40.78),(853,190,43.86),(853,202,31.21),(853,275,49.46),(853,296,23.69),(854,139,41.78),(854,167,40.17),(854,183,39.14),(854,290,32.20),(854,361,50.26),(855,149,45.29),(855,179,29.45),(855,328,22.86),(856,146,39.17),(856,179,46.32),(856,247,30.28),(856,264,29.21),(856,330,40.36),(856,358,22.16),(857,159,20.04),(857,280,20.98),(857,283,45.28),(858,109,35.31),(858,315,50.23),(858,319,21.21),(861,10,36.74),(861,227,39.91),(861,295,35.34),(861,344,37.97),(862,215,33.31),(862,234,50.81),(862,256,21.22),(862,321,21.54),(862,362,47.95),(863,102,27.57),(863,120,19.53),(863,262,51.26),(863,346,37.60),(864,107,50.11),(864,109,36.73),(864,120,48.95),(864,165,26.52),(864,373,31.42),(866,12,43.32),(866,311,24.01),(866,348,22.86),(867,149,25.46),(867,288,27.51),(867,341,25.17),(867,347,38.11),(870,163,48.27),(870,190,30.82),(870,233,52.25),(870,258,44.80),(871,298,48.24),(871,334,21.24),(871,348,24.66),(872,144,44.35),(872,276,31.33),(872,361,43.68),(873,196,50.90),(873,263,39.59),(873,313,31.19),(873,330,49.26),(874,100,48.92),(874,161,45.32),(874,353,41.22),(876,165,30.65),(876,178,21.08),(876,215,50.19),(876,299,23.76),(876,332,28.20),(876,337,19.40),(877,105,49.72),(877,156,48.44),(877,182,29.32),(877,214,21.89),(877,225,30.24),(877,273,34.71),(879,322,29.45),(879,326,31.79),(879,332,51.58),(880,156,32.98),(880,222,28.85),(880,311,35.32),(880,359,30.76),(881,135,38.03),(881,225,36.82),(881,243,52.73),(881,263,47.98),(881,302,21.13),(881,356,22.20),(882,146,28.88),(882,189,30.85),(882,190,48.60),(882,229,19.85),(885,12,50.72),(885,116,52.51),(885,225,23.73),(885,245,51.13),(885,312,32.35),(885,354,23.62),(886,133,19.93),(886,183,34.16),(886,212,38.85),(886,266,40.15),(886,283,44.79),(886,314,35.28),(888,144,24.31),(888,283,22.35),(888,333,48.07),(888,364,19.83),(889,111,35.88),(889,173,32.33),(889,191,31.23),(889,244,19.36),(889,303,35.01),(889,373,24.05),(891,117,42.16),(891,210,30.35),(891,278,43.32),(891,308,21.58),(891,339,32.41),(892,144,44.22),(892,160,26.16),(892,179,26.28),(892,254,45.88),(892,372,49.75),(893,240,33.68),(893,279,33.16),(893,302,23.43),(893,335,44.10),(894,237,38.12),(894,251,29.92),(894,278,48.50),(894,348,19.06),(894,370,38.45),(895,143,22.24),(895,144,49.67),(895,250,49.17),(896,123,50.59),(896,214,50.94),(896,270,24.58),(896,273,42.73),(896,307,37.48),(896,365,20.38),(897,171,27.00),(897,297,26.36),(897,354,46.02),(898,111,46.90),(898,167,32.68),(898,239,31.00),(898,368,52.48),(899,12,43.17),(899,140,24.46),(899,238,20.05),(899,251,42.26),(899,272,53.47),(899,317,48.84),(900,198,51.49),(900,237,25.02),(900,238,48.42),(900,350,36.15),(900,376,38.98),(901,102,45.54),(901,141,27.08),(901,245,50.49),(901,281,35.26),(901,333,38.71),(901,364,41.06),(902,218,25.75),(902,231,33.17),(902,258,37.53),(902,275,34.16),(902,315,39.19),(902,325,39.46),(903,225,20.40),(903,234,19.31),(903,272,39.23),(903,293,21.23),(903,303,45.58),(903,357,43.85),(904,128,51.31),(904,167,30.24),(904,213,32.21),(907,158,32.57),(907,197,38.49),(907,215,31.04),(907,257,45.34),(907,308,22.23),(908,129,47.88),(908,167,33.29),(908,287,39.04),(909,127,53.76),(909,197,49.64),(909,276,38.99),(909,372,42.25),(910,102,46.02),(910,205,27.68),(910,209,50.95),(910,347,36.57),(911,153,32.82),(911,164,41.81),(911,196,52.85),(911,241,31.51),(913,116,46.31),(913,190,26.41),(913,194,50.38),(913,225,44.13),(914,106,42.76),(914,159,37.76),(914,190,19.01),(915,139,21.14),(915,242,19.01),(917,122,33.50),(917,185,40.46),(917,224,21.57),(917,231,36.16),(917,344,37.44),(918,125,30.77),(918,195,36.22),(918,269,43.78),(918,294,19.70),(918,344,26.20),(918,354,19.56),(919,190,30.34),(919,229,46.65),(919,341,27.75),(919,368,41.37),(919,373,28.72),(922,110,47.10),(922,193,46.45),(922,204,20.39),(922,267,42.15),(922,334,47.17),(924,191,21.83),(924,265,52.64),(924,295,27.74),(924,333,31.81),(925,136,29.55),(925,214,53.64),(925,244,21.86),(925,293,29.82),(925,350,39.25),(926,185,45.75),(926,205,34.69),(926,211,50.28),(926,256,35.68),(926,262,47.90),(926,352,26.49),(927,10,27.85),(927,138,21.03),(927,243,48.77),(927,302,37.00),(927,346,31.57),(927,369,44.82),(928,149,38.35),(928,189,48.56),(928,194,46.00),(928,349,29.03),(928,366,53.07),(928,375,38.74),(929,148,41.94),(929,187,38.12),(929,312,45.52),(929,331,35.06),(930,132,50.01),(930,248,52.53),(930,271,45.32),(931,127,32.30),(931,147,36.15),(931,193,29.86),(931,230,52.46),(931,264,42.92),(931,322,36.01),(932,120,35.82),(932,147,23.42),(932,230,44.09),(932,346,19.83),(932,354,42.69),(933,140,53.76),(933,171,21.83),(933,202,40.97),(933,225,50.90),(933,364,24.56),(934,186,37.99),(934,241,50.31),(935,111,43.24),(935,129,38.51),(935,155,41.24),(936,126,35.67),(936,268,32.31),(936,306,47.30),(936,328,27.41),(937,220,51.84),(937,345,50.20),(937,360,37.94),(937,364,20.75),(938,216,39.58),(938,242,28.25),(939,113,19.40),(939,187,25.28),(939,203,33.81),(939,248,43.85),(939,313,51.66),(939,338,32.85),(940,113,31.27),(940,123,30.30),(940,262,38.72),(942,119,28.25),(942,131,26.78),(942,319,43.49),(943,122,45.49),(943,185,52.74),(943,254,24.51),(943,273,48.64),(943,359,41.60),(945,130,40.81),(945,134,37.77),(945,192,48.10),(945,317,25.57),(945,362,37.91),(946,148,29.09),(946,171,27.40),(946,203,31.75),(946,246,24.67),(946,284,52.08),(947,119,53.04),(947,147,19.33),(947,274,35.72),(947,290,39.37),(947,306,29.54),(947,325,29.50),(949,152,20.20),(949,156,27.77),(949,298,38.13),(949,322,53.98),(949,371,24.26),(950,108,40.57),(950,146,23.10),(950,187,20.02),(950,267,53.76),(951,136,52.42),(951,289,27.84),(951,332,49.30),(951,366,23.36),(952,149,32.19),(952,223,26.05),(952,237,25.87),(952,271,51.79),(952,302,29.36),(952,348,31.20),(955,223,19.63),(955,296,25.32),(955,299,22.92),(956,183,52.08),(956,306,34.68),(956,357,42.02),(956,375,25.79),(957,158,53.40),(957,181,50.23),(957,215,23.15),(957,331,51.62),(958,102,32.24),(958,244,39.23),(958,309,24.53),(958,365,41.94),(961,238,26.21),(961,259,22.01),(961,271,44.95),(961,362,46.02),(962,151,44.84),(962,158,32.38),(962,191,36.90),(962,232,32.70),(962,259,32.19),(962,282,35.87),(963,174,25.15),(963,192,32.62),(963,199,48.04),(963,273,30.36),(964,143,41.78),(964,158,53.22),(964,227,42.00),(964,259,45.10),(964,344,30.27),(965,181,36.10),(965,214,52.57),(965,224,44.91),(965,226,27.26),(965,260,50.53),(966,198,45.04),(966,217,21.55),(966,362,23.60),(967,117,28.90),(967,236,29.10),(967,303,50.39),(967,315,38.22),(967,343,20.86),(968,141,26.98),(968,260,24.00),(968,353,20.07),(970,128,27.30),(970,182,30.37),(970,277,50.97),(970,365,39.75),(974,141,41.83),(974,160,33.07),(974,180,50.40),(974,187,37.92),(974,216,45.23),(974,274,34.92),(975,103,32.64),(975,153,49.81),(975,176,34.61),(975,212,39.02),(975,236,40.34),(976,102,48.75),(976,257,44.89),(976,262,35.03),(976,312,30.37),(976,344,33.18),(976,359,20.78),(978,125,22.84),(978,216,35.67),(978,217,31.64),(978,229,26.09),(978,308,44.69),(978,341,21.18),(979,116,35.21),(979,191,28.64),(979,241,36.12),(979,251,21.00),(979,257,41.33),(980,219,35.23),(980,244,20.47),(980,306,33.89),(980,376,50.07),(981,13,43.68),(981,120,41.87),(981,238,38.77),(981,344,43.80),(982,212,50.48),(982,246,39.12),(982,282,27.91),(984,113,52.92),(984,208,43.32),(984,282,29.80),(984,287,51.22),(984,309,35.71),(984,317,43.93),(986,193,35.79),(986,211,42.42),(986,299,35.66),(986,309,50.73),(986,328,39.18),(986,333,47.03),(987,177,42.42),(987,211,43.45),(987,223,23.94),(987,224,33.05),(987,254,22.94),(988,145,36.45),(988,152,43.73),(988,337,41.41),(989,177,41.49),(989,201,27.68),(989,204,47.51),(989,371,29.91),(990,105,48.95),(990,241,50.79),(990,268,44.06),(991,165,35.13),(991,220,42.54),(991,267,38.04),(991,276,21.57),(991,293,37.83),(991,362,45.35),(992,106,50.17),(992,158,31.08),(992,300,20.86),(994,160,49.79),(994,185,45.18),(994,257,42.71),(994,307,29.41),(994,350,43.79),(994,357,31.68),(995,164,24.97),(995,235,45.39),(996,154,28.33),(996,196,35.48),(996,295,20.85),(996,298,20.03),(996,331,50.22),(996,360,47.35),(999,324,35.08),(999,353,41.50),(1000,166,36.72),(1000,250,34.28),(1000,262,42.23),(1004,118,22.75),(1004,134,47.93),(1004,199,27.55),(1004,259,41.03),(1004,352,44.96),(1004,363,53.14),(1005,110,19.41),(1005,172,21.97),(1005,176,53.45),(1005,326,47.13),(1006,121,44.65),(1006,179,37.79),(1006,185,48.22),(1006,326,24.62),(1006,347,40.13),(1008,186,19.05),(1008,337,24.72),(1008,348,40.51),(1009,227,19.61),(1009,266,48.09),(1009,296,31.96),(1009,297,53.18),(1011,131,37.44),(1011,195,19.79),(1011,218,26.13),(1011,240,36.41),(1011,296,37.63),(1011,314,22.31),(1013,129,48.29),(1013,269,52.78),(1014,192,45.25),(1014,246,31.76),(1014,256,41.97),(1014,262,20.07),(1014,376,25.46),(1015,129,20.02),(1015,199,32.62),(1015,203,41.15),(1015,293,39.49),(1016,110,50.56),(1016,151,26.46),(1016,215,31.60),(1017,133,49.28),(1017,149,52.89),(1017,296,19.14),(1017,321,44.14),(1017,328,33.70),(1017,353,25.85),(1018,117,20.44),(1018,159,49.76),(1018,213,53.91),(1018,248,19.23),(1018,363,30.43),(1019,105,33.39),(1019,115,23.62),(1019,156,26.07),(1019,229,53.80),(1019,342,37.20),(1019,373,21.56),(1020,129,24.58),(1020,181,49.53),(1020,214,32.15),(1020,330,42.46),(1020,366,31.28),(1022,201,29.20),(1022,212,31.32),(1022,214,38.68),(1022,301,53.85),(1022,310,28.30),(1022,321,28.51),(1023,168,35.31),(1023,249,28.97),(1023,255,47.68),(1023,279,40.15),(1023,372,33.02),(1025,108,41.05),(1025,227,44.98),(1025,242,47.09),(1026,189,31.71),(1026,262,26.75),(1028,110,46.51),(1028,124,43.92),(1028,177,46.02),(1028,190,50.32),(1028,304,43.19),(1028,373,40.49),(1029,243,27.14),(1029,275,41.01),(1029,335,34.65),(1029,354,36.90),(1030,139,30.25),(1030,147,49.28),(1030,190,52.14),(1030,223,45.81),(1030,369,47.16),(1031,127,35.90),(1031,153,22.66),(1031,186,42.66),(1031,228,36.34),(1031,278,33.87),(1031,288,30.55),(1032,216,38.19),(1032,275,40.89),(1032,312,35.86),(1032,318,21.97),(1032,337,19.49),(1032,341,36.01),(1033,12,53.33),(1033,101,34.07),(1033,203,36.20),(1033,321,26.33),(1034,13,39.93),(1034,177,42.20),(1034,266,27.35),(1034,309,19.06),(1035,177,19.70),(1035,183,34.11),(1035,219,43.45),(1035,276,21.24),(1035,290,34.36),(1035,312,35.36),(1036,133,24.17),(1036,228,35.11),(1036,337,31.52),(1037,119,41.05),(1037,206,20.85),(1037,233,24.52),(1037,268,42.71),(1037,308,43.57),(1039,163,40.09),(1039,249,47.35),(1039,335,46.40),(1039,340,44.70),(1039,375,27.49),(1040,129,21.25),(1040,229,38.61),(1040,250,25.25),(1040,277,24.21),(1040,290,49.60),(1040,309,28.45),(1041,143,29.03),(1041,156,52.62),(1041,186,38.28),(1041,243,36.69),(1044,278,33.66),(1044,282,30.67),(1044,361,21.90),(1045,138,53.53),(1045,149,52.38),(1045,229,20.03),(1045,312,42.79),(1045,351,32.92),(1045,362,37.83),(1047,137,33.89),(1047,168,19.19),(1047,197,41.62),(1047,223,22.09),(1048,285,40.76),(1048,291,42.44),(1048,328,39.15),(1049,101,32.90),(1049,150,35.99),(1049,196,27.24),(1049,229,50.46),(1049,297,30.58),(1049,317,44.23),(1050,155,47.26),(1050,250,38.15),(1050,293,48.05),(1051,110,26.82),(1051,150,29.25),(1051,157,31.33),(1051,180,20.12),(1051,261,36.14),(1052,109,43.43),(1052,238,22.61),(1052,284,50.01),(1052,308,30.75),(1052,354,26.05),(1053,176,25.77),(1053,259,43.24),(1053,281,49.75),(1053,323,47.97),(1053,328,27.17),(1053,358,45.70),(1054,172,27.20),(1054,187,43.81),(1054,258,28.52),(1054,342,21.48),(1054,358,31.41),(1054,374,22.17),(1055,143,42.04),(1055,147,44.52),(1055,190,45.81),(1055,256,32.68),(1055,260,21.98),(1056,156,44.96),(1056,192,49.06),(1056,244,35.23),(1057,205,29.54),(1057,238,49.96),(1057,253,28.70),(1057,288,39.68),(1057,342,48.18),(1059,198,51.55),(1059,238,47.17),(1059,270,51.17),(1059,332,39.20),(1060,125,21.38),(1060,161,21.58),(1060,182,35.06),(1060,185,21.53),(1060,202,44.73),(1060,340,22.11),(1061,144,39.46),(1061,171,29.67),(1061,202,25.33),(1061,273,45.65),(1061,329,50.26),(1061,354,26.89),(1063,124,19.73),(1063,234,24.98),(1063,260,42.04),(1063,265,35.87),(1063,266,24.84),(1063,300,27.02),(1064,132,46.70),(1064,173,34.97),(1064,246,40.96),(1064,264,36.39),(1064,319,42.65),(1065,170,37.26),(1065,186,53.74),(1065,206,49.52),(1065,288,28.78),(1066,10,37.70),(1066,131,35.78),(1066,181,27.14),(1066,204,29.07),(1066,237,53.52),(1067,143,42.41),(1067,242,53.12),(1067,325,22.14),(1067,346,33.67),(1069,190,47.63),(1069,287,46.50),(1069,371,44.68),(1070,130,25.76),(1070,158,27.98),(1070,170,46.32),(1070,189,23.67),(1070,215,24.85),(1070,336,30.40),(1071,150,51.47),(1071,180,53.17),(1071,243,46.71),(1071,264,25.13),(1071,266,28.88),(1071,268,36.51),(1072,144,48.60),(1072,164,45.10),(1072,194,29.71),(1072,220,29.24),(1072,372,38.06),(1073,184,48.38),(1073,281,36.68),(1073,331,42.87),(1073,349,50.18),(1074,178,23.15),(1074,187,25.89),(1074,247,42.66),(1074,276,34.87),(1074,324,36.87),(1075,119,41.49),(1075,292,31.52),(1075,312,28.98),(1076,103,41.14),(1076,146,39.57),(1076,287,29.40),(1077,138,31.04),(1077,206,34.60),(1077,236,38.08),(1077,295,46.18),(1077,306,32.85),(1077,317,35.94),(1078,183,24.27),(1078,229,32.26),(1078,305,45.81),(1078,311,39.84),(1078,336,48.45),(1079,193,20.42),(1079,203,20.90),(1079,286,53.51),(1079,319,27.59),(1079,339,41.04),(1080,109,29.64),(1080,164,38.89),(1080,265,23.06),(1080,291,46.41),(1080,324,45.47),(1080,338,36.23),(1081,143,26.79),(1081,149,29.37),(1081,246,30.05),(1081,265,24.54),(1081,307,19.23),(1081,344,24.78),(1082,108,42.99),(1082,137,40.93),(1082,188,47.28),(1082,200,23.82),(1082,278,42.72),(1082,370,30.62),(1083,117,19.03),(1083,121,39.21),(1083,165,49.98),(1083,338,43.25),(1084,238,48.35),(1084,278,19.25),(1084,312,25.00),(1084,341,30.94),(1085,132,33.07),(1085,235,42.62),(1085,246,23.02),(1085,310,33.69),(1085,358,47.28),(1085,374,38.22),(1088,189,30.93),(1088,228,26.21),(1088,293,35.06),(1088,358,41.84),(1088,376,43.37),(1089,171,26.56),(1089,193,41.00),(1089,228,36.33),(1089,344,39.65),(1090,110,22.51),(1090,129,22.72),(1090,145,35.27),(1090,232,48.16),(1090,296,27.06),(1091,125,29.98),(1091,183,40.65),(1091,208,40.83),(1091,328,43.96),(1091,349,51.43),(1092,109,33.55),(1092,304,42.32),(1092,366,35.90),(1093,243,34.93),(1093,286,21.72),(1093,298,19.80),(1093,306,32.97),(1094,129,51.59),(1094,289,51.88),(1094,300,50.65),(1095,118,44.36),(1095,140,19.92),(1095,146,45.62),(1095,256,23.32),(1096,155,36.64),(1096,285,21.08),(1096,293,23.77),(1096,331,36.98),(1096,338,44.20),(1097,108,41.30),(1097,165,27.23),(1097,254,44.82),(1097,284,47.63),(1097,345,22.66),(1097,356,52.67),(1098,220,19.28),(1098,226,38.91),(1098,279,30.65),(1099,100,37.87),(1099,261,37.86),(1099,324,44.14),(1099,329,42.95),(1100,147,32.70),(1100,165,31.45),(1100,197,30.37),(1100,204,38.51),(1100,234,37.15),(1100,255,47.45),(1101,114,49.48),(1101,186,24.57),(1101,210,46.07),(1101,234,49.70),(1101,299,27.25),(1103,198,29.72),(1103,262,37.08),(1103,348,30.84),(1104,144,49.83),(1104,277,27.71),(1104,317,53.24),(1104,319,29.82),(1105,119,19.71),(1105,187,20.73),(1105,245,42.93),(1105,313,25.55),(1107,174,46.70),(1107,182,31.48),(1107,224,24.12),(1107,326,31.06),(1108,120,30.28),(1108,145,25.97),(1108,150,38.15),(1108,186,20.01),(1109,243,39.94),(1109,255,41.46),(1109,299,26.60),(1109,323,34.75),(1110,208,31.81),(1110,214,22.58),(1110,231,20.69),(1110,308,37.21),(1110,313,37.33),(1111,139,35.06),(1111,205,33.62),(1111,209,22.28),(1111,252,19.46),(1111,285,19.48),(1111,296,43.21),(1112,256,29.95),(1112,259,40.39),(1112,272,45.18),(1112,346,23.07),(1113,152,36.41),(1113,223,52.07),(1113,332,48.29),(1113,362,43.19),(1113,372,41.79),(1114,116,29.42),(1114,255,36.12),(1114,297,20.72),(1114,355,26.53),(1114,365,19.76),(1115,12,27.76),(1115,112,46.09),(1115,113,28.62),(1115,134,27.91),(1115,159,23.18),(1115,198,19.55),(1116,118,31.68),(1116,123,21.84),(1116,181,29.37),(1116,188,32.79),(1116,220,20.91),(1116,280,36.69),(1117,104,31.93),(1117,110,36.35),(1117,120,38.67),(1117,240,43.23),(1117,329,20.27),(1117,364,31.60),(1118,107,21.93),(1118,109,37.62),(1118,142,33.33),(1118,157,34.77),(1118,337,19.87),(1119,160,39.62),(1119,168,41.75),(1119,321,33.86),(1119,375,25.04),(1120,102,51.90),(1120,187,32.21),(1120,287,53.38),(1120,304,38.86),(1120,351,48.57),(1121,107,19.75),(1121,131,29.47),(1121,162,31.07),(1121,254,47.95),(1121,319,22.52),(1121,347,44.10),(1122,240,23.32),(1122,325,48.42),(1122,345,22.34),(1122,360,22.74),(1123,148,30.99),(1123,167,41.58),(1123,207,43.38),(1123,233,25.96),(1123,345,43.12),(1123,369,21.05),(1125,170,28.66),(1125,189,21.99),(1125,237,22.44),(1126,185,30.73),(1126,241,47.12),(1126,308,31.78),(1126,338,42.60),(1127,124,26.57),(1127,151,27.73),(1127,165,25.29),(1128,198,40.69),(1128,232,25.13),(1128,287,21.99),(1128,371,39.05),(1129,147,53.49),(1129,258,40.04),(1129,288,42.56),(1129,301,51.26),(1129,356,29.91),(1129,370,23.36),(1132,13,33.75),(1132,107,48.53),(1132,319,24.66),(1132,340,28.30),(1133,212,47.67),(1133,298,31.25),(1133,309,20.58),(1133,316,45.92),(1134,107,30.26),(1134,282,51.34),(1134,360,53.23),(1134,368,53.60),(1135,180,32.02),(1135,261,52.63),(1135,277,45.31),(1135,336,41.51),(1136,292,45.47),(1136,358,19.93),(1136,374,49.22),(1137,163,37.12),(1137,165,44.90),(1137,170,21.05),(1137,205,31.05),(1137,258,33.13),(1137,361,36.85),(1138,141,46.39),(1138,162,33.42),(1138,215,24.84),(1138,349,31.28),(1138,365,43.93),(1140,139,48.04),(1140,170,53.04),(1140,181,19.47),(1140,185,50.23),(1140,219,25.52),(1141,115,28.27),(1141,143,33.01),(1141,280,40.11),(1141,282,23.65),(1141,326,47.52),(1142,170,35.63),(1142,209,37.69),(1142,244,52.15),(1143,149,22.97),(1143,175,53.51),(1143,282,25.33),(1143,323,52.13),(1143,347,25.67),(1143,369,51.07),(1144,131,41.40),(1144,222,50.79),(1144,331,35.62),(1145,155,25.52),(1145,172,40.30),(1145,179,34.77),(1145,281,35.93),(1145,336,22.77),(1147,146,41.72),(1147,199,26.32),(1147,213,19.43),(1147,243,22.46),(1150,129,38.52),(1150,183,41.92),(1150,280,43.66),(1151,184,27.25),(1151,192,33.52),(1151,221,47.86),(1151,294,46.47),(1152,12,52.45),(1152,150,43.02),(1152,259,45.64),(1152,316,38.74),(1153,126,41.51),(1153,163,24.23),(1153,231,51.67),(1153,236,33.55),(1153,287,36.52),(1153,332,42.61),(1156,113,41.44),(1156,204,43.61),(1156,222,39.70),(1156,233,46.72),(1156,246,35.36),(1156,302,48.69),(1157,153,52.76),(1157,158,36.27),(1157,243,41.86),(1157,357,46.46),(1158,143,53.70),(1158,227,39.43),(1158,256,30.26),(1158,271,46.70),(1158,324,52.03),(1159,134,33.17),(1159,190,49.33),(1159,299,33.03),(1160,179,38.28),(1160,224,36.11),(1160,247,31.59),(1160,257,19.99),(1162,142,41.17),(1162,172,29.90),(1162,232,42.01),(1162,238,46.76),(1162,283,31.36),(1164,260,46.33),(1164,309,26.21),(1164,355,28.79),(1165,128,25.80),(1165,251,21.24),(1165,254,36.31),(1165,261,44.81),(1165,335,41.25),(1165,336,28.14),(1166,210,26.91),(1166,273,52.82),(1166,341,27.58),(1166,344,37.51),(1167,187,52.44),(1167,249,20.17),(1167,354,29.54),(1168,123,44.08),(1168,148,41.11),(1168,204,24.47),(1168,298,35.64),(1168,302,43.15),(1169,125,33.47),(1169,137,52.51),(1169,151,29.63),(1169,199,24.43),(1169,313,20.23),(1170,241,46.16),(1170,375,52.28),(1170,376,53.75),(1171,164,19.82),(1171,174,24.20),(1171,223,37.56),(1171,230,46.17),(1171,261,42.53),(1171,337,30.30),(1173,130,24.05),(1173,167,45.29),(1173,254,35.40),(1174,112,23.69),(1174,209,28.33),(1174,334,51.68),(1177,118,44.16),(1177,185,23.05),(1177,192,29.04),(1177,212,34.38),(1177,237,27.65),(1178,112,53.35),(1178,124,36.44),(1178,142,50.33),(1178,148,26.76),(1178,300,36.44),(1178,301,25.95),(1179,154,36.11),(1179,246,48.32),(1179,297,43.47),(1179,303,49.99),(1179,351,34.16),(1179,358,25.88),(1180,134,32.75),(1180,224,46.93),(1180,284,49.21),(1180,334,31.51),(1180,355,49.71),(1183,119,41.65),(1183,169,29.91),(1183,292,29.63),(1184,183,26.62),(1184,224,23.95),(1184,229,42.37),(1184,236,24.71),(1184,297,42.25),(1185,139,41.04),(1185,184,52.31),(1185,259,20.90),(1185,336,25.78),(1185,353,38.89),(1186,104,47.87),(1186,129,46.08),(1186,169,27.87),(1186,227,32.79),(1186,320,23.10),(1187,161,42.93),(1187,184,27.64),(1187,300,48.43),(1187,330,24.39),(1188,134,49.64),(1188,167,24.28),(1188,176,20.01),(1188,314,30.59),(1190,181,38.36),(1190,220,49.34),(1190,275,40.57),(1190,290,35.81),(1191,103,39.60),(1191,165,25.10),(1191,244,19.23),(1191,251,44.04),(1191,280,22.71),(1192,122,25.30),(1192,275,48.86),(1192,311,28.51),(1192,360,46.97),(1193,191,33.21),(1193,215,37.79),(1193,256,45.38),(1193,282,33.68),(1193,313,45.59),(1194,153,22.05),(1194,194,28.67),(1194,200,40.23),(1196,132,37.93),(1196,143,20.49),(1196,261,43.62),(1196,339,30.68),(1198,168,40.56),(1198,215,35.39),(1198,333,36.27),(1200,122,47.24),(1200,200,22.15),(1200,277,33.54),(1200,325,37.10),(1200,338,26.80),(1200,376,46.56),(1202,168,43.45),(1202,258,42.03),(1202,270,37.71),(1202,280,27.82),(1203,134,42.62),(1203,178,19.56),(1203,320,34.84),(1205,105,41.04),(1205,133,51.52),(1205,137,43.55),(1205,285,53.79),(1205,301,45.47),(1205,305,21.56),(1206,318,19.92),(1206,340,52.21),(1207,105,44.88),(1207,142,29.12),(1208,130,25.33),(1208,184,30.94),(1208,307,34.48),(1208,354,39.18),(1209,220,44.18),(1212,146,19.77),(1213,118,23.39),(1213,347,36.50),(1214,177,51.37),(1214,199,42.37),(1214,207,35.30),(1214,257,27.49),(1214,276,34.36),(1214,350,19.46),(1215,143,26.22),(1215,151,23.21),(1215,336,38.69),(1215,340,50.97),(1215,373,29.18),(1216,292,53.33),(1217,114,29.97),(1217,304,43.53),(1218,104,43.52),(1218,109,20.47),(1218,153,20.31),(1218,156,28.02),(1218,288,24.67),(1219,157,30.31),(1219,192,20.15),(1219,231,39.80),(1219,238,22.54),(1219,241,29.95),(1220,164,34.36),(1220,206,30.35),(1220,256,33.77),(1220,280,42.88),(1220,292,24.17),(1221,170,41.21),(1221,195,45.75),(1221,215,21.44),(1221,332,25.82),(1222,194,40.69),(1222,228,46.62),(1222,250,21.24),(1222,346,22.02),(1223,129,50.44),(1223,189,40.19),(1224,153,35.01),(1224,327,21.37),(1225,227,19.15),(1226,194,21.40),(1226,220,36.27),(1226,267,21.84),(1226,347,22.93),(1227,167,32.95),(1227,253,46.92),(1228,164,30.63),(1228,256,23.69),(1228,290,43.45),(1228,353,34.61),(1229,120,39.04),(1229,205,43.30),(1230,178,20.25),(1230,189,27.07),(1230,223,38.09),(1230,267,37.97),(1231,249,28.98),(1231,300,40.54),(1232,154,42.03),(1232,286,20.95),(1233,139,26.26),(1233,296,53.63),(1234,137,50.47),(1234,176,40.80),(1235,150,36.74),(1235,195,29.18),(1235,296,32.13),(1235,328,44.42),(1235,361,20.73),(1236,135,30.99),(1236,211,22.31),(1236,222,42.84),(1236,371,32.22),(1236,375,48.59),(1237,107,32.95),(1237,175,44.75),(1237,361,32.52),(1238,225,33.76),(1238,277,40.81),(1239,147,48.11),(1239,318,39.70),(1240,167,43.40),(1240,206,42.27),(1240,245,47.11),(1240,270,33.77),(1240,347,19.75),(1244,123,50.91),(1244,217,32.07),(1245,164,43.91),(1245,234,20.64),(1245,256,48.31),(1245,285,35.66),(1245,334,31.41),(1245,360,22.47),(1246,173,40.14),(1246,242,52.50),(1246,260,29.03),(1246,305,31.72),(1246,329,43.32),(1247,363,46.62),(1248,137,30.51),(1248,244,27.41),(1248,311,51.30),(1248,351,40.85),(1249,120,37.22),(1249,205,29.24),(1249,247,21.27),(1249,348,44.39),(1250,113,46.48),(1250,120,23.26),(1250,141,32.07),(1250,218,33.21),(1250,353,41.69),(1250,361,38.33),(1251,132,32.14),(1251,151,22.36),(1251,363,41.55),(1251,375,38.12),(1252,115,28.99),(1252,133,38.78),(1252,157,22.90),(1252,199,25.30),(1252,236,44.63),(1253,161,42.77),(1253,174,51.04),(1253,223,25.78),(1253,351,29.48),(1254,107,42.65),(1254,157,30.79),(1255,158,35.99),(1255,176,29.18),(1255,260,53.93),(1255,281,23.11),(1256,294,26.27),(1256,307,51.63),(1257,121,32.15),(1257,159,38.90),(1257,205,40.57),(1257,275,48.04),(1257,290,19.74),(1257,338,19.57),(1258,216,45.72),(1258,276,31.73),(1258,295,47.63),(1258,300,34.47),(1258,317,37.49),(1258,349,46.91),(1259,106,38.33),(1259,120,20.07),(1259,214,34.86),(1259,239,32.59),(1259,359,36.36),(1260,158,40.68),(1260,173,33.02),(1260,224,33.51),(1260,231,24.81),(1260,307,45.75),(1260,345,47.17),(1261,310,53.80),(1261,345,46.51),(1262,199,53.67),(1262,352,27.52),(1263,136,34.74),(1263,245,39.82),(1263,247,40.27),(1263,291,21.64),(1263,300,27.91),(1263,366,35.97),(1264,148,47.14),(1264,203,34.87),(1264,289,48.95),(1265,235,34.70),(1265,279,25.05),(1265,334,37.14),(1266,159,43.62),(1266,177,35.80),(1267,10,32.42),(1267,173,48.99),(1267,260,22.43),(1267,266,43.04),(1267,271,23.68),(1268,149,19.17),(1268,175,41.66),(1268,234,21.71),(1268,241,21.88),(1268,284,50.96),(1268,349,24.69),(1269,213,49.41),(1269,314,21.26),(1270,166,28.27),(1270,297,39.18),(1272,168,28.69),(1272,174,19.51),(1275,189,26.39),(1275,202,23.19),(1275,274,31.27),(1275,325,38.13),(1275,362,27.22),(1277,12,21.24),(1277,166,31.46),(1277,299,26.92),(1277,319,41.41),(1277,372,19.35),(1279,316,49.45),(1279,353,36.24),(1281,217,48.42),(1281,247,26.00),(1281,285,40.07),(1282,155,34.02),(1282,188,25.31),(1282,199,40.51),(1282,321,47.52),(1282,330,37.61),(1283,163,29.57),(1283,192,23.46),(1285,107,51.98),(1285,145,40.12),(1285,198,22.17),(1285,201,49.42),(1285,218,41.50),(1285,352,41.47),(1286,104,43.50),(1286,156,31.98),(1286,299,32.54),(1286,304,48.19),(1289,138,19.52),(1289,213,20.10),(1289,260,47.53),(1290,160,19.87),(1290,208,20.81),(1290,231,27.26),(1290,314,42.60),(1291,10,22.20),(1291,261,31.92),(1291,306,35.21),(1291,326,43.37),(1291,346,38.97),(1292,261,47.58),(1292,281,19.26),(1292,301,38.87),(1292,320,36.14),(1295,101,41.26),(1295,250,22.64),(1295,310,24.21),(1295,327,33.40),(1295,354,36.85),(1296,275,27.87),(1297,130,21.17),(1297,236,29.35),(1298,151,26.18),(1298,196,48.25),(1298,233,30.98),(1298,326,32.30),(1298,332,53.97),(1299,164,43.35),(1299,255,21.12),(1299,304,29.40),(1301,145,20.41),(1301,209,29.43),(1301,231,35.93),(1301,244,20.36),(1301,292,39.03),(1302,12,41.44),(1302,190,38.57),(1302,231,20.64),(1302,327,38.47),(1302,368,27.74),(1303,177,34.22),(1303,205,37.02),(1303,225,40.46),(1303,281,44.72),(1303,306,25.42),(1304,103,45.10),(1304,143,51.20),(1304,208,21.50),(1304,271,49.72),(1304,303,52.82),(1304,358,47.80),(1305,229,45.79),(1305,296,41.75),(1306,183,47.89),(1306,268,23.80),(1307,267,44.79),(1307,334,28.52),(1308,185,42.30),(1308,197,46.53),(1308,309,34.67),(1308,310,22.12),(1308,311,52.91),(1308,324,50.03),(1309,186,37.86),(1309,349,21.08),(1309,352,30.73),(1310,160,43.67),(1310,206,28.20),(1310,211,25.98),(1310,304,22.05),(1310,361,26.29),(1311,140,40.13),(1311,184,24.32),(1311,224,38.70),(1311,297,44.16),(1311,339,35.82),(1312,194,53.43),(1312,263,29.68),(1312,314,49.50),(1313,128,24.26),(1313,305,20.81),(1314,107,41.09),(1314,261,41.00),(1314,298,50.66),(1314,359,34.02),(1315,125,50.72),(1315,182,40.57),(1316,110,19.80),(1316,165,40.84),(1317,173,36.43),(1317,255,27.59),(1318,232,51.35),(1318,284,28.51),(1319,268,43.18),(1319,308,33.64),(1320,163,29.07),(1320,172,28.90),(1320,201,53.17),(1320,295,52.12),(1320,341,20.48),(1320,372,39.63),(1321,153,19.71),(1321,209,39.51),(1323,193,43.86),(1323,321,28.38),(1324,270,40.72),(1324,305,53.63),(1325,112,49.69),(1325,182,47.97),(1325,198,22.06),(1325,200,53.16),(1325,276,26.11),(1325,300,26.90),(1326,103,25.45),(1326,117,31.66),(1326,337,37.94),(1327,177,20.46),(1327,260,52.69),(1327,278,33.62),(1328,135,48.71),(1328,304,21.64),(1328,310,27.90),(1328,373,40.53),(1329,198,36.17),(1329,209,24.69),(1329,356,30.93),(1330,286,36.97),(1330,324,25.13),(1331,108,34.30),(1331,133,30.79),(1331,237,22.75),(1331,239,43.14),(1331,293,23.09),(1331,372,30.61),(1332,117,47.46),(1332,178,53.65),(1332,215,32.38),(1332,216,47.10),(1332,231,20.55),(1332,365,51.66),(1333,169,23.34),(1333,212,47.05),(1333,242,49.02),(1333,297,40.22),(1333,328,41.26),(1333,335,41.20),(1334,193,52.11),(1334,210,50.12),(1334,292,24.68),(1334,294,37.30),(1335,300,47.43),(1335,367,38.48),(1335,370,42.00),(1336,214,21.19),(1336,254,41.71),(1336,272,37.00),(1336,336,30.79),(1336,338,20.99),(1337,197,23.43),(1337,273,48.37),(1337,302,51.60),(1337,324,25.18),(1339,211,50.22),(1339,294,53.31),(1340,208,21.71),(1340,250,50.69),(1341,107,42.40),(1341,201,38.37),(1341,233,51.54),(1341,349,45.67),(1342,133,48.76),(1342,137,42.25),(1342,164,49.19),(1342,172,45.95),(1342,293,49.03),(1342,298,24.39),(1343,171,31.67),(1343,251,45.40),(1343,269,38.17),(1344,124,50.90),(1344,281,45.53),(1345,10,34.18),(1345,265,23.54),(1346,133,24.71),(1346,134,22.37),(1346,227,23.30),(1346,263,50.60),(1346,279,50.72),(1347,281,29.42),(1347,288,28.97),(1347,344,41.20),(1348,104,52.13),(1348,196,42.03),(1348,288,34.78),(1348,338,28.81),(1348,354,20.68),(1349,197,22.37),(1349,256,30.61),(1349,260,27.74),(1349,289,36.01),(1349,327,23.95),(1350,273,31.75),(1350,320,51.12),(1350,330,44.39),(1350,360,36.35),(1351,122,35.75),(1351,149,30.21),(1351,231,24.99),(1351,236,23.52),(1351,278,26.37),(1351,311,22.08),(1353,119,53.14),(1353,130,46.82),(1353,270,50.89),(1353,323,24.05),(1354,176,49.53),(1354,183,53.10),(1354,185,44.14),(1354,217,38.16),(1354,263,44.09),(1355,121,52.29),(1355,272,25.76),(1356,238,52.34),(1356,249,50.11),(1356,258,25.90),(1356,287,19.04),(1356,332,30.15),(1356,376,45.23),(1357,254,49.12),(1357,262,49.47),(1358,137,46.30),(1358,186,25.52),(1358,331,43.40),(1358,343,21.37),(1359,116,26.41),(1359,146,50.85),(1359,248,38.75),(1359,282,30.22),(1359,332,48.18),(1359,355,39.59),(1361,191,33.66),(1361,220,37.55),(1362,278,45.37),(1362,324,53.91),(1364,107,36.96),(1364,144,26.72),(1368,118,53.54),(1368,199,47.63),(1368,267,31.45),(1368,326,19.81),(1369,130,52.32),(1369,304,23.98),(1369,349,31.79),(1369,361,52.55),(1371,191,32.72),(1371,312,50.64),(1372,102,43.48),(1372,281,20.16),(1372,331,19.92),(1373,171,51.74),(1373,292,27.27),(1373,296,46.81),(1373,326,49.99),(1373,327,35.18),(1373,335,28.23),(1374,313,33.36),(1374,359,40.19),(1375,12,36.97),(1375,131,40.17),(1375,149,41.97),(1375,150,44.95),(1375,188,50.16),(1375,289,41.29),(1376,140,43.87),(1376,285,25.02),(1377,131,21.44),(1377,167,30.91),(1378,127,36.68),(1378,178,39.41),(1379,267,46.07),(1379,273,44.70),(1380,101,36.36),(1380,107,19.72),(1380,148,36.22),(1380,272,53.05),(1380,303,32.57),(1382,181,41.26),(1382,270,28.79),(1382,370,20.32),(1383,142,51.23),(1383,157,24.70),(1383,179,49.86),(1383,200,52.54),(1383,227,20.03),(1384,119,20.55),(1384,137,49.30),(1384,174,40.86),(1384,205,53.63),(1384,236,45.53),(1384,368,33.98),(1385,104,20.73),(1385,260,51.76),(1385,272,34.30),(1385,280,32.10),(1385,318,43.92),(1385,364,20.86),(1387,187,27.13),(1387,323,44.61),(1388,125,30.13),(1388,215,37.10),(1388,294,19.85),(1389,212,27.90),(1389,253,43.59),(1389,318,20.92),(1389,345,24.72),(1391,156,43.46),(1391,315,53.42),(1391,319,26.56),(1391,342,33.91),(1392,132,19.64),(1392,230,24.23),(1392,245,41.52),(1392,255,24.70),(1392,307,49.92),(1392,346,27.50),(1393,278,40.23),(1394,208,40.99),(1394,281,39.98),(1394,286,30.99),(1394,367,47.98),(1395,118,48.57),(1395,346,49.89),(1396,117,32.23),(1396,133,37.14),(1396,225,46.53),(1396,345,37.57),(1397,10,29.74),(1397,268,44.72),(1399,214,52.91),(1399,271,26.17),(1399,336,38.53),(1399,376,47.78),(1401,121,48.35),(1401,123,40.97),(1401,265,50.46),(1401,296,29.04),(1401,357,38.32),(1401,373,36.35),(1402,130,45.20),(1402,322,26.87),(1402,338,23.38),(1403,107,39.90),(1403,225,27.81),(1403,253,38.80),(1403,294,35.06),(1403,357,34.14),(1403,358,40.30),(1404,144,35.63),(1404,208,22.76),(1404,251,43.06),(1405,112,36.41),(1405,254,43.62),(1406,109,21.05),(1406,144,29.34),(1406,228,29.55),(1406,360,53.97),(1406,374,53.26),(1407,234,43.14),(1407,317,27.59),(1408,100,39.12),(1408,122,32.22),(1409,112,41.26),(1409,216,36.25),(1409,312,40.34),(1410,110,32.54),(1410,144,37.42),(1410,251,47.09),(1410,362,26.31),(1412,130,35.62),(1412,144,29.44),(1413,12,42.25),(1413,170,40.50),(1413,181,34.67),(1413,250,39.76),(1413,299,33.05),(1413,307,23.10),(1414,110,20.17),(1414,119,27.32),(1414,250,22.09),(1414,291,53.18),(1414,375,52.24),(1415,101,35.28),(1415,219,31.83),(1415,249,33.35),(1415,307,38.64),(1416,209,43.90),(1416,219,50.58),(1417,180,40.16),(1417,187,32.05),(1417,234,20.79),(1418,138,27.18),(1418,212,40.64),(1418,233,46.65),(1418,243,34.19),(1418,286,22.63),(1418,372,22.31),(1419,169,31.90),(1419,339,40.67),(1419,369,41.58),(1420,162,29.75),(1420,261,53.97),(1422,170,53.09),(1422,211,21.04),(1422,217,40.06),(1422,262,46.04),(1422,269,43.31),(1423,187,48.76),(1423,207,20.11),(1424,280,24.55),(1424,317,25.66),(1425,141,37.49),(1425,179,30.64),(1425,209,41.50),(1427,206,36.12),(1427,298,49.39),(1427,343,49.61),(1427,350,25.74),(1428,278,34.59),(1428,315,21.25),(1430,145,26.78),(1430,199,43.51),(1430,356,48.23),(1431,174,47.57),(1431,195,23.40),(1431,208,32.32),(1431,235,37.54),(1431,297,52.81),(1431,368,20.35),(1432,209,45.25),(1432,322,52.96),(1433,111,25.75),(1433,131,36.10),(1433,367,47.88),(1434,153,50.34),(1434,240,45.61),(1434,330,23.03),(1435,125,44.86),(1435,364,49.18),(1436,251,50.46),(1436,373,40.02),(1438,131,35.60),(1438,353,52.95),(1439,164,41.31),(1439,174,23.33),(1439,278,47.54),(1441,150,42.32),(1441,177,46.48),(1441,248,51.28),(1441,255,20.94),(1441,291,23.37),(1441,315,52.49),(1442,148,37.10),(1442,183,29.46),(1442,244,38.95),(1442,303,46.47),(1442,354,30.84),(1444,173,30.23),(1444,226,36.77),(1445,136,52.81),(1445,245,27.77),(1445,311,30.28),(1445,312,42.45),(1445,339,32.53),(1445,351,34.82),(1446,251,46.41),(1447,115,25.19),(1447,135,36.47),(1447,373,37.72),(1448,162,35.84),(1448,178,24.33),(1448,213,33.93),(1449,164,40.87),(1449,205,30.05),(1449,219,40.11),(1450,125,23.65),(1450,207,34.87),(1450,298,27.98),(1450,365,20.56),(1451,125,53.15),(1451,127,44.43),(1451,209,48.42),(1451,304,51.58),(1451,369,19.82),(1452,113,27.51),(1452,171,19.49),(1452,242,42.20),(1452,363,30.94),(1453,154,49.58),(1453,196,19.35),(1453,219,28.10),(1453,277,38.13),(1453,347,43.59),(1454,170,35.01),(1454,260,19.94),(1456,133,53.45),(1456,196,19.28),(1456,246,22.02),(1456,313,33.29),(1457,169,28.62),(1457,183,27.56),(1458,200,19.18),(1458,201,45.83),(1458,220,46.63),(1458,226,44.44),(1458,317,52.19),(1459,10,25.19),(1459,183,37.02),(1459,244,52.02),(1459,273,33.03),(1459,376,45.05),(1460,168,27.73),(1460,302,20.65),(1461,12,32.99),(1461,147,20.97),(1461,214,37.15),(1461,225,23.28),(1461,274,50.98),(1463,294,42.76),(1463,347,19.47),(1465,131,52.60),(1465,289,22.47),(1466,114,32.71),(1466,241,27.60),(1466,319,51.62),(1466,348,26.75),(1467,136,34.03),(1467,185,50.17),(1467,242,19.27),(1468,155,52.94),(1468,335,23.55),(1469,205,42.08),(1469,359,48.93),(1470,105,37.13),(1470,118,40.67),(1470,130,48.72),(1470,136,37.94),(1470,174,40.76),(1471,134,19.53),(1471,250,34.02),(1471,285,22.50),(1471,347,26.54),(1472,103,21.13),(1472,142,24.75),(1472,197,49.99),(1472,219,46.60),(1472,223,22.59),(1472,293,19.67),(1473,150,33.36),(1473,159,30.49),(1474,170,26.95),(1474,237,29.49),(1475,118,43.93),(1475,230,50.40),(1475,308,53.47),(1475,358,40.24),(1477,112,41.69),(1477,344,43.90),(1478,107,28.44),(1478,122,20.64),(1478,178,22.33),(1478,251,42.33),(1479,119,33.85),(1479,213,52.69),(1479,266,43.87),(1479,282,42.86),(1479,287,37.24),(1479,327,25.88),(1480,142,48.72),(1480,182,43.02),(1480,234,32.40),(1480,248,43.09),(1481,103,40.18),(1481,327,53.39),(1483,113,19.19),(1483,166,42.87),(1483,267,51.55),(1483,275,42.78),(1483,291,53.63),(1483,298,40.70),(1485,166,42.13),(1485,200,24.88),(1485,264,43.92),(1485,292,29.49),(1485,329,39.85),(1485,339,26.91),(1487,138,19.82),(1487,216,47.12),(1487,252,25.11),(1489,121,47.92),(1489,127,38.03),(1489,259,47.14),(1489,300,27.98),(1489,321,29.20),(1491,163,21.97),(1491,173,52.20),(1491,180,43.25),(1491,278,44.68),(1491,318,47.78),(1491,354,50.86),(1492,140,37.32),(1492,164,50.07),(1492,208,29.69),(1492,210,34.31),(1492,277,19.02),(1492,372,52.47),(1493,344,21.74),(1493,363,21.99),(1493,365,34.23),(1494,122,28.90),(1494,144,50.93),(1494,216,49.18),(1494,286,39.09),(1494,311,50.49),(1494,372,43.25),(1498,10,51.16),(1498,220,21.21),(1499,191,25.78),(1499,341,44.36),(1500,112,43.43),(1500,167,38.69),(1500,185,25.52),(1500,207,51.60),(1500,274,19.68),(1500,325,21.72),(1502,147,40.42),(1502,280,21.85),(1503,104,33.97),(1503,114,36.39),(1503,125,41.68),(1503,337,52.51),(1504,247,46.52),(1504,255,27.85),(1504,296,47.92),(1505,105,23.63),(1505,196,23.84),(1506,153,39.32),(1506,250,36.72),(1507,114,39.48),(1507,143,19.16),(1507,167,31.86),(1507,332,51.19),(1507,368,24.83),(1508,213,40.05),(1508,228,50.81),(1509,117,30.55),(1509,223,46.27),(1509,307,44.23),(1509,368,44.67),(1510,149,43.40),(1510,151,50.37),(1510,153,47.50),(1510,291,21.70),(1510,374,35.38),(1511,234,39.10),(1511,270,43.63),(1512,142,21.25),(1512,223,21.49),(1512,267,24.71),(1512,347,45.25),(1513,165,45.90),(1513,263,33.30),(1513,296,41.63),(1513,318,32.96),(1514,306,48.12),(1514,342,52.58),(1514,359,37.97),(1516,143,31.31),(1516,294,44.32),(1517,226,38.66),(1517,327,34.92),(1518,141,33.76),(1518,181,41.65),(1518,314,24.38),(1518,364,52.99),(1519,184,50.98),(1519,209,30.18),(1519,288,26.97),(1520,244,25.92),(1520,371,31.70),(1522,208,42.42),(1522,341,40.58),(1524,130,39.86),(1524,172,32.36),(1524,185,36.77),(1524,188,46.17),(1524,241,35.34),(1524,364,41.79),(1525,113,45.62),(1525,116,40.99),(1525,262,42.51),(1525,335,21.71),(1525,365,32.03),(1528,124,38.38),(1528,227,29.60),(1528,268,27.62),(1528,290,39.75),(1528,293,44.76),(1528,328,21.05),(1529,114,45.50),(1529,238,28.47),(1529,279,40.00),(1529,324,53.10),(1530,231,46.28),(1530,292,39.77),(1532,141,34.09),(1532,287,30.10),(1533,224,31.01),(1533,345,42.14),(1535,114,40.20),(1535,178,23.76),(1535,181,25.77),(1535,292,23.21),(1536,111,51.27),(1536,218,50.82),(1536,339,24.50),(1536,345,21.03),(1536,347,47.67),(1537,131,44.85),(1537,244,23.14),(1538,162,19.35),(1538,291,41.23),(1539,142,26.89),(1539,199,31.28),(1539,203,30.40),(1539,229,26.19),(1539,249,23.82),(1539,296,41.42),(1540,207,34.00),(1540,230,35.52),(1540,281,45.89),(1540,324,38.44),(1541,109,22.93),(1541,129,28.80),(1541,259,44.22),(1541,321,34.03),(1543,128,22.81),(1543,232,44.80),(1543,294,30.66),(1543,306,40.56),(1543,343,33.28),(1543,356,25.73),(1544,157,30.75),(1544,162,31.28),(1544,256,42.76),(1544,289,42.53),(1544,374,30.96),(1545,270,43.68),(1545,351,45.93),(1546,158,20.65),(1546,174,39.55),(1546,198,48.72),(1546,200,35.98),(1546,226,49.75),(1546,244,51.78),(1547,168,48.75),(1547,184,24.20),(1547,206,21.07),(1547,288,47.42),(1547,337,21.53),(1548,163,53.68),(1548,228,25.85),(1548,317,51.18),(1549,167,40.14),(1549,218,33.84),(1550,222,32.75),(1550,241,23.85),(1551,113,25.35),(1551,134,38.98),(1551,296,30.16),(1551,347,50.41),(1551,375,46.12),(1552,239,36.92),(1552,255,41.93),(1552,276,41.34),(1552,304,31.64),(1555,294,28.18),(1556,101,40.10),(1556,174,25.24),(1556,255,46.91),(1556,263,33.19),(1557,166,30.19),(1557,216,49.38),(1557,225,29.54),(1557,237,32.34),(1557,290,39.19),(1559,183,30.99),(1559,214,52.14),(1559,267,21.35),(1559,291,49.56),(1559,343,30.80),(1560,305,49.25),(1560,317,32.80),(1562,117,28.07),(1562,332,27.67),(1563,112,38.39),(1563,153,43.08),(1563,203,49.45),(1563,233,48.05),(1563,311,29.50),(1564,107,31.75),(1564,143,38.76),(1564,168,44.60),(1565,207,51.28),(1565,270,37.04),(1565,284,43.45),(1565,301,37.33),(1566,157,44.36),(1566,225,46.62),(1567,163,36.66),(1567,202,40.47),(1567,245,37.30),(1567,314,33.51),(1567,332,44.67),(1567,341,44.01),(1568,100,41.75),(1568,126,35.03),(1568,155,30.91),(1568,223,30.44),(1568,276,40.47),(1569,101,47.36),(1569,275,44.90),(1570,237,45.87),(1570,296,45.27),(1572,226,31.90),(1572,251,26.37),(1572,266,34.47),(1572,293,47.00),(1574,122,36.15),(1574,232,33.26),(1574,245,44.32),(1574,251,37.04),(1574,275,20.19),(1574,277,26.96),(1575,256,42.98),(1575,293,39.17),(1575,319,38.62),(1575,348,21.57),(1576,127,47.85),(1576,157,44.80),(1576,239,46.28),(1576,312,48.94),(1576,338,51.86),(1576,364,23.49),(1577,101,24.48),(1577,124,26.50),(1577,137,30.77),(1577,171,47.78),(1577,277,36.78),(1577,366,28.04),(1578,113,30.77),(1578,168,19.44),(1578,198,24.60),(1578,269,52.86),(1578,305,20.18),(1578,345,43.45),(1579,218,51.90),(1579,258,38.89),(1579,315,53.84),(1579,339,29.52),(1580,214,42.56),(1580,254,35.88),(1580,319,32.71),(1581,154,41.60),(1581,340,28.86),(1582,170,20.72),(1582,190,20.58),(1582,270,51.75),(1582,283,34.35),(1582,338,50.87),(1583,229,28.21),(1583,296,31.40),(1583,330,35.63),(1583,334,27.85),(1583,370,48.27),(1584,155,37.22),(1584,191,36.95),(1584,222,24.88),(1584,319,47.41),(1585,160,35.01),(1585,216,19.49),(1585,225,38.85),(1585,226,39.48),(1585,246,35.08),(1585,327,38.39),(1586,10,46.80),(1586,302,52.44),(1588,117,39.95),(1588,132,37.68),(1588,150,49.57),(1589,273,21.30),(1589,350,44.45),(1590,10,33.16),(1590,243,52.56),(1591,125,37.52),(1591,209,27.09),(1592,292,29.80),(1593,192,38.56),(1593,200,20.55),(1593,272,39.71),(1593,300,38.07),(1593,330,30.31),(1594,296,48.63),(1595,189,29.38),(1595,351,41.43),(1595,373,30.01),(1596,13,24.02),(1596,373,53.31),(1597,184,20.37),(1597,190,49.98),(1597,225,37.95),(1597,285,35.17),(1597,351,23.95),(1598,105,20.27),(1598,123,52.70),(1598,124,41.41),(1598,190,43.70),(1599,108,34.89),(1599,133,20.57),(1599,178,26.82),(1599,224,37.10),(1599,240,38.81),(1599,361,51.12),(1600,12,34.80),(1600,154,47.50),(1600,214,48.78),(1600,226,49.57),(1600,300,46.78),(1600,311,43.70),(1601,189,44.00),(1601,339,41.27),(1603,109,43.11),(1603,318,31.93),(1603,331,30.75),(1603,351,20.84),(1605,13,27.29),(1605,308,46.83),(1605,319,50.95),(1605,375,46.98),(1606,139,46.46),(1606,195,25.20),(1606,255,35.21),(1606,312,47.27),(1606,374,40.71),(1607,104,50.99),(1607,212,38.39),(1607,358,21.07),(1608,144,25.34),(1608,361,30.26),(1609,104,41.06),(1609,142,20.76),(1609,150,41.72),(1609,225,31.60),(1609,233,49.84),(1609,275,24.80),(1611,242,47.49),(1611,251,53.96),(1611,345,21.10),(1612,107,38.59),(1612,151,28.70),(1612,159,28.42),(1612,226,51.50),(1612,310,53.69),(1612,340,33.40),(1613,132,41.12),(1613,158,25.00),(1614,155,34.78),(1614,347,27.31),(1615,343,42.84),(1618,10,41.07),(1618,125,41.49),(1618,137,50.74),(1618,230,28.10),(1618,258,21.88),(1618,261,36.22),(1619,108,27.48),(1619,111,30.92),(1619,143,53.16),(1619,211,29.16),(1619,344,44.77),(1620,225,42.48),(1620,245,46.90),(1620,340,53.08),(1621,126,41.12),(1621,360,39.58),(1622,168,41.15),(1622,213,50.46),(1623,224,23.10),(1623,260,38.76),(1623,349,38.67),(1623,354,50.46),(1624,10,39.27),(1624,144,53.08),(1624,240,51.98),(1624,254,26.89),(1624,276,20.48),(1624,352,41.79),(1625,103,41.97),(1625,192,51.10),(1625,200,30.99),(1625,266,19.66),(1625,339,27.87),(1626,196,47.35),(1626,209,38.55),(1626,226,45.77),(1626,334,24.22),(1626,374,34.81),(1628,310,20.84),(1628,373,35.09),(1629,305,19.97),(1630,219,23.76),(1630,324,19.42),(1630,353,35.94),(1631,239,48.96),(1631,302,28.17),(1632,126,39.08),(1632,141,43.23),(1632,222,51.50),(1632,336,21.90),(1633,167,44.50),(1633,313,39.83),(1633,328,34.07),(1633,329,41.26),(1633,332,42.95),(1633,368,23.46),(1634,172,22.66),(1634,175,24.46),(1634,303,22.06),(1634,327,51.53),(1634,348,28.93),(1634,364,25.25),(1635,295,51.25),(1635,355,26.39),(1635,372,53.08),(1636,190,45.05),(1636,288,47.34),(1637,175,33.56),(1637,280,29.04),(1638,103,20.49),(1638,104,48.67),(1638,105,22.85),(1638,260,43.62),(1638,269,34.93),(1638,304,19.23),(1639,142,28.32),(1639,228,35.14),(1639,273,36.72),(1639,334,40.82),(1639,356,24.20),(1640,108,27.77),(1640,165,52.14),(1640,192,42.27),(1640,218,50.90),(1640,348,37.79),(1640,369,28.02),(1641,192,46.44),(1641,214,23.06),(1641,279,39.01),(1641,325,33.12),(1641,326,28.28),(1641,348,51.10),(1642,162,28.56),(1642,183,51.47),(1642,187,31.23),(1642,217,24.95),(1642,336,39.67),(1644,146,37.54),(1644,207,37.92),(1644,211,21.02),(1645,129,29.53),(1645,134,40.95),(1645,223,50.35),(1645,271,39.92),(1645,300,33.46),(1645,313,24.12),(1646,103,32.04),(1646,185,28.82),(1646,230,25.81),(1646,321,28.79),(1647,104,32.91),(1647,138,43.22),(1647,223,35.66),(1647,335,45.78),(1648,112,39.60),(1648,300,48.73),(1650,114,39.32),(1650,205,33.87),(1650,263,32.40),(1650,300,24.58),(1650,327,21.53),(1651,213,40.91),(1651,265,29.99),(1651,303,25.61),(1651,307,21.33),(1652,275,20.63),(1652,348,53.05),(1653,103,44.35),(1653,136,53.40),(1653,327,32.88),(1653,354,30.67),(1659,154,42.93),(1659,176,38.88),(1659,205,52.25),(1659,260,31.44),(1660,129,25.80),(1660,184,45.46),(1660,237,48.01),(1660,283,29.23),(1661,173,26.34),(1661,184,19.67),(1661,223,31.00),(1661,297,36.56),(1661,357,35.37),(1661,369,44.26),(1662,126,23.07),(1662,171,46.83),(1662,192,21.77),(1662,225,22.25),(1662,349,40.96),(1664,118,40.45),(1664,135,37.12),(1664,263,39.92),(1664,267,28.49),(1664,328,46.13),(1665,144,47.62),(1665,163,25.53),(1665,180,25.46),(1665,264,24.21),(1665,314,51.48),(1666,115,48.07),(1666,210,32.23),(1666,254,32.95),(1666,256,39.71),(1666,344,49.05),(1668,266,26.93),(1668,318,35.60),(1670,109,52.58),(1670,136,48.33),(1670,184,53.68),(1670,211,53.52),(1671,167,24.15),(1671,351,20.01),(1672,160,53.99),(1672,244,27.08),(1672,264,27.96),(1672,306,22.27),(1673,127,32.96),(1673,198,27.71),(1673,205,26.57),(1673,272,39.29),(1673,309,46.42),(1673,357,36.71),(1674,113,43.18),(1674,157,40.27),(1674,168,24.18),(1674,330,20.54),(1675,173,19.66),(1675,230,52.03),(1675,281,38.83),(1675,350,29.38),(1678,142,40.36),(1678,165,38.64),(1678,206,39.39),(1678,228,21.06),(1678,263,50.14),(1678,292,34.76),(1679,173,25.46),(1680,180,48.20),(1680,314,46.09),(1680,334,35.30),(1681,231,19.80),(1681,338,23.29),(1682,156,43.30),(1682,168,25.49),(1683,121,35.64),(1683,185,20.92),(1683,216,48.68),(1684,111,34.42),(1684,144,24.44),(1685,271,25.44),(1685,297,22.25),(1685,329,39.68),(1685,351,48.49),(1685,370,43.24),(1686,225,25.82),(1686,296,35.73),(1687,111,48.02),(1687,147,28.39),(1687,169,44.44),(1687,375,52.79),(1688,134,43.70),(1688,164,24.82),(1688,197,25.58),(1688,218,34.89),(1688,365,48.00),(1689,193,24.63),(1689,301,46.53),(1691,100,50.85),(1691,102,32.55),(1691,231,52.89),(1691,302,19.91),(1691,314,45.70),(1692,149,38.48),(1692,154,20.48),(1692,289,30.80),(1692,298,28.01),(1692,349,37.94),(1692,352,50.98),(1694,102,28.12),(1694,169,22.24),(1694,189,42.82),(1694,313,21.46),(1696,252,27.53),(1696,333,48.27),(1697,243,53.12),(1697,372,20.24),(1699,188,32.72),(1699,359,22.77),(1700,133,20.64),(1700,147,50.47),(1700,168,35.90),(1700,229,37.79),(1700,291,38.02),(1701,109,42.97),(1701,142,28.66),(1701,158,28.22),(1701,169,42.31),(1701,324,32.37),(1701,345,21.87),(1702,307,46.51),(1702,326,48.44),(1703,302,21.70),(1703,357,47.81),(1703,365,42.78);
/*!40000 ALTER TABLE `manifestpassenger` ENABLE KEYS */;
UNLOCK TABLES;

--
-- Table structure for table `model`
--

DROP TABLE IF EXISTS `model`;
/*!40101 SET @saved_cs_client     = @@character_set_client */;
/*!50503 SET character_set_client = utf8mb4 */;
CREATE TABLE `model` (
  `ModelID` tinyint unsigned NOT NULL,
  `Brand` varchar(30) DEFAULT NULL,
  `Description` varchar(60) DEFAULT NULL,
  `Model` varchar(20) DEFAULT NULL,
  `TopSpeed` decimal(6,2) unsigned DEFAULT NULL,
  `MaxRange` decimal(6,2) unsigned DEFAULT NULL,
  `MaxCargoWeight` decimal(6,2) unsigned DEFAULT NULL,
  `MaxSeats` tinyint unsigned DEFAULT NULL,
  `TypeID` tinyint unsigned NOT NULL,
  PRIMARY KEY (`ModelID`)
) ENGINE=InnoDB DEFAULT CHARSET=utf8mb4 COLLATE=utf8mb4_0900_ai_ci;
/*!40101 SET character_set_client = @saved_cs_client */;

--
-- Dumping data for table `model`
--

LOCK TABLES `model` WRITE;
/*!40000 ALTER TABLE `model` DISABLE KEYS */;
INSERT INTO `model` VALUES (1,'DJI','Small package delivery drone','Mavic',90.00,100.00,30.00,1,2),(2,'DJI','Short range small package delivery','Spark',120.00,50.00,20.00,1,2),(3,'DJI','Medium package transport','Phantom',100.00,80.00,40.00,1,2),(4,'DJI','Large package transport','Inspire',80.00,120.00,60.00,1,2),(5,'GoPro','High speed small package delivery','Karma',200.00,120.00,30.00,1,2),(6,'GoPro','High speed medium package transport','Hero6',180.00,110.00,40.00,1,2),(7,'Yuneec','6 passenger transport','Typhoon 6X',122.00,250.00,1500.00,6,1),(8,'Yuneec','4 passenger transport','Mantis Q',168.00,300.00,1000.00,4,3),(9,'Yuneec','6 passenger transport, high speed','Typhoon H',168.00,250.00,1500.00,6,1),(10,'Parrot','2 passenger transport','Bebob',186.00,450.00,500.00,2,1),(11,'Parrot','2 passenger, long range','ANAFI',204.00,800.00,500.00,2,1);
/*!40000 ALTER TABLE `model` ENABLE KEYS */;
UNLOCK TABLES;

--
-- Table structure for table `package`
--

DROP TABLE IF EXISTS `package`;
/*!40101 SET @saved_cs_client     = @@character_set_client */;
/*!50503 SET character_set_client = utf8mb4 */;
CREATE TABLE `package` (
  `PackageID` int unsigned NOT NULL AUTO_INCREMENT,
  `Length` decimal(6,2) unsigned NOT NULL,
  `Width` decimal(6,2) unsigned NOT NULL,
  `Height` decimal(6,2) unsigned NOT NULL,
  `Weight` decimal(5,2) unsigned NOT NULL,
  PRIMARY KEY (`PackageID`)
) ENGINE=InnoDB AUTO_INCREMENT=463 DEFAULT CHARSET=utf8mb4 COLLATE=utf8mb4_0900_ai_ci;
/*!40101 SET character_set_client = @saved_cs_client */;

--
-- Dumping data for table `package`
--

LOCK TABLES `package` WRITE;
/*!40000 ALTER TABLE `package` DISABLE KEYS */;
INSERT INTO `package` VALUES (1,22.80,5.00,10.90,28.60),(2,26.70,3.40,12.90,29.10),(3,22.80,5.30,11.70,29.10),(4,33.80,9.60,10.80,53.70),(5,17.40,11.40,7.70,48.10),(6,20.90,9.40,10.30,59.20),(7,18.30,5.40,8.40,27.50),(8,7.50,6.30,4.60,53.20),(9,22.70,11.20,8.90,58.00),(10,14.60,8.70,14.10,59.40),(11,21.00,11.10,9.00,58.60),(12,17.60,5.40,6.10,24.30),(13,15.70,8.90,10.40,59.10),(14,18.70,5.60,6.60,24.00),(15,22.90,5.40,7.30,26.90),(16,24.90,6.60,11.60,59.00),(17,11.80,4.90,9.60,24.10),(18,17.10,4.80,11.10,39.40),(19,27.00,4.10,10.10,38.90),(20,24.00,4.20,9.40,20.90),(21,14.00,5.60,7.60,26.50),(22,23.90,5.10,7.50,26.00),(23,43.80,6.40,16.70,57.90),(24,26.30,5.30,16.40,32.60),(25,32.70,11.00,12.10,54.60),(26,6.20,4.10,4.50,35.10),(27,14.90,7.20,13.20,36.40),(28,16.40,5.30,11.30,32.80),(29,14.00,10.70,9.50,59.60),(30,32.70,7.40,11.40,36.60),(31,12.20,11.20,11.70,57.90),(32,30.80,8.70,14.90,51.80),(33,33.10,7.30,15.50,38.90),(34,19.90,4.50,10.30,32.60),(35,11.40,5.20,9.40,24.80),(36,25.60,8.00,15.40,35.70),(37,9.30,3.20,3.10,26.60),(38,12.70,6.50,10.40,35.80),(39,30.00,9.60,9.90,56.90),(40,19.40,6.70,8.70,33.70),(41,19.60,7.90,6.60,33.90),(42,17.00,7.10,10.50,53.00),(43,35.70,5.60,12.20,25.20),(44,19.10,4.70,14.80,36.00),(45,17.10,7.40,16.50,37.00),(46,17.00,5.10,9.50,34.80),(47,28.10,5.10,13.60,39.30),(48,19.10,6.20,13.70,37.60),(49,28.60,4.90,17.40,35.70),(50,27.80,4.30,19.70,38.80),(51,13.50,4.80,11.50,27.00),(52,6.70,6.30,2.40,34.50),(53,20.60,6.80,7.70,32.50),(54,17.20,4.80,11.60,24.60),(55,36.80,4.70,12.80,27.40),(56,36.10,4.50,13.30,32.90),(57,25.50,6.30,8.40,37.50),(58,36.00,7.70,11.50,32.70),(59,26.00,7.80,14.00,32.50),(60,5.80,6.60,2.80,35.40),(61,17.10,11.90,14.50,55.50),(62,8.00,4.90,2.60,35.70),(63,26.00,7.40,9.20,31.70),(64,22.00,7.70,10.10,34.60),(65,21.30,6.90,11.20,59.00),(66,21.90,7.00,11.20,37.50),(67,30.30,5.60,15.70,39.80),(68,20.30,4.70,7.60,37.20),(69,17.40,7.60,12.20,38.00),(70,45.30,5.20,15.50,37.70),(71,16.60,5.80,8.00,26.60),(72,23.20,4.90,9.20,29.80),(73,26.30,7.00,9.90,35.40),(74,13.10,4.40,5.70,36.20),(75,25.00,7.30,13.80,40.00),(76,24.50,6.00,7.80,32.90),(77,16.00,3.80,12.50,26.50),(78,19.70,7.30,15.10,33.70),(79,11.60,7.10,11.40,36.90),(80,16.90,11.10,8.20,59.10),(81,14.90,5.90,8.70,32.80),(82,22.10,6.60,8.70,38.80),(83,19.60,6.40,7.20,32.00),(84,6.10,3.30,4.10,20.10),(85,32.20,4.50,14.90,36.10),(86,14.70,5.30,8.20,25.10),(87,5.50,6.80,2.60,33.20),(88,11.90,11.70,8.30,52.70),(89,16.50,7.70,10.10,36.30),(90,24.80,10.80,12.80,49.20),(91,16.90,7.80,14.80,32.40),(92,14.30,7.50,6.30,25.50),(93,11.50,7.80,11.00,28.70),(94,23.00,6.20,17.00,57.00),(95,23.10,4.20,11.50,27.70),(96,18.20,4.70,8.90,34.00),(97,20.60,7.40,14.40,51.80),(98,42.50,4.20,13.80,37.20),(99,19.00,3.00,14.70,27.40),(100,5.30,5.30,3.10,27.80),(101,30.80,6.90,15.40,38.20),(102,12.60,10.70,10.10,55.40),(103,18.20,9.50,11.90,53.00),(104,25.50,4.40,11.10,39.30),(105,20.00,5.80,6.80,33.10),(106,18.90,7.60,8.30,52.00),(107,15.40,3.80,12.00,24.60),(108,4.90,6.80,3.10,33.50),(109,26.40,7.80,10.20,39.50),(110,19.30,4.60,15.80,32.60),(111,39.30,5.10,13.50,35.10),(112,21.30,3.70,8.40,24.80),(113,42.60,5.20,15.50,39.40),(114,13.10,3.20,11.40,17.40),(115,27.60,5.60,9.90,32.30),(116,20.50,4.10,9.40,29.00),(117,23.80,3.20,14.60,24.50),(118,22.80,3.30,15.90,28.00),(119,40.20,3.30,20.00,29.40),(120,18.40,6.80,6.70,32.50),(121,10.00,5.80,7.10,33.00),(122,30.30,9.00,10.30,51.10),(123,34.70,11.40,11.80,51.00),(124,21.10,4.10,8.60,33.90),(125,19.30,5.20,6.20,28.10),(126,15.20,5.40,6.00,21.00),(127,12.50,10.70,9.40,49.70),(128,23.60,7.80,18.60,59.60),(129,15.10,8.70,9.50,52.70),(130,14.80,9.10,12.10,51.80),(131,13.00,6.00,11.60,36.90),(132,14.90,8.50,13.00,57.10),(133,24.70,5.50,8.10,27.50),(134,35.30,7.50,12.40,33.70),(135,18.80,4.00,14.80,38.10),(136,24.40,6.80,10.10,35.30),(137,18.40,5.80,9.30,36.90),(138,33.50,11.30,11.00,59.50),(139,17.30,3.60,13.10,29.00),(140,21.80,10.30,7.60,53.10),(141,26.90,5.90,15.40,33.90),(142,13.60,7.70,11.00,51.30),(143,24.80,6.70,8.10,36.90),(144,24.90,4.50,22.30,34.90),(145,22.10,3.90,14.60,29.20),(146,24.50,11.70,14.10,57.40),(147,17.00,3.30,9.70,24.00),(148,16.00,4.30,15.30,37.80),(149,18.40,6.00,11.20,37.20),(150,13.00,7.10,9.70,35.30),(151,25.60,10.10,8.10,48.70),(152,10.00,6.70,4.60,58.60),(153,14.70,9.40,8.90,52.40),(154,29.30,3.80,17.10,25.80),(155,18.00,3.60,6.80,24.10),(156,18.70,5.60,7.80,25.70),(157,28.20,8.10,20.80,48.50),(158,19.20,3.60,11.40,26.70),(159,27.80,8.80,9.50,41.20),(160,15.60,5.90,8.00,30.10),(161,20.60,8.60,16.20,36.60),(162,28.00,6.40,14.60,52.20),(163,14.50,4.30,9.50,26.60),(164,24.80,6.30,23.50,38.70),(165,30.50,5.80,9.80,36.60),(166,7.80,4.30,3.70,22.80),(167,16.90,4.80,7.60,24.80),(168,29.40,8.00,16.70,39.40),(169,21.60,9.40,9.70,59.20),(170,13.00,4.90,11.90,25.00),(171,6.80,8.60,3.80,56.50),(172,17.20,5.70,11.50,39.20),(173,36.60,5.20,14.00,28.40),(174,18.40,4.60,14.10,37.70),(175,23.70,3.80,19.90,29.40),(176,15.70,11.40,8.80,57.50),(177,8.00,6.20,6.80,28.00),(178,20.20,8.10,17.90,36.70),(179,23.40,7.80,9.50,37.60),(180,30.40,4.30,16.00,29.10),(181,17.50,6.00,13.20,37.70),(182,14.10,6.90,7.60,32.50),(183,24.30,6.70,21.90,38.30),(184,30.10,4.60,14.70,33.60),(185,18.90,5.60,8.80,24.30),(186,19.20,7.10,6.50,32.80),(187,22.50,6.30,11.80,54.70),(188,39.20,9.00,12.10,59.90),(189,16.10,7.40,11.70,50.80),(190,25.50,3.70,11.70,27.40),(191,17.20,9.50,13.80,59.60),(192,17.30,10.50,6.60,52.40),(193,25.80,5.10,11.00,32.90),(194,17.40,6.00,10.30,26.20),(195,21.70,4.20,8.60,33.70),(196,13.70,7.80,7.80,29.30),(197,16.40,6.70,12.70,32.10),(198,19.70,4.10,8.30,26.00),(199,22.70,5.80,7.40,36.60),(200,19.70,6.30,8.30,33.20),(201,17.90,5.20,16.80,28.10),(202,22.00,5.80,12.00,27.00),(203,6.50,5.70,2.10,27.10),(204,20.40,5.00,17.20,37.00),(205,13.70,23.60,9.30,114.30),(206,24.90,13.40,18.10,101.40),(207,14.00,5.90,9.90,29.40),(208,26.10,3.90,11.60,26.90),(209,21.10,21.60,6.70,105.40),(210,17.70,20.10,7.30,96.10),(211,22.20,6.60,9.50,32.60),(212,18.80,18.70,7.40,96.90),(213,22.70,6.30,7.90,39.80),(214,24.70,8.80,7.70,55.70),(215,7.10,7.00,4.90,38.20),(216,28.80,10.80,15.90,52.50),(217,12.70,7.70,12.10,34.00),(218,24.00,4.40,8.30,38.10),(219,35.20,6.40,22.30,52.50),(220,19.60,7.20,6.30,39.20),(221,28.60,12.30,19.50,108.50),(222,26.20,4.40,11.50,22.70),(223,29.30,8.70,10.00,48.50),(224,34.20,3.10,11.00,29.00),(225,8.10,6.00,4.30,38.60),(226,21.90,3.10,9.40,29.10),(227,16.90,6.10,9.80,37.60),(228,16.20,6.90,14.80,35.00),(229,17.30,5.50,10.90,37.60),(230,16.00,7.70,8.50,34.00),(231,26.00,6.10,16.10,58.50),(232,26.60,4.70,8.50,24.50),(233,17.30,3.10,16.00,27.80),(234,4.80,4.90,4.10,28.50),(235,21.00,7.30,6.60,33.80),(236,17.90,6.10,7.00,34.50),(237,38.90,3.30,13.40,29.10),(238,16.90,5.40,5.60,23.40),(239,15.70,5.20,11.60,25.90),(240,22.50,5.00,7.60,33.50),(241,19.70,7.20,7.50,36.70),(242,8.90,5.90,3.30,36.60),(243,38.60,5.00,13.20,32.10),(244,16.30,16.20,10.20,105.50),(245,15.30,4.90,9.90,33.50),(246,13.70,8.00,10.00,39.50),(247,16.70,5.80,14.00,37.20),(248,22.10,6.90,10.90,51.70),(249,27.10,8.20,16.50,55.20),(250,20.10,5.70,9.70,27.50),(251,22.30,5.20,20.70,39.80),(252,17.80,6.20,6.90,34.60),(253,18.00,16.80,9.20,119.70),(254,13.60,9.90,8.50,50.00),(255,22.90,8.00,11.00,29.10),(256,26.10,4.00,8.20,33.80),(257,22.10,5.00,8.60,34.60),(258,23.20,7.60,8.80,36.10),(259,8.40,5.30,3.00,27.80),(260,25.70,5.50,15.90,37.30),(261,53.90,4.10,16.70,37.50),(262,29.40,4.00,9.40,36.30),(263,17.50,8.20,8.20,50.70),(264,24.70,6.90,8.90,58.90),(265,25.10,4.00,12.20,34.00),(266,16.50,10.90,12.90,53.90),(267,14.90,5.90,11.30,33.10),(268,16.20,19.20,6.30,61.30),(269,14.20,4.60,7.90,23.70),(270,30.40,8.60,10.90,52.40),(271,12.30,18.60,10.50,96.40),(272,25.30,6.80,10.40,38.00),(273,14.20,14.00,13.70,114.70),(274,23.30,5.20,8.40,33.00),(275,15.50,10.30,8.10,58.90),(276,14.90,6.90,9.90,38.60),(277,14.00,6.40,10.10,36.60),(278,14.60,13.20,13.00,99.80),(279,12.70,20.80,9.10,85.90),(280,20.90,5.90,8.20,20.20),(281,6.10,7.10,4.10,28.80),(282,18.10,5.70,8.70,29.20),(283,27.00,5.60,8.50,37.10),(284,27.00,5.50,14.10,37.30),(285,30.70,8.50,11.00,52.10),(286,26.80,6.70,10.70,49.70),(287,18.70,16.20,10.00,107.30),(288,22.80,7.50,19.90,54.80),(289,27.90,4.20,9.90,29.80),(290,18.60,6.70,5.90,25.50),(291,18.40,7.80,14.60,39.50),(292,14.20,5.10,13.30,37.30),(293,18.10,5.10,11.10,39.10),(294,31.00,3.50,26.10,29.20),(295,16.30,14.90,12.50,105.00),(296,22.20,19.40,14.10,101.80),(297,22.10,3.10,17.00,25.40),(298,43.40,12.10,17.60,116.90),(299,23.50,7.30,8.10,55.90),(300,36.20,5.30,17.50,36.70),(301,28.70,23.90,15.90,110.00),(302,14.80,9.40,11.50,52.80),(303,15.30,4.80,14.00,27.30),(304,31.20,3.00,17.10,22.10),(305,11.60,7.20,11.30,25.50),(306,18.30,11.10,11.10,49.80),(307,17.10,5.30,14.40,37.80),(308,16.20,22.90,9.80,83.80),(309,9.30,4.20,3.10,35.40),(310,19.50,4.60,13.40,33.00),(311,19.30,16.40,9.60,89.80),(312,29.60,3.20,10.30,17.60),(313,30.80,17.10,12.30,112.30),(314,20.60,5.50,10.80,29.90),(315,27.00,7.10,8.90,35.70),(316,21.90,6.70,6.90,39.90),(317,27.40,5.60,18.40,33.00),(318,23.20,7.20,9.40,52.60),(319,5.40,5.20,4.60,29.50),(320,21.30,5.30,10.60,34.40),(321,25.10,20.00,20.60,114.60),(322,20.60,19.70,20.30,107.40),(323,32.20,6.40,11.60,58.60),(324,31.80,8.40,9.90,42.00),(325,23.40,5.70,22.30,34.90),(326,29.70,5.70,11.00,36.70),(327,28.30,5.10,12.10,36.60),(328,40.90,19.90,13.00,119.20),(329,25.70,6.30,11.70,38.00),(330,19.70,6.50,12.50,32.20),(331,22.60,8.00,9.30,56.40),(332,14.10,10.00,12.40,56.00),(333,26.60,5.00,9.90,28.10),(334,23.30,4.70,10.50,38.90),(335,14.00,7.30,9.20,37.00),(336,12.30,7.90,11.00,33.70),(337,34.40,7.30,13.70,55.00),(338,22.70,4.90,7.80,36.20),(339,24.50,19.20,8.10,100.30),(340,24.20,15.90,9.40,111.30),(341,29.40,9.00,15.00,59.10),(342,25.60,4.40,16.10,29.70),(343,28.40,5.50,10.40,36.30),(344,33.70,4.00,16.30,28.10),(345,19.10,11.00,10.80,58.40),(346,22.10,7.20,17.90,37.00),(347,19.70,11.40,12.80,58.20),(348,26.70,5.70,8.40,25.40),(349,24.70,10.60,16.60,52.70),(350,21.40,4.00,9.20,25.10),(351,24.50,8.20,7.90,52.20),(352,31.00,5.70,11.90,21.30),(353,22.80,6.30,11.40,36.90),(354,9.60,4.60,5.40,25.50),(355,17.90,6.30,11.10,32.60),(356,32.00,3.30,13.90,29.10),(357,30.20,5.50,10.20,33.00),(358,21.30,12.10,11.20,115.80),(359,31.10,3.20,10.40,29.30),(360,7.50,6.30,4.70,53.20),(361,20.60,7.80,14.00,59.20),(362,15.20,4.80,9.20,12.40),(363,44.80,4.90,14.00,35.80),(364,17.30,9.70,13.20,60.00),(365,23.50,7.00,9.50,59.20),(366,15.80,6.90,8.30,32.80),(367,16.30,18.50,9.30,105.70),(368,16.60,6.20,12.00,53.30),(369,9.60,7.40,7.90,48.60),(370,25.50,6.00,10.70,37.70),(371,37.70,15.60,14.40,106.40),(372,29.70,12.30,10.20,96.10),(373,15.50,4.40,13.20,39.10),(374,22.40,20.10,12.70,105.10),(375,23.10,4.20,7.50,26.90),(376,19.60,8.20,11.40,54.70),(377,22.80,4.20,14.20,25.50),(378,23.40,7.10,8.60,35.60),(379,12.00,6.30,11.70,36.80),(380,15.60,6.00,10.30,33.30),(381,13.70,7.50,7.70,33.80),(382,26.30,5.10,11.80,35.70),(383,15.80,20.40,7.20,104.80),(384,30.00,6.40,14.40,56.00),(385,18.20,7.00,6.60,38.30),(386,21.10,7.60,6.90,34.10),(387,32.80,8.70,11.50,56.30),(388,14.90,7.00,8.30,39.80),(389,13.70,23.00,10.90,101.80),(390,22.60,19.90,10.70,101.10),(391,18.10,5.10,8.10,28.70),(392,14.20,23.10,7.80,115.90),(393,12.70,4.80,4.90,40.00),(394,10.70,18.50,4.00,109.70),(395,9.80,5.70,8.20,19.40),(396,20.70,13.20,7.80,79.70),(397,22.20,4.90,9.60,38.60),(398,15.50,5.80,10.90,32.80),(399,19.70,18.30,6.60,106.70),(400,29.00,6.00,10.70,52.40),(401,12.40,7.10,9.50,34.20),(402,21.80,12.10,16.10,119.60),(403,15.30,23.30,12.30,117.30),(404,29.80,5.30,10.80,34.20),(405,7.50,5.70,4.50,32.60),(406,19.90,7.90,9.80,34.20),(407,32.80,5.20,20.10,37.20),(408,15.40,8.70,11.00,51.50),(409,17.20,4.50,16.00,37.30),(410,14.10,7.80,12.10,55.00),(411,17.10,11.00,9.40,38.30),(412,23.70,11.30,13.90,48.10),(413,16.40,7.70,9.30,33.50),(414,16.50,5.50,16.30,25.60),(415,22.20,8.70,7.70,49.80),(416,15.00,5.80,13.90,36.40),(417,23.20,6.60,11.70,57.30),(418,26.20,5.40,15.50,32.90),(419,28.90,3.70,14.70,24.70),(420,23.70,4.90,8.00,37.30),(421,20.40,9.00,10.80,51.60),(422,13.60,4.40,12.80,28.30),(423,3.70,5.70,3.20,24.50),(424,16.00,8.00,6.60,32.60),(425,17.80,7.30,6.50,35.40),(426,20.20,6.00,13.90,38.10),(427,14.40,3.90,11.70,26.40),(428,4.70,9.90,3.90,53.20),(429,14.70,23.20,8.70,113.20),(430,17.70,11.30,9.90,53.90),(431,19.00,11.30,15.00,41.30),(432,19.80,22.90,13.00,103.60),(433,17.90,7.90,15.70,45.00),(434,21.80,18.30,7.30,111.70),(435,21.60,13.50,7.90,99.00),(436,14.30,17.60,12.00,103.40),(437,28.10,3.30,17.80,26.00),(438,18.00,10.70,7.90,55.50),(439,18.30,22.10,15.60,115.90),(440,21.40,9.50,8.30,55.50),(441,15.10,19.40,10.40,73.90),(442,24.90,5.90,15.50,24.60),(443,7.00,4.90,2.70,24.60),(444,18.40,6.50,10.00,33.10),(445,32.80,3.50,19.30,26.90),(446,8.00,12.70,4.10,106.60),(447,20.40,4.40,20.40,35.60),(448,19.10,6.50,14.90,32.40),(449,30.00,6.60,23.10,51.20),(450,25.00,5.50,14.90,34.70),(451,21.70,8.80,10.10,51.10),(452,16.10,7.70,10.20,39.20),(453,18.50,8.10,7.10,45.50),(454,20.00,4.90,14.20,25.10),(455,15.50,5.10,11.00,38.00),(456,27.90,5.50,18.80,32.70),(457,16.30,7.60,9.50,52.80),(458,22.80,7.90,9.70,32.10),(459,6.10,9.80,3.50,49.20),(460,34.80,8.40,13.60,54.90),(461,18.40,7.20,8.30,38.50),(462,17.30,8.90,8.60,21.70);
/*!40000 ALTER TABLE `package` ENABLE KEYS */;
UNLOCK TABLES;

--
-- Table structure for table `passenger`
--

DROP TABLE IF EXISTS `passenger`;
/*!40101 SET @saved_cs_client     = @@character_set_client */;
/*!50503 SET character_set_client = utf8mb4 */;
CREATE TABLE `passenger` (
  `PassID` int unsigned NOT NULL AUTO_INCREMENT,
  `FirstName` varchar(25) NOT NULL,
  `LastName` varchar(25) NOT NULL,
  `Address` varchar(45) DEFAULT NULL,
  `City` varchar(45) DEFAULT NULL,
  `State` varchar(25) DEFAULT NULL,
  `Country` varchar(45) DEFAULT NULL,
  `RegionCode` varchar(10) DEFAULT NULL,
  `LocationLat` decimal(9,6) DEFAULT NULL,
  `LocationLong` decimal(9,6) DEFAULT NULL,
  PRIMARY KEY (`PassID`)
) ENGINE=InnoDB AUTO_INCREMENT=377 DEFAULT CHARSET=utf8mb4 COLLATE=utf8mb4_0900_ai_ci;
/*!40101 SET character_set_client = @saved_cs_client */;

--
-- Dumping data for table `passenger`
--

LOCK TABLES `passenger` WRITE;
/*!40000 ALTER TABLE `passenger` DISABLE KEYS */;
INSERT INTO `passenger` VALUES (10,'Shawn','Creviston','620 W Clairemont Ave','Eau Claire','WI','USA','54701',44.794002,-91.504809),(11,'Kyle','Lowenhagen','620 W Clairemont Ave','Eau Claire','WI','USA','54701',44.794002,-91.504809),(12,'Jon','Cooley','620 W Clairemont Ave','Eau Claire','WI','USA','54701',44.794002,-91.504809),(13,'Josh','Cooley','620 W Clairemont Ave','Eau Claire','WI','USA','54701',44.794002,-91.504809),(14,'Eric','Wackwitz','620 W Clairemont Ave','Eau Claire','WI','USA','54701',44.794002,-91.504809),(100,'Kaitlin','Wilkinson','P.O. Box 679, 2590 Sed Rd.','Copper Harbor','MI','USA','75125',47.467839,-87.884957),(101,'Macaulay','Bennett','507-2112 Lobortis Rd.','Baudette','MN','USA','29214',48.708318,-94.588058),(102,'Hope','Rosa','Ap #949-9193 Bibendum. St.','Pickwick','MN','USA','07667',43.919950,-91.545925),(103,'Micah','Michael','228-9427 Tempor Rd.','Oak Park','IL','USA','74776',41.889015,-87.766747),(104,'Judith','Nash','738-6649 Lectus Ave','International Falls','MN','USA','67422',48.580635,-93.392883),(105,'Avram','Ashley','975-9332 Iaculis Rd.','Crooked Lake','MN','USA','44972',48.178564,-91.788763),(106,'Wang','Logan','456 Mauris Rd.','Grand Portage','MN','USA','23667',47.970198,-89.672391),(107,'Gregory','Reeves','Ap #236-7045 Auctor Ave','Eau Claire','WI','USA','54701',44.763124,-91.465354),(108,'Sean','Galloway','Ap #948-3254 Dui. Av.','Altoona','WI','USA','25740',44.793080,-91.406874),(109,'Elliott','Glover','Ap #526-3250 Id Street','Grand Haven','MI','USA','11141',43.068581,-86.234254),(110,'Vernon','Ferguson','4644 A St.','Athens','WI','USA','54411',45.001336,-90.003809),(111,'Walter','Hart','P.O. Box 135, 6478 Mattis. Street','Eau Claire','WI','USA','54703',44.800528,-91.551658),(112,'Kibo','Rios','P.O. Box 952, 8442 Eget, Street','Owatonna','MN','USA','55060',44.120250,-93.253253),(113,'Carson','Lyons','Ap #182-970 Lorem Ave','Sterling','IL','USA','61081',41.780198,-89.634105),(114,'Christine','Francis','282-3258 Nunc St.','Oakdale','MN','USA','55042',45.020739,-91.938381),(115,'Alan','Sweeney','Ap #711-524 Enim. St.','Eau Claire','WI','USA','54703',44.858410,-91.488643),(116,'Calista','Porter','195-9752 Ligula Ave','Rockford','IL','USA','61101',42.263652,-89.116212),(117,'Wing','Warner','112-5439 Diam. St.','New Auburn','WI','USA','54757',45.156358,-91.508156),(118,'Cody','Black','911-7930 Fermentum St.','Mankato','MN','USA','56001',44.096267,-93.914349),(119,'Plato','Buck','Ap #216-7989 Gravida. Avenue','Edina','MN','USA','55417',44.866129,-93.295125),(120,'George','Key','P.O. Box 808, 1785 Cursus Avenue','Chandler','MN','USA','56122',43.871958,-95.955006),(121,'Wylie','Olsen','Ap #233-6731 Pellentesque Ave','Altoona','WI','USA','54720',44.823399,-91.451383),(122,'Hammett','Terrell','7056 Nibh Rd.','New Auburn','WI','USA','54757',45.196349,-91.576224),(123,'Imani','Woodward','3398 Sit St.','Freeport','IL','USA','61032',42.295918,-89.645648),(124,'Jemima','Petty','Ap #756-8877 Orci Rd.','Port Wing','WI','USA','54865',46.784021,-91.360139),(125,'Florence','Park','P.O. Box 836, 7688 Libero Road','Rockford','IL','USA','61101',42.257852,-89.153575),(126,'Arsenio','Walker','Ap #569-1773 Donec Rd.','La Crosse','WI','USA','54601',43.786988,-91.300892),(127,'Aristotle','Bryan','P.O. Box 837, 5299 Cras Rd.','Sterling','IL','USA','61081',41.827255,-89.643217),(128,'Tatyana','Branch','Ap #376-6591 Dictum Rd.','New Auburn','WI','USA','54757',45.153957,-91.512207),(129,'Bradley','Black','660-3148 Sed, Rd.','Rochester','MN','USA','55904',43.926459,-92.516703),(130,'Chester','Lindsay','7120 Phasellus Rd.','Madison','WI','USA','53705',43.044359,-89.494815),(131,'Timothy','Richardson','Ap #960-8395 Faucibus St.','Crystal Lake','IL','USA','60012',42.240312,-88.393789),(132,'Jin','Bender','P.O. Box 864, 315 Dis Road','Freeport','IL','USA','61032',42.247302,-89.633600),(133,'Claudia','Kirkland','761-6997 Ipsum. Road','Sterling','IL','USA','61081',41.811705,-89.766370),(134,'Gary','Griffin','P.O. Box 736, 758 Lectus. St.','Wisconsin Rapids','WI','USA','54494',44.348871,-89.742349),(135,'Lara','Montgomery','Ap #799-5651 Mauris Ave','Wisconsin Rapids','WI','USA','54494',44.314336,-89.810006),(136,'Jaquelyn','Emerson','2300 Consectetuer Ave','Madison','WI','USA','53705',43.082231,-89.393946),(137,'Ryder','Cote','P.O. Box 442, 7771 Interdum. Avenue','Owatonna','MN','USA','55060',44.080462,-93.177597),(138,'Echo','Talley','P.O. Box 575, 1788 Justo. Rd.','Aurora','IL','USA','60505',41.803456,-88.368691),(139,'Driscoll','Brown','P.O. Box 586, 5355 Mattis St.','Edina','MN','USA','55417',44.886862,-93.141273),(140,'Rae','Collier','P.O. Box 801, 2786 Praesent Street','La Crosse','WI','USA','54601',43.810581,-91.121732),(141,'Fallon','Brady','P.O. Box 195, 620 Ut Ave','New Auburn','WI','USA','54757',45.250932,-91.540185),(142,'Asher','Forbes','418-6995 Convallis Street','Edina','MN','USA','55417',44.826608,-93.218165),(143,'Kaden','Atkins','P.O. Box 677, 1753 Praesent Ave','Chandler','MN','USA','56122',43.963440,-96.012074),(144,'Quincy','Flowers','985-5999 Metus. St.','La Crosse','WI','USA','54601',43.743278,-91.260489),(145,'Marshall','Bell','596-6069 Ut Street','Eau Claire','WI','USA','54703',44.875346,-91.554130),(146,'Josh','Hess','866-3925 Dolor. Rd.','Evansville','MN','USA','56326',46.090056,-95.687790),(147,'Griffin','Barrett','P.O. Box 150, 6109 Per St.','Appleton','WI','USA','54915',44.232009,-88.300528),(148,'Latifah','Oconnor','199-2442 Felis Ave','Rockford','IL','USA','61101',42.312857,-89.114635),(149,'Ifeoma','Benton','Ap #698-7951 Nulla Rd.','Eau Claire','WI','USA','54701',44.720268,-91.503785),(150,'Hilda','Francis','157-6703 Risus, St.','Oakdale','MN','USA','55042',44.946114,-91.946821),(151,'Graiden','Jefferson','Ap #471-2774 Felis, Road','Rochester','MN','USA','55904',44.001148,-92.521533),(152,'Rooney','Flowers','Ap #148-4474 Maecenas Ave','Janesville','WI','USA','53546',42.682956,-89.044452),(153,'Jacob','Reyes','Ap #107-366 Curae; St.','Port Wing','WI','USA','54865',46.800439,-91.420157),(154,'TaShya','Rogers','P.O. Box 381, 2572 Quisque Av.','Rockford','IL','USA','61101',42.260791,-89.139151),(155,'Xander','Joyce','Ap #991-8188 Ac St.','Owatonna','MN','USA','55060',44.100953,-93.213186),(156,'August','Mcguire','P.O. Box 381, 2509 Diam St.','Oakdale','MN','USA','55042',44.972856,-91.927233),(157,'Branden','Neal','P.O. Box 390, 1423 Faucibus. St.','Oakdale','MN','USA','55042',45.008710,-91.853321),(158,'Olympia','Keller','3796 Id, Ave','Owatonna','MN','USA','55060',44.131577,-93.173569),(159,'Bell','Garrison','5790 Venenatis Ave','Pinecreek','MN','USA','56751',48.924012,-95.968220),(160,'Demetria','Bradford','7358 Elementum St.','Janesville','WI','USA','53546',42.669402,-88.953907),(161,'Dolan','Gay','7953 Etiam Avenue','Black River Falls','WI','USA','54615',44.289048,-91.730768),(162,'Shelley','Carpenter','898-2248 Dolor. St.','Black River Falls','WI','USA','54615',44.262805,-91.744632),(163,'Hadassah','Pearson','P.O. Box 951, 9920 Metus Ave','Port Wing','WI','USA','54865',46.741222,-91.301310),(164,'Maite','Harding','1263 Lobortis Av.','Port Wing','WI','USA','54865',46.765078,-91.305478),(165,'McKenzie','Pollard','1739 Suspendisse Ave','Littlefork','MN','USA','56653',48.429313,-93.489698),(166,'Oscar','Harper','9802 Eros Street','New Auburn','WI','USA','54757',45.269294,-91.596531),(167,'Beverly','Holman','P.O. Box 908, 9545 Suspendisse St.','Rochester','MN','USA','55904',43.960835,-92.437663),(168,'Chaney','Gates','8126 Vestibulum, Rd.','Lexington','MN','USA','55014',45.116723,-93.093616),(169,'Amir','Wong','445-470 Per Ave','Lexington','MN','USA','55014',45.089922,-93.113006),(170,'Bell','Medina','4055 Commodo Avenue','Mankato','MN','USA','56001',44.080620,-94.026401),(171,'Jerome','Delacruz','P.O. Box 221, 380 Scelerisque Avenue','Sterling','IL','USA','61081',41.757040,-89.802428),(172,'Judah','Dixon','506-7786 Rutrum St.','Owatonna','MN','USA','55060',44.125955,-93.204360),(173,'Hilary','Hancock','699-9144 Massa Road','New Auburn','WI','USA','54757',45.199259,-91.553735),(174,'Desirae','Riley','803-1143 Nec St.','Green Bay','WI','USA','54303',44.575860,-88.092697),(175,'Stephen','Dotson','Ap #982-4670 Vulputate Road','Edina','MN','USA','55417',44.883269,-93.174322),(176,'Forrest','Mcgowan','824 Vitae Ave','Oakdale','MN','USA','55042',44.945873,-91.944631),(177,'TaShya','Flowers','3949 Nullam St.','Chandler','MN','USA','56122',43.965238,-95.997859),(178,'Halee','Ryan','P.O. Box 351, 1429 Blandit St.','Rochester','MN','USA','55904',43.986361,-92.442732),(179,'Karen','Logan','Ap #430-1931 Lectus St.','Littlefork','MN','USA','56653',48.401964,-93.514656),(180,'Cooper','Velez','628-3307 Neque Rd.','New Auburn','WI','USA','54757',45.192490,-91.610705),(181,'Axel','Ewing','627-7874 Sapien, St.','Chippewa Falls','WI','USA','54729',45.008024,-91.431614),(182,'Fay','Decker','731-5984 Donec Street','Lexington','MN','USA','55014',45.166793,-93.101557),(183,'Uriah','Warren','P.O. Box 431, 838 Augue St.','New Auburn','WI','USA','54757',45.167054,-91.603984),(184,'Yoshio','Edwards','5636 Iaculis Rd.','Freeport','IL','USA','61032',42.332140,-89.542928),(185,'Mira','Christensen','869-3043 Integer Rd.','Janesville','WI','USA','53546',42.722526,-88.924977),(186,'Grant','Lindsey','P.O. Box 475, 354 Luctus Street','Mankato','MN','USA','56001',44.157017,-94.017438),(187,'Signe','Cain','P.O. Box 623, 9975 Nunc. St.','Muskego','WI','USA','53150',42.826837,-88.209310),(188,'Adrienne','Moreno','682 Libero Avenue','Black River Falls','WI','USA','54615',44.316026,-91.724439),(189,'Bertha','Romero','P.O. Box 336, 5507 Lectus Av.','Chandler','MN','USA','56122',43.976374,-95.919291),(190,'Melvin','Craig','P.O. Box 101, 1838 Metus. Rd.','Port Wing','WI','USA','54865',46.775309,-91.414539),(191,'Hayfa','Hays','Ap #949-5428 Sem. Street','Rochester','MN','USA','55904',44.039835,-92.412677),(192,'Ashely','Alvarez','Ap #464-8457 Ipsum Rd.','La Crosse','WI','USA','54601',43.826259,-91.190189),(193,'Wynter','Gibson','337-2697 Id, Rd.','Aurora','IL','USA','60505',41.796437,-88.235327),(194,'Edan','Washington','1903 Erat Road','Madison','WI','USA','53705',43.132910,-89.389844),(195,'Aphrodite','Whitaker','186-4493 Mauris Av.','Oakdale','MN','USA','55042',45.041831,-91.964603),(196,'Constance','Barrera','946-7817 Sed Ave','Rockford','IL','USA','61101',42.356686,-89.159253),(197,'Finn','Howell','P.O. Box 584, 5128 Et Rd.','Littlefork','MN','USA','56653',48.424947,-93.518453),(198,'Armand','Rice','Ap #217-224 Et Street','Oakdale','MN','USA','55042',44.942105,-91.964436),(199,'Hall','Sweet','P.O. Box 752, 5308 Fermentum St.','Madison','WI','USA','53705',43.019382,-89.499289),(200,'Karen','Black','456 Mauris Rd.','Janesville','WI','USA','53546',42.703871,-89.066943),(201,'Claudia','Barrera','911-7930 Fermentum St.','Muskego','WI','USA','53150',42.867272,-88.095109),(202,'Asher','Walker','1739 Suspendisse Ave','Madison','WI','USA','53705',43.060667,-89.369086),(203,'Gregory','Warner','P.O. Box 195, 620 Ut Ave','Littlefork','MN','USA','56653',48.328409,-93.504659),(204,'Jaquelyn','Flowers','4055 Commodo Avenue','Thorp','WI','USA','54771',44.976058,-90.843617),(205,'Ifeoma','Flowers','P.O. Box 808, 1785 Cursus Avenue','Eau Claire','WI','USA','54703',44.877637,-91.536936),(206,'August','Atkins','P.O. Box 431, 838 Augue St.','New Auburn','WI','USA','54757',45.188115,-91.639041),(207,'Signe','Emerson','P.O. Box 336, 5507 Lectus Av.','Green Bay','WI','USA','54303',44.500376,-88.102634),(208,'Aristotle','Rosa','824 Vitae Ave','New Auburn','WI','USA','54757',45.205662,-91.501079),(209,'Aphrodite','Terrell','3796 Id, Ave','Mankato','MN','USA','56001',44.082253,-94.020483),(210,'Bradley','Porter','Ap #711-524 Enim. St.','Eau Claire','WI','USA','54703',44.869578,-91.599065),(211,'Kyle','Emerson','761-6997 Ipsum. Road','Mankato','MN','USA','56001',44.077098,-94.058603),(212,'Wynter','Terrell','P.O. Box 150, 6109 Per St.','Black River Falls','WI','USA','54615',44.309791,-91.763370),(213,'Kaitlin','Mcgowan','Ap #799-5651 Mauris Ave','Crystal Lake','IL','USA','60012',42.219408,-88.359757),(214,'Hayfa','Warner','Ap #107-366 Curae; St.','La Crosse','WI','USA','54601',43.803724,-91.186685),(215,'Judith','Flowers','Ap #430-1931 Lectus St.','Edina','MN','USA','55417',44.826792,-93.228495),(216,'Aphrodite','Atkins','Ap #217-224 Et Street','Green Bay','WI','USA','54303',44.568583,-87.951506),(217,'Bell','Wilkinson','P.O. Box 952, 8442 Eget, Street','Oakdale','MN','USA','55042',45.032545,-91.845099),(218,'Jemima','Cooley','869-3043 Integer Rd.','Madison','WI','USA','53705',43.022448,-89.467282),(219,'Florence','Flowers','731-5984 Donec Street','Chippewa Falls','WI','USA','54729',44.924459,-91.311637),(220,'Chester','Bender','157-6703 Risus, St.','Evansville','MN','USA','56326',46.113586,-95.702579),(221,'Uriah','Cooley','157-6703 Risus, St.','Port Wing','WI','USA','54865',46.822462,-91.434847),(222,'Shelley','Hart','P.O. Box 679, 2590 Sed Rd.','Sterling','IL','USA','61081',41.840510,-89.735124),(223,'Wylie','Griffin','7120 Phasellus Rd.','Muskego','WI','USA','53150',42.911325,-88.138505),(224,'Karen','Wackwitz','Ap #799-5651 Mauris Ave','Altoona','WI','USA','54720',44.858431,-91.390971),(225,'Judah','Lowenhagen','866-3925 Dolor. Rd.','Freeport','IL','USA','61032',42.266912,-89.662392),(226,'Hope','Wackwitz','418-6995 Convallis Street','Evansville','MN','USA','56326',46.132142,-95.742820),(227,'Timothy','Olsen','P.O. Box 752, 5308 Fermentum St.','Aurora','IL','USA','60505',41.773516,-88.218731),(228,'Mira','Barrera','P.O. Box 431, 838 Augue St.','Madison','WI','USA','53705',43.095022,-89.483570),(229,'Jerome','Kirkland','3949 Nullam St.','Aurora','IL','USA','60505',41.749741,-88.387278),(230,'Ashely','Galloway','P.O. Box 336, 5507 Lectus Av.','Muskego','WI','USA','53150',42.927247,-88.204769),(231,'Wylie','Carpenter','445-470 Per Ave','Freeport','IL','USA','61032',42.285886,-89.529297),(232,'Claudia','Reyes','195-9752 Ligula Ave','Pinecreek','MN','USA','56751',48.904269,-95.920400),(233,'Jon','Edwards','P.O. Box 575, 1788 Justo. Rd.','Eau Claire','WI','USA','54703',44.848392,-91.566999),(234,'Olympia','Barrera','418-6995 Convallis Street','Altoona','WI','USA','54720',44.774590,-91.455813),(235,'Ifeoma','Sweeney','Ap #799-5651 Mauris Ave','Black River Falls','WI','USA','54615',44.293632,-91.884977),(236,'Vernon','Warren','3398 Sit St.','Eau Claire','WI','USA','54701',44.800207,-91.463773),(237,'Carson','Carpenter','869-3043 Integer Rd.','Rochester','MN','USA','55904',43.951292,-92.524212),(238,'Rae','Mcgowan','985-5999 Metus. St.','Port Wing','WI','USA','54865',46.782857,-91.366007),(239,'August','Reyes','P.O. Box 442, 7771 Interdum. Avenue','Evansville','MN','USA','56326',46.100782,-95.797785),(240,'Hammett','Gay','157-6703 Risus, St.','Wisconsin Rapids','WI','USA','54494',44.296420,-89.766276),(241,'Judith','Medina','445-470 Per Ave','Crystal Lake','IL','USA','60012',42.294882,-88.363222),(242,'Olympia','Lowenhagen','P.O. Box 195, 620 Ut Ave','Appleton','WI','USA','54915',44.206149,-88.305213),(243,'Gregory','Collier','5636 Iaculis Rd.','Muskego','WI','USA','53150',42.848891,-88.045600),(244,'Karen','Talley','195-9752 Ligula Ave','Eau Claire','WI','USA','54701',44.725223,-91.474236),(245,'Hammett','Montgomery','195-9752 Ligula Ave','Thorp','WI','USA','54771',44.932006,-90.797367),(246,'Dolan','Alvarez','Ap #376-6591 Dictum Rd.','Muskego','WI','USA','53150',42.878212,-88.200375),(247,'Ifeoma','Lyons','P.O. Box 677, 1753 Praesent Ave','Black River Falls','WI','USA','54615',44.297912,-91.861247),(248,'Kyle','Flowers','195-9752 Ligula Ave','Lexington','MN','USA','55014',45.103607,-93.190038),(249,'Melvin','Bennett','199-2442 Felis Ave','La Crosse','WI','USA','54601',43.791424,-91.270973),(250,'Adrienne','Medina','Ap #698-7951 Nulla Rd.','Rochester','MN','USA','55904',44.015102,-92.414569),(251,'Bradley','Emerson','3949 Nullam St.','Crystal Lake','IL','USA','60012',42.254221,-88.285966),(252,'Gregory','Black','P.O. Box 221, 380 Scelerisque Avenue','Green Bay','WI','USA','54303',44.605306,-88.053574),(253,'Aristotle','Bennett','P.O. Box 221, 380 Scelerisque Avenue','Freeport','IL','USA','61032',42.308384,-89.541138),(254,'Olympia','Glover','P.O. Box 908, 9545 Suspendisse St.','Aurora','IL','USA','60505',41.686980,-88.310076),(255,'George','Harding','P.O. Box 195, 620 Ut Ave','Aurora','IL','USA','60505',41.730207,-88.347044),(256,'Cooper','Sweeney','P.O. Box 475, 354 Luctus Street','Freeport','IL','USA','61032',42.353094,-89.579909),(257,'Kaitlin','Carpenter','P.O. Box 679, 2590 Sed Rd.','Crystal Lake','IL','USA','60012',42.215399,-88.392101),(258,'Olympia','Lowenhagen','946-7817 Sed Ave','Edina','MN','USA','55417',44.848750,-93.238672),(259,'Hilda','Griffin','506-7786 Rutrum St.','Rochester','MN','USA','55904',44.027548,-92.503501),(260,'Rae','Lowenhagen','Ap #148-4474 Maecenas Ave','Thorp','WI','USA','54771',45.004780,-90.814827),(261,'Bell','Wilkinson','699-9144 Massa Road','New Auburn','WI','USA','54757',45.231109,-91.510156),(262,'Alan','Walker','P.O. Box 195, 620 Ut Ave','Crystal Lake','IL','USA','60012',42.314464,-88.392016),(263,'Olympia','Reeves','Ap #711-524 Enim. St.','Thorp','WI','USA','54771',44.970043,-90.884865),(264,'Carson','Emerson','P.O. Box 135, 6478 Mattis. Street','New Auburn','WI','USA','54757',45.233085,-91.484105),(265,'Wynter','Flowers','P.O. Box 908, 9545 Suspendisse St.','Port Wing','WI','USA','54865',46.830794,-91.383279),(266,'Rae','Wilkinson','Ap #799-5651 Mauris Ave','New Auburn','WI','USA','54757',45.259003,-91.474698),(267,'Timothy','Warner','4055 Commodo Avenue','Chippewa Falls','WI','USA','54729',44.989373,-91.385688),(268,'Judith','Glover','P.O. Box 475, 354 Luctus Street','Black River Falls','WI','USA','54615',44.241086,-91.730229),(269,'Kaden','Terrell','5636 Iaculis Rd.','Muskego','WI','USA','53150',42.862480,-88.132713),(270,'Judith','Dotson','Ap #799-5651 Mauris Ave','Muskego','WI','USA','53150',42.890881,-88.112996),(271,'Cody','Black','P.O. Box 195, 620 Ut Ave','Black River Falls','WI','USA','54615',44.256078,-91.806836),(272,'Ifeoma','Logan','Ap #711-524 Enim. St.','Sterling','IL','USA','61081',41.805789,-89.629920),(273,'Adrienne','Warner','3398 Sit St.','Eau Claire','WI','USA','54701',44.702661,-91.441621),(274,'Timothy','Lyons','1903 Erat Road','Edina','MN','USA','55417',44.885415,-93.164948),(275,'Micah','Medina','157-6703 Risus, St.','Chandler','MN','USA','56122',43.978850,-95.891971),(276,'Rae','Lyons','4644 A St.','Chippewa Falls','WI','USA','54729',44.922949,-91.333444),(277,'Driscoll','Riley','Ap #148-4474 Maecenas Ave','Black River Falls','WI','USA','54615',44.252590,-91.823063),(278,'Carson','Flowers','195-9752 Ligula Ave','Rochester','MN','USA','55904',43.940430,-92.408685),(279,'Ifeoma','Rice','Ap #236-7045 Auctor Ave','Pinecreek','MN','USA','56751',48.903583,-95.921594),(280,'Shawn','Lindsey','660-3148 Sed, Rd.','Eau Claire','WI','USA','54703',44.841338,-91.611859),(281,'Cody','Black','P.O. Box 908, 9545 Suspendisse St.','Altoona','WI','USA','54720',44.851569,-91.427989),(282,'Dolan','Olsen','803-1143 Nec St.','Eau Claire','WI','USA','54703',44.872010,-91.578238),(283,'Griffin','Bryan','731-5984 Donec Street','Thorp','WI','USA','54771',44.951376,-90.839494),(284,'TaShya','Hess','946-7817 Sed Ave','Littlefork','MN','USA','56653',48.347576,-93.548628),(285,'Olympia','Flowers','P.O. Box 431, 838 Augue St.','Edina','MN','USA','55417',44.934894,-93.150370),(286,'Demetria','Emerson','P.O. Box 679, 2590 Sed Rd.','Freeport','IL','USA','61032',42.333950,-89.534526),(287,'Karen','Barrera','P.O. Box 195, 620 Ut Ave','Oakdale','MN','USA','55042',45.019551,-91.951300),(288,'Oscar','Lowenhagen','5636 Iaculis Rd.','Littlefork','MN','USA','56653',48.351144,-93.506390),(289,'Demetria','Washington','Ap #464-8457 Ipsum Rd.','Owatonna','MN','USA','55060',44.064179,-93.291833),(290,'Dolan','Ferguson','P.O. Box 908, 9545 Suspendisse St.','La Crosse','WI','USA','54601',43.817124,-91.265885),(291,'Bell','Collier','9802 Eros Street','Thorp','WI','USA','54771',44.956919,-90.786292),(292,'Marshall','Key','5790 Venenatis Ave','Eau Claire','WI','USA','54703',44.876408,-91.535119),(293,'Beverly','Carpenter','Ap #471-2774 Felis, Road','Black River Falls','WI','USA','54615',44.285160,-91.771975),(294,'Fay','Sweeney','186-4493 Mauris Av.','Black River Falls','WI','USA','54615',44.220817,-91.874832),(295,'Arsenio','Rosa','Ap #233-6731 Pellentesque Ave','Altoona','WI','USA','54720',44.846974,-91.462945),(296,'Vernon','Flowers','P.O. Box 195, 620 Ut Ave','Madison','WI','USA','53705',43.038609,-89.535364),(297,'Hilary','Medina','P.O. Box 952, 8442 Eget, Street','Freeport','IL','USA','61032',42.281849,-89.557049),(298,'Signe','Flowers','3398 Sit St.','Thorp','WI','USA','54771',44.980420,-90.799421),(299,'Marshall','Flowers','P.O. Box 195, 620 Ut Ave','New Auburn','WI','USA','54757',45.197518,-91.573101),(300,'Beverly','Emerson','628-3307 Neque Rd.','Sterling','IL','USA','61081',41.814280,-89.751267),(301,'Micah','Black','3949 Nullam St.','Edina','MN','USA','55417',44.942919,-93.287392),(302,'Griffin','Lowenhagen','P.O. Box 679, 2590 Sed Rd.','Eau Claire','WI','USA','54703',44.882356,-91.497266),(303,'Quincy','Barrera','Ap #148-4474 Maecenas Ave','Eau Claire','WI','USA','54703',44.829176,-91.523638),(304,'Macaulay','Wackwitz','P.O. Box 908, 9545 Suspendisse St.','Mankato','MN','USA','56001',44.159509,-93.984716),(305,'Kyle','Lyons','Ap #526-3250 Id Street','Thorp','WI','USA','54771',44.999697,-90.845888),(306,'Kyle','Medina','Ap #182-970 Lorem Ave','Green Bay','WI','USA','54303',44.568136,-87.965792),(307,'Florence','Porter','Ap #471-2774 Felis, Road','New Auburn','WI','USA','54757',45.180454,-91.500361),(308,'Melvin','Hart','P.O. Box 679, 2590 Sed Rd.','La Crosse','WI','USA','54601',43.762044,-91.121198),(309,'Micah','Emerson','Ap #107-366 Curae; St.','La Crosse','WI','USA','54601',43.827534,-91.195254),(310,'Bell','Lowenhagen','3398 Sit St.','Littlefork','MN','USA','56653',48.346137,-93.556962),(311,'Vernon','Edwards','186-4493 Mauris Av.','Muskego','WI','USA','53150',42.838251,-88.126831),(312,'Signe','Moreno','P.O. Box 431, 838 Augue St.','New Auburn','WI','USA','54757',45.169600,-91.581846),(313,'Chester','Kirkland','4055 Commodo Avenue','Appleton','WI','USA','54915',44.326164,-88.342232),(314,'Chester','Wong','P.O. Box 135, 6478 Mattis. Street','Oakdale','MN','USA','55042',44.981347,-91.858472),(315,'Olympia','Reeves','P.O. Box 584, 5128 Et Rd.','New Auburn','WI','USA','54757',45.232364,-91.492833),(316,'Wynter','Neal','898-2248 Dolor. St.','Madison','WI','USA','53705',43.117540,-89.503283),(317,'Grant','Velez','P.O. Box 475, 354 Luctus Street','Rockford','IL','USA','61101',42.301002,-89.197227),(318,'Kyle','Park','P.O. Box 908, 9545 Suspendisse St.','Chippewa Falls','WI','USA','54729',44.912183,-91.404420),(319,'Finn','Decker','Ap #799-5651 Mauris Ave','Edina','MN','USA','55417',44.871928,-93.264420),(320,'Hall','Lyons','946-7817 Sed Ave','Appleton','WI','USA','54915',44.204426,-88.308396),(321,'Timothy','Montgomery','985-5999 Metus. St.','Janesville','WI','USA','53546',42.605747,-89.054538),(322,'Kaitlin','Barrera','946-7817 Sed Ave','Eau Claire','WI','USA','54703',44.862078,-91.454830),(323,'Josh','Cooley','985-5999 Metus. St.','Chandler','MN','USA','56122',43.948884,-95.921460),(324,'Hilda','Warner','Ap #236-7045 Auctor Ave','Eau Claire','WI','USA','54703',44.828910,-91.517032),(325,'Vernon','Lowenhagen','Ap #799-5651 Mauris Ave','Crystal Lake','IL','USA','60012',42.257912,-88.257522),(326,'Bradley','Alvarez','P.O. Box 431, 838 Augue St.','Chippewa Falls','WI','USA','54729',45.000220,-91.303995),(327,'Xander','Mcgowan','Ap #982-4670 Vulputate Road','New Auburn','WI','USA','54757',45.216322,-91.605468),(328,'Christine','Barrera','P.O. Box 808, 1785 Cursus Avenue','Mankato','MN','USA','56001',44.149825,-94.061395),(329,'Grant','Lowenhagen','445-470 Per Ave','Muskego','WI','USA','53150',42.919008,-88.081863),(330,'Demetria','Romero','P.O. Box 836, 7688 Libero Road','Muskego','WI','USA','53150',42.906090,-88.178625),(331,'Graiden','Emerson','P.O. Box 908, 9545 Suspendisse St.','Chippewa Falls','WI','USA','54729',45.017052,-91.372815),(332,'Ifeoma','Montgomery','803-1143 Nec St.','Freeport','IL','USA','61032',42.301994,-89.584709),(333,'Melvin','Whitaker','P.O. Box 381, 2509 Diam St.','Aurora','IL','USA','60505',41.772740,-88.226055),(334,'Shawn','Rosa','157-6703 Risus, St.','Eau Claire','WI','USA','54703',44.893104,-91.610265),(335,'Dolan','Emerson','Ap #948-3254 Dui. Av.','Crystal Lake','IL','USA','60012',42.307282,-88.251168),(336,'Wynter','Cooley','157-6703 Risus, St.','Eau Claire','WI','USA','54703',44.859493,-91.485952),(337,'Christine','Hart','418-6995 Convallis Street','Aurora','IL','USA','60505',41.733883,-88.321046),(338,'Wynter','Branch','445-470 Per Ave','Oakdale','MN','USA','55042',44.985539,-91.829965),(339,'Carson','Reeves','1739 Suspendisse Ave','Pinecreek','MN','USA','56751',48.945416,-95.792533),(340,'Olympia','Cooley','985-5999 Metus. St.','Port Wing','WI','USA','54865',46.796507,-91.264292),(341,'Ifeoma','Cote','418-6995 Convallis Street','Chippewa Falls','WI','USA','54729',45.008734,-91.432005),(342,'TaShya','Terrell','Ap #471-2774 Felis, Road','Lexington','MN','USA','55014',45.150459,-93.209709),(343,'Cooper','Hancock','P.O. Box 150, 6109 Per St.','Rochester','MN','USA','55904',43.987473,-92.441568),(344,'Shelley','Porter','157-6703 Risus, St.','Pinecreek','MN','USA','56751',48.965829,-95.824864),(345,'Wang','Medina','P.O. Box 679, 2590 Sed Rd.','New Auburn','WI','USA','54757',45.180542,-91.500620),(346,'Amir','Logan','Ap #107-366 Curae; St.','La Crosse','WI','USA','54601',43.756966,-91.154577),(347,'Wynter','Rosa','Ap #799-5651 Mauris Ave','Edina','MN','USA','55417',44.873563,-93.238700),(348,'Wynter','Warner','P.O. Box 390, 1423 Faucibus. St.','Altoona','WI','USA','54720',44.836828,-91.355849),(349,'Signe','Washington','228-9427 Tempor Rd.','Janesville','WI','USA','53546',42.710741,-89.025241),(350,'Wynter','Medina','P.O. Box 908, 9545 Suspendisse St.','La Crosse','WI','USA','54601',43.787890,-91.300130),(351,'Ifeoma','Ashley','P.O. Box 623, 9975 Nunc. St.','Sterling','IL','USA','61081',41.824804,-89.660924),(352,'Kyle','Cain','P.O. Box 431, 838 Augue St.','Chandler','MN','USA','56122',43.887527,-96.022619),(353,'Grant','Cain','P.O. Box 221, 380 Scelerisque Avenue','Rockford','IL','USA','61101',42.350956,-89.196185),(354,'Rae','Reeves','P.O. Box 195, 620 Ut Ave','Aurora','IL','USA','60505',41.705738,-88.345396),(355,'Rae','Cain','199-2442 Felis Ave','Lexington','MN','USA','55014',45.081960,-93.168232),(356,'Hilary','Cooley','803-1143 Nec St.','Appleton','WI','USA','54915',44.274002,-88.353570),(357,'Tatyana','Black','Ap #148-4474 Maecenas Ave','Green Bay','WI','USA','54303',44.538769,-88.000265),(358,'Gary','Logan','P.O. Box 195, 620 Ut Ave','Freeport','IL','USA','61032',42.337024,-89.710332),(359,'Grant','Reeves','869-3043 Integer Rd.','Littlefork','MN','USA','56653',48.431486,-93.660388),(360,'Rae','Barrett','Ap #148-4474 Maecenas Ave','Edina','MN','USA','55417',44.917624,-93.290684),(361,'Wynter','Black','337-2697 Id, Rd.','Owatonna','MN','USA','55060',44.067644,-93.269267),(362,'Wynter','Ferguson','P.O. Box 431, 838 Augue St.','Pinecreek','MN','USA','56751',48.991246,-95.838376),(363,'Imani','Terrell','4055 Commodo Avenue','New Auburn','WI','USA','54757',45.225790,-91.552044),(364,'Joseph','Emerson','Ap #216-7989 Gravida. Avenue','Crystal Lake','IL','USA','60012',42.284022,-88.255382),(365,'Ashely','Kirkland','P.O. Box 575, 1788 Justo. Rd.','Lexington','MN','USA','55014',45.192567,-93.082345),(366,'Wylie','Flowers','P.O. Box 801, 2786 Praesent Street','Eau Claire','WI','USA','54701',44.715808,-91.543711),(367,'Plato','Flowers','869-3043 Integer Rd.','Edina','MN','USA','55417',44.824545,-93.235939),(368,'Edan','Medina','157-6703 Risus, St.','La Crosse','WI','USA','54601',43.744007,-91.244100),(369,'Oscar','Craig','4055 Commodo Avenue','Oakdale','MN','USA','55042',44.995365,-91.941408),(370,'Wynter','Talley','Ap #148-4474 Maecenas Ave','Owatonna','MN','USA','55060',44.048725,-93.227614),(371,'Demetria','Flowers','P.O. Box 101, 1838 Metus. Rd.','Muskego','WI','USA','53150',42.944589,-88.081988),(372,'Wylie','Whitaker','157-6703 Risus, St.','Evansville','MN','USA','56326',46.090490,-95.691432),(373,'Bell','Hart','P.O. Box 431, 838 Augue St.','La Crosse','WI','USA','54601',43.833236,-91.144868),(374,'Chester','Hancock','445-470 Per Ave','Sterling','IL','USA','61081',41.780597,-89.631334),(375,'TaShya','Alvarez','P.O. Box 575, 1788 Justo. Rd.','Edina','MN','USA','55417',44.823704,-93.241337),(376,'Rae','Medina','P.O. Box 908, 9545 Suspendisse St.','Thorp','WI','USA','54771',44.995208,-90.877690);
/*!40000 ALTER TABLE `passenger` ENABLE KEYS */;
UNLOCK TABLES;

--
-- Table structure for table `passgroup`
--

DROP TABLE IF EXISTS `passgroup`;
/*!40101 SET @saved_cs_client     = @@character_set_client */;
/*!50503 SET character_set_client = utf8mb4 */;
CREATE TABLE `passgroup` (
  `GroupID` int unsigned NOT NULL AUTO_INCREMENT,
  `Nickname` varchar(40) DEFAULT NULL,
  `Description` varchar(150) DEFAULT NULL,
  `OwnerID` int unsigned NOT NULL,
  `GroupTypeID` tinyint unsigned DEFAULT NULL,
  PRIMARY KEY (`GroupID`)
) ENGINE=InnoDB AUTO_INCREMENT=103 DEFAULT CHARSET=utf8mb4 COLLATE=utf8mb4_0900_ai_ci;
/*!40101 SET character_set_client = @saved_cs_client */;

--
-- Dumping data for table `passgroup`
--

LOCK TABLES `passgroup` WRITE;
/*!40000 ALTER TABLE `passgroup` DISABLE KEYS */;
INSERT INTO `passgroup` VALUES (1,'Wong Family','Vacation',169,1),(2,'Wilkinson Family','Vacation',100,1),(4,'Whitaker Family','Vacation',195,1),(6,'Washington Family','Vacation',194,1),(8,'Warren Family','Vacation',183,1),(9,'Warner Family','Vacation',117,1),(11,'Walker Family','Vacation',126,1),(12,'Wackwitz Family','Vacation',14,1),(13,'Wackwitz Family','Vacation',226,1),(14,'Velez Family','Vacation',180,1),(15,'Terrell Family','Vacation',122,1),(16,'Talley Family','Vacation',138,1),(18,'Sweeney Family','Vacation',115,1),(20,'Rosa Family','Vacation',102,1),(21,'Romero Family','Vacation',189,1),(22,'Riley Family','Vacation',174,1),(23,'Rice Family','Vacation',198,1),(24,'Reyes Family','Vacation',153,1),(25,'Reeves Family','Vacation',107,1),(27,'Porter Family','Vacation',116,1),(28,'Park Family','Vacation',125,1),(29,'Olsen Family','Vacation',121,1),(30,'Neal Family','Vacation',157,1),(31,'Moreno Family','Vacation',188,1),(32,'Montgomery Family','Vacation',135,1),(33,'Medina Family','Vacation',170,1),(34,'Medina Family','Vacation',306,1),(35,'Mcgowan Family','Vacation',176,1),(36,'Lyons Family','Vacation',113,1),(37,'Lowenhagen Family','Vacation',11,1),(38,'Lowenhagen Family','Vacation',260,1),(39,'Logan Family','Vacation',106,1),(40,'Lindsey Family','Vacation',186,1),(41,'Kirkland Family','Vacation',133,1),(42,'Key Family','Vacation',120,1),(43,'Hess Family','Vacation',146,1),(44,'Hart Family','Vacation',111,1),(45,'Harding Family','Vacation',164,1),(46,'Hancock Family','Vacation',173,1),(47,'Griffin Family','Vacation',134,1),(48,'Glover Family','Vacation',109,1),(49,'Gay Family','Vacation',161,1),(50,'Galloway Family','Vacation',108,1),(51,'Francis Family','Vacation',114,1),(52,'Flowers Family','Vacation',144,1),(53,'Flowers Family','Vacation',205,1),(54,'Flowers Family','Vacation',278,1),(55,'Flowers Family','Vacation',366,1),(57,'Ferguson Family','Vacation',110,1),(58,'Emerson Family','Vacation',136,1),(59,'Emerson Family','Vacation',251,1),(60,'Emerson Family','Vacation',286,1),(61,'Edwards Family','Vacation',184,1),(62,'Dotson Family','Vacation',175,1),(63,'Decker Family','Vacation',182,1),(64,'Craig Family','Vacation',190,1),(65,'Cote Family','Vacation',137,1),(66,'Cooley Family','Vacation',12,1),(67,'Cooley Family','Vacation',221,1),(68,'Collier Family','Vacation',140,1),(69,'Carpenter Family','Vacation',162,1),(71,'Cain Family','Vacation',187,1),(72,'Bryan Family','Vacation',127,1),(73,'Branch Family','Vacation',128,1),(74,'Black Family','Vacation',118,1),(75,'Black Family','Vacation',252,1),(76,'Bennett Family','Vacation',101,1),(78,'Bender Family','Vacation',132,1),(79,'Barrett Family','Vacation',147,1),(80,'Barrera Family','Vacation',196,1),(81,'Barrera Family','Vacation',287,1),(82,'Atkins Family','Vacation',143,1),(83,'Ashley Family','Vacation',105,1),(84,'Alvarez Family','Vacation',192,1),(86,'Sean\'s Team','Executive Directors',108,2),(87,'Wylie\'s Team','IT Managers',121,2),(88,'Griffin\'s Team','Executive Directors',283,2),(89,'Signe\'s Team','Quality Assurance Team',207,2),(90,'Adrienne\'s Team','Quality Assurance Team',250,2),(91,'Xander\'s Team','Sales Team',155,2),(92,'Micah\'s Team','IT Managers',103,2),(93,'Signe\'s Team','Quality Assurance Team',349,2),(94,'Claudia\'s Team','Executive Directors',232,2),(95,'Judith\'s Team','Sales Team',268,2),(96,'TaShya\'s Team','Remote Support Service Team',177,2),(97,'Carson\'s Team','IT Managers',113,2),(98,'Olympia\'s Team','Sales Team',315,2),(99,'Kaitlin\'s Team','Remote Support Service Team',322,2),(100,'Timothy\'s Team','Quality Assurance Team',227,2),(101,'Ashely\'s Team','IT Managers',365,2);
/*!40000 ALTER TABLE `passgroup` ENABLE KEYS */;
UNLOCK TABLES;

--
-- Table structure for table `passgroupmember`
--

DROP TABLE IF EXISTS `passgroupmember`;
/*!40101 SET @saved_cs_client     = @@character_set_client */;
/*!50503 SET character_set_client = utf8mb4 */;
CREATE TABLE `passgroupmember` (
  `GroupID` int unsigned NOT NULL,
  `PassID` int unsigned NOT NULL,
  PRIMARY KEY (`GroupID`,`PassID`)
) ENGINE=InnoDB DEFAULT CHARSET=utf8mb4 COLLATE=utf8mb4_0900_ai_ci;
/*!40101 SET character_set_client = @saved_cs_client */;

--
-- Dumping data for table `passgroupmember`
--

LOCK TABLES `passgroupmember` WRITE;
/*!40000 ALTER TABLE `passgroupmember` DISABLE KEYS */;
INSERT INTO `passgroupmember` VALUES (1,169),(1,314),(2,100),(2,217),(2,261),(4,195),(4,333),(6,194),(6,289),(8,183),(8,236),(9,117),(9,203),(9,214),(9,267),(9,273),(9,324),(11,126),(11,202),(11,262),(12,14),(12,224),(13,226),(13,304),(14,180),(14,317),(15,122),(15,209),(15,212),(15,269),(15,342),(15,363),(16,138),(16,244),(18,115),(18,235),(18,256),(20,102),(20,208),(20,295),(20,334),(20,347),(21,189),(21,330),(22,174),(22,277),(23,198),(23,279),(24,153),(24,232),(24,239),(25,107),(25,263),(25,315),(25,339),(25,354),(27,116),(27,210),(27,307),(27,344),(28,125),(28,318),(29,121),(29,227),(29,282),(30,157),(30,316),(31,188),(31,312),(32,135),(32,245),(32,321),(32,332),(33,170),(33,241),(33,250),(33,275),(33,297),(34,306),(34,345),(34,350),(34,368),(34,376),(35,176),(35,213),(35,238),(35,327),(36,113),(36,247),(36,274),(36,276),(36,305),(36,320),(37,11),(37,225),(37,242),(37,258),(38,260),(38,288),(38,302),(38,310),(38,325),(38,329),(39,106),(39,179),(39,272),(39,346),(39,358),(40,186),(40,280),(41,133),(41,229),(41,313),(41,365),(42,120),(42,292),(43,146),(43,284),(44,111),(44,222),(44,308),(44,337),(44,373),(45,164),(45,255),(46,173),(46,343),(46,374),(47,134),(47,223),(47,259),(48,109),(48,254),(48,268),(49,161),(49,240),(50,108),(50,230),(51,114),(51,150),(52,144),(52,152),(52,177),(52,204),(53,205),(53,215),(53,219),(53,248),(53,265),(54,278),(54,285),(54,296),(54,298),(54,299),(55,366),(55,367),(57,110),(57,290),(57,362),(58,136),(58,207),(58,211),(59,251),(59,264),(60,286),(60,300),(60,309),(60,331),(60,335),(60,364),(61,184),(61,233),(61,311),(62,175),(62,270),(63,182),(63,319),(64,190),(64,369),(65,137),(65,341),(66,12),(66,13),(66,218),(67,221),(67,323),(67,336),(67,340),(67,356),(68,140),(68,243),(68,291),(69,162),(69,231),(69,237),(69,257),(71,187),(71,352),(71,353),(71,355),(72,127),(72,283),(73,128),(73,338),(74,118),(74,129),(74,200),(75,252),(75,271),(75,281),(75,301),(75,357),(75,361),(76,101),(76,249),(78,132),(78,220),(79,147),(79,360),(80,196),(80,201),(80,228),(80,234),(81,287),(81,303),(81,322),(81,328),(82,143),(82,206),(82,216),(83,105),(83,351),(84,192),(84,246),(84,326),(86,108),(86,267),(87,111),(87,121),(87,122),(87,243),(88,179),(88,283),(89,115),(89,137),(89,206),(89,207),(90,162),(90,208),(90,250),(90,277),(91,123),(91,155),(91,205),(91,291),(92,103),(92,198),(92,292),(92,375),(93,171),(93,254),(93,290),(93,349),(93,366),(94,163),(94,204),(94,232),(94,238),(94,299),(95,11),(95,268),(95,373),(96,154),(96,177),(97,113),(97,119),(97,339),(98,167),(98,209),(98,230),(98,286),(98,306),(98,315),(99,170),(99,284),(99,322),(99,341),(100,153),(100,219),(100,224),(100,227),(100,278),(101,217),(101,365);
/*!40000 ALTER TABLE `passgroupmember` ENABLE KEYS */;
UNLOCK TABLES;

--
-- Table structure for table `passgrouptype`
--

DROP TABLE IF EXISTS `passgrouptype`;
/*!40101 SET @saved_cs_client     = @@character_set_client */;
/*!50503 SET character_set_client = utf8mb4 */;
CREATE TABLE `passgrouptype` (
  `GroupTypeID` tinyint unsigned NOT NULL,
  `Description` varchar(15) NOT NULL,
  PRIMARY KEY (`GroupTypeID`)
) ENGINE=InnoDB DEFAULT CHARSET=utf8mb4 COLLATE=utf8mb4_0900_ai_ci;
/*!40101 SET character_set_client = @saved_cs_client */;

--
-- Dumping data for table `passgrouptype`
--

LOCK TABLES `passgrouptype` WRITE;
/*!40000 ALTER TABLE `passgrouptype` DISABLE KEYS */;
INSERT INTO `passgrouptype` VALUES (1,'Family'),(2,'Business');
/*!40000 ALTER TABLE `passgrouptype` ENABLE KEYS */;
UNLOCK TABLES;

--
-- Table structure for table `remotepilot`
--

DROP TABLE IF EXISTS `remotepilot`;
/*!40101 SET @saved_cs_client     = @@character_set_client */;
/*!50503 SET character_set_client = utf8mb4 */;
CREATE TABLE `remotepilot` (
  `PilotID` int NOT NULL,
  `FirstName` varchar(25) DEFAULT NULL,
  `LastName` varchar(25) DEFAULT NULL,
  `Salary` decimal(8,2) DEFAULT NULL,
  PRIMARY KEY (`PilotID`)
) ENGINE=InnoDB DEFAULT CHARSET=utf8mb4 COLLATE=utf8mb4_0900_ai_ci;
/*!40101 SET character_set_client = @saved_cs_client */;

--
-- Dumping data for table `remotepilot`
--

LOCK TABLES `remotepilot` WRITE;
/*!40000 ALTER TABLE `remotepilot` DISABLE KEYS */;
INSERT INTO `remotepilot` VALUES (1,'Jon','Cooley',45321.61),(2,'Kyle','Lowenehagen',48519.78),(3,'Josh','Cooley',42065.44),(4,'Shawn','Creviston',50134.54),(5,'Eric','Wackwitz',54236.14),(6,'Cindy','Meyer',49348.32),(7,'Ruth','Carlson',51795.48),(8,'Tony','Zimmerman',46224.12),(9,'Logan','Blasko',48464.38),(11,'Brian','Gahoy',50846.24),(12,'Ying','Liao',49881.65),(13,'Martin','Akkus',52100.94);
/*!40000 ALTER TABLE `remotepilot` ENABLE KEYS */;
UNLOCK TABLES;
/*!40103 SET TIME_ZONE=@OLD_TIME_ZONE */;

/*!40101 SET SQL_MODE=@OLD_SQL_MODE */;
/*!40014 SET FOREIGN_KEY_CHECKS=@OLD_FOREIGN_KEY_CHECKS */;
/*!40014 SET UNIQUE_CHECKS=@OLD_UNIQUE_CHECKS */;
/*!40101 SET CHARACTER_SET_CLIENT=@OLD_CHARACTER_SET_CLIENT */;
/*!40101 SET CHARACTER_SET_RESULTS=@OLD_CHARACTER_SET_RESULTS */;
/*!40101 SET COLLATION_CONNECTION=@OLD_COLLATION_CONNECTION */;
/*!40111 SET SQL_NOTES=@OLD_SQL_NOTES */;

-- Dump completed on 2021-06-30 11:59:53
